filename,Numeric numbers,mean_r,mean_g,mean_b,median_r,median_g,median_b,mean_h,mean_s,mean_v,median_h,median_s,median_v,mean_gray,median_gray,contrast,energy,homogeneity,entropy,RI,CI,HI,SI,lab_L,lab_a,lab_b,luv_L,luv_u,luv_v,xyz_X,xyz_Y,xyz_Z,image_path,image_no,soc,moisture,soil_type,Mahalanobis_Distance
253.jpg,253,185.905971,158.1224091,108.9813656,193.0,164.0,114,19.14347497,112.1480389,185.905971,19,105,193.0,0.629346458,0.654573333,2145.10418,0.008891813,0.033888385,14.13172982,1.612191818,0.438467584,2.139398973,1.906512789,66.54146268,3.399292061,29.46956007,66.54146268,21.06020382,37.05873518,0.352346637,0.360281958,0.195567868,/Users/dharamkar.1/Library/CloudStorage/OneDrive-TheOhioStateUniversity/VSCode_image_processing_project/data/Step2_output/enhanced_sample_field/253.jpg,253,2.5,7.68,3,6.994630754302987
309.jpg,309,83.84845344,68.23616869,41.66316566,83.0,68.0,41,19.03814573,135.7319834,83.84845344,19,129,83.0,0.273089669,0.270967059,583.2956438,0.015337491,0.056164929,12.5107481,1.804628973,0.133434976,2.184344726,0.390725804,29.92583253,2.624325658,18.55511087,29.92583253,11.18420447,18.39179403,0.061361297,0.06205791,0.030330254,/Users/dharamkar.1/Library/CloudStorage/OneDrive-TheOhioStateUniversity/VSCode_image_processing_project/data/Step2_output/enhanced_sample_field/309.jpg,309,2.5,25.85,3,6.987008412601548
723.jpg,723,124.114497,115.9708426,99.71918846,124.0,116.0,99,20.17592076,55.48196349,124.1145568,20,50,124.0,0.456978921,0.456196471,1769.632988,0.008733933,0.033021149,14.07417859,1.87635347,0.251832664,2.021567995,0.637953717,49.12124134,0.226904951,10.12380442,49.12124134,5.83651363,13.05893266,0.168571923,0.176926972,0.145090423,/Users/dharamkar.1/Library/CloudStorage/OneDrive-TheOhioStateUniversity/VSCode_image_processing_project/data/Step2_output/enhanced_sample_field/723.jpg,723,2.51,21.72,2,5.604998042600631
481.jpg,481,130.5761918,105.313078,77.86425781,127.0,101.0,73,15.60024713,120.3850247,130.5762317,16,107,127.0,0.426284038,0.410378824,3753.741031,0.006585836,0.020391226,14.74588728,1.49991544,0.535278523,2.865018661,1.043295086,46.32156979,5.996675468,19.23392464,46.32156979,18.11234057,22.05434938,0.15748692,0.155074784,0.093438917,/Users/dharamkar.1/Library/CloudStorage/OneDrive-TheOhioStateUniversity/VSCode_image_processing_project/data/Step2_output/enhanced_sample_field/481.jpg,481,2.05,77.01,1,6.640721600456173
470.jpg,470,139.9026626,118.9717195,85.25424506,140.0,119.0,85,18.62456154,101.0669244,139.9026626,19,100,140.0,0.474464765,0.474002745,475.4036475,0.017458876,0.057029535,12.13594259,1.818601342,1.038129314,2.244453182,1.790290785,51.16887572,3.049919815,21.57419998,51.16887572,15.50360789,25.92343844,0.190424114,0.194146815,0.113892683,/Users/dharamkar.1/Library/CloudStorage/OneDrive-TheOhioStateUniversity/VSCode_image_processing_project/data/Step2_output/enhanced_sample_field/470.jpg,470,2.51,0.0,2,7.252272243387538
323.jpg,323,148.4399514,121.2030851,68.44752471,150.0,122.0,69,19.79167331,148.0795998,148.4399713,20,138,150.0,0.483087229,0.487627451,2067.143037,0.00789651,0.029973805,14.29748447,1.653402924,0.767090143,2.048686179,2.053119007,52.38138163,3.696919548,32.66206099,52.38138163,21.34232884,36.96289509,0.202124085,0.204851735,0.084285451,/Users/dharamkar.1/Library/CloudStorage/OneDrive-TheOhioStateUniversity/VSCode_image_processing_project/data/Step2_output/enhanced_sample_field/323.jpg,323,1.92,14.31,2,6.073029414759405
534.jpg,534,97.28310348,84.91878587,68.72464923,96.0,84.0,67,17.05305325,89.35088489,97.28310348,17,76,96.0,0.338739632,0.334887843,1737.887012,0.008320051,0.0302476,14.11256642,2.503980408,0.24906988,2.575733917,0.505502841,36.86971433,2.247895064,11.32851402,36.86971433,8.446342532,12.90055755,0.092677461,0.094677531,0.069231844,/Users/dharamkar.1/Library/CloudStorage/OneDrive-TheOhioStateUniversity/VSCode_image_processing_project/data/Step2_output/enhanced_sample_field/534.jpg,534,2.66,60.57,1,6.820649441775707
274.jpg,274,106.6364397,97.28587372,72.3119021,106.0,96.0,71,21.95912388,85.33946508,106.6364397,22,83,106.0,0.382244101,0.379119216,562.1675408,0.015430435,0.061537071,12.56725222,1.314758342,0.162052454,1.751259118,0.425176857,41.49754194,-0.528531342,15.62095815,41.49754194,7.138125105,18.62963596,0.115008724,0.121779411,0.079273532,/Users/dharamkar.1/Library/CloudStorage/OneDrive-TheOhioStateUniversity/VSCode_image_processing_project/data/Step2_output/enhanced_sample_field/274.jpg,274,2.29,0.0,2,7.164433117160871
12.jpg,12,155.5428292,139.7229153,116.8341837,160.0,143.0,120,17.75147481,73.89341518,155.5430684,18,64,160.0,0.554644586,0.568998431,2759.412436,0.006529826,0.025721331,14.78650092,1.610934959,0.331214571,2.398577467,0.876443863,58.95478401,2.161065447,14.41146271,58.95478401,11.16373759,18.7966095,0.261606418,0.269788916,0.206031298,/Users/dharamkar.1/Library/CloudStorage/OneDrive-TheOhioStateUniversity/VSCode_image_processing_project/data/Step2_output/enhanced_sample_field/12.jpg,12,5.34,86.86,1,6.993066488003525
277.jpg,277,120.0549665,106.2929887,73.51263552,120.0,106.0,73,21.15902025,103.087492,120.0549665,21,100,120.0,0.41903508,0.417456863,858.7703395,0.012809383,0.047001605,13.02078554,2.522946731,0.434550097,1.841303077,0.763710615,45.43354353,0.245056845,20.40151437,45.43354353,10.56647228,24.17760516,0.141574922,0.148539765,0.085123332,/Users/dharamkar.1/Library/CloudStorage/OneDrive-TheOhioStateUniversity/VSCode_image_processing_project/data/Step2_output/enhanced_sample_field/277.jpg,277,1.92,0.0,2,6.166218420122897
126.jpg,126,139.8386679,122.0569595,86.11810427,141.0,123.0,87,20.00462372,109.9255022,139.8386679,20,98,141.0,0.483311298,0.486653333,2127.348495,0.007158459,0.028821339,14.49823598,1.839764918,0.420091446,1.997540457,1.297058266,52.02784413,1.366310334,22.21779936,52.02784413,13.479766,27.08096871,0.194393354,0.201690831,0.116955951,/Users/dharamkar.1/Library/CloudStorage/OneDrive-TheOhioStateUniversity/VSCode_image_processing_project/data/Step2_output/enhanced_sample_field/126.jpg,126,6.72,1.03,1,5.071581577003584
45.jpg,45,161.6602559,147.4004305,114.5570592,162.0,148.0,115,20.98491311,76.28156888,161.6602559,21,74,162.0,0.580637789,0.582162745,983.6926049,0.01149932,0.0403211,13.24298883,1.832162469,0.451013663,1.871066216,1.743983518,61.5388869,0.036534144,19.33765306,61.5388869,10.80353738,25.44344629,0.283965478,0.298665267,0.20350709,/Users/dharamkar.1/Library/CloudStorage/OneDrive-TheOhioStateUniversity/VSCode_image_processing_project/data/Step2_output/enhanced_sample_field/45.jpg,45,3.11,0.0,1,6.339985553676894
696.jpg,696,156.0214445,127.0203484,95.72094228,158.0,129.0,97,15.63871173,103.7830835,156.0250518,16,99,158.0,0.51343684,0.520695686,1398.661475,0.009563625,0.036604654,13.82480658,1.702737791,0.931604858,2.890862019,1.914477992,55.16965397,6.631949753,21.23309726,55.16965397,20.89125854,25.50528242,0.234053863,0.23094608,0.142208054,/Users/dharamkar.1/Library/CloudStorage/OneDrive-TheOhioStateUniversity/VSCode_image_processing_project/data/Step2_output/enhanced_sample_field/696.jpg,696,1.75,39.6,1,7.058923909969429
645.jpg,645,115.1444117,95.9803691,67.13958865,115.0,96.0,67,17.98399633,112.3020169,115.1444117,18,106,115.0,0.38420905,0.383821569,952.8529188,0.011677238,0.04322891,13.27227276,1.592748404,0.508340609,2.333987149,0.787470759,41.8826801,3.3284233,19.36756509,41.8826801,13.98253505,21.87084365,0.122878746,0.124242999,0.070815264,/Users/dharamkar.1/Library/CloudStorage/OneDrive-TheOhioStateUniversity/VSCode_image_processing_project/data/Step2_output/enhanced_sample_field/645.jpg,645,2.77,3.96,2,3.1758289985457733
408.jpg,408,148.2289939,129.024713,96.71775351,151.0,131.0,97,18.50731425,112.7398358,148.2289939,19,90,151.0,0.5128482,0.520228235,5228.508889,0.00561688,0.021412187,15.18032621,1.603740542,0.34276114,2.335300658,1.016796845,54.95159388,2.339136492,20.23995702,54.95159388,14.15792236,25.19700626,0.222524697,0.228829758,0.144818658,/Users/dharamkar.1/Library/CloudStorage/OneDrive-TheOhioStateUniversity/VSCode_image_processing_project/data/Step2_output/enhanced_sample_field/408.jpg,408,1.27,13.6,1,4.929669878729517
579.jpg,579,88.61533402,81.11134805,65.24858498,89.0,82.0,66,20.60441247,72.50564015,88.61557318,21,67,89.0,0.319851921,0.322312549,526.1360106,0.014258406,0.059385523,12.73942226,2.275103999,0.082629161,1.962845878,0.208464859,34.78434635,0.17906519,10.46716549,34.78434635,5.323131414,12.05143013,0.079950173,0.083910369,0.062358967,/Users/dharamkar.1/Library/CloudStorage/OneDrive-TheOhioStateUniversity/VSCode_image_processing_project/data/Step2_output/enhanced_sample_field/579.jpg,579,2.66,37.0,1,7.385977433175909
23.jpg,23,149.6930604,133.3194754,90.38550303,151.0,135.0,92,21.86712771,102.7449976,149.6930604,22,100,151.0,0.524326756,0.52916549,517.9932735,0.015577512,0.056150619,12.46003892,1.220497247,0.740292677,1.764431968,2.554788608,56.15109758,-0.256593638,25.41573076,56.15109758,12.93439414,31.54245215,0.228148626,0.240632819,0.131992166,/Users/dharamkar.1/Library/CloudStorage/OneDrive-TheOhioStateUniversity/VSCode_image_processing_project/data/Step2_output/enhanced_sample_field/23.jpg,23,1.48,0.0,1,6.952802631282627
103.jpg,103,165.0045041,144.9208187,88.92562181,168.0,148.0,92,22.1491749,127.5933115,165.0045041,22,116,168.0,0.569220973,0.582326275,2642.350697,0.007265887,0.024945569,14.49627251,1.462851529,0.444325601,1.719392946,2.013245399,60.73542044,-0.32848976,32.39009411,60.73542044,16.24950699,39.68541103,0.274320004,0.289476733,0.135746199,/Users/dharamkar.1/Library/CloudStorage/OneDrive-TheOhioStateUniversity/VSCode_image_processing_project/data/Step2_output/enhanced_sample_field/103.jpg,103,1.18,3.91,1,6.566324320721829
360.jpg,360,136.4363839,125.5041454,86.28503667,137.0,126.0,87,23.377272,101.3103675,136.4363839,23,94,137.0,0.490194307,0.492242353,1537.038417,0.008646796,0.033341166,14.07900958,1.787965063,0.331182375,1.561003529,1.275254962,52.66728213,-2.027552715,22.90810822,52.66728213,9.05935816,28.57375013,0.193133741,0.207431929,0.118483697,/Users/dharamkar.1/Library/CloudStorage/OneDrive-TheOhioStateUniversity/VSCode_image_processing_project/data/Step2_output/enhanced_sample_field/360.jpg,360,2.5,27.6,3,7.375251626638711
28.jpg,28,153.7985292,139.0737404,112.0915378,154.0,140.0,113,19.6129823,69.90407765,153.7985292,20,69,154.0,0.550028789,0.553052157,339.387492,0.018800098,0.069928376,11.94103641,1.750271959,0.575721304,2.097414066,2.201644392,58.51755229,1.120355664,16.46758082,58.51755229,10.74261401,21.46389105,0.254610806,0.265095146,0.191272098,/Users/dharamkar.1/Library/CloudStorage/OneDrive-TheOhioStateUniversity/VSCode_image_processing_project/data/Step2_output/enhanced_sample_field/28.jpg,28,1.32,0.0,1,7.110749342606557
293.jpg,293,110.9156768,98.75878906,76.86375957,108.0,96.0,74,19.27391582,96.90908004,110.9156768,19,81,108.0,0.391229396,0.378874118,3028.037236,0.006863191,0.022535961,14.62064773,1.575635697,0.245904447,2.139353801,0.692602227,42.43959727,1.139365234,14.2439879,42.43959727,8.76367041,16.99208949,0.123187311,0.12786382,0.088130927,/Users/dharamkar.1/Library/CloudStorage/OneDrive-TheOhioStateUniversity/VSCode_image_processing_project/data/Step2_output/enhanced_sample_field/293.jpg,293,2.5,57.41,3,5.217337846173111
61.jpg,61,140.6910276,123.6332709,95.675283,142.0,124.0,96,18.65104831,88.1398876,140.6910276,19,81,142.0,0.49114617,0.494198824,1292.860426,0.008932083,0.036630783,13.96652374,1.561602153,0.540528522,2.226380314,1.354423456,52.72825931,2.092995383,17.7059432,52.72825931,12.41619085,22.06862103,0.201903186,0.207985025,0.139359337,/Users/dharamkar.1/Library/CloudStorage/OneDrive-TheOhioStateUniversity/VSCode_image_processing_project/data/Step2_output/enhanced_sample_field/61.jpg,61,3.11,58.85,1,5.2130887182476915
269.jpg,269,136.5585738,116.7372648,74.22933275,135.0,116.0,73,20.60104432,120.9175303,136.5585738,21,118,135.0,0.462292043,0.458271765,1045.181895,0.011746719,0.040932817,13.26880788,1.22947359,0.801526298,1.932995062,1.305660439,50.02659028,1.570044899,26.27425452,50.02659028,15.36246386,30.78574672,0.178192307,0.184409225,0.091381272,/Users/dharamkar.1/Library/CloudStorage/OneDrive-TheOhioStateUniversity/VSCode_image_processing_project/data/Step2_output/enhanced_sample_field/269.jpg,269,2.05,0.0,2,5.671193931717755
503.jpg,503,95.5516183,77.12356505,53.08137357,94.0,75.0,51,16.98120615,125.8756378,95.5516183,17,116,94.0,0.311004252,0.303715686,1276.155029,0.01004885,0.035480188,13.62513022,1.768613629,0.293398926,2.557811522,0.582259534,34.07811133,4.033158966,17.17186378,34.07811133,13.0357014,17.98303495,0.080840237,0.080458116,0.045042025,/Users/dharamkar.1/Library/CloudStorage/OneDrive-TheOhioStateUniversity/VSCode_image_processing_project/data/Step2_output/enhanced_sample_field/503.jpg,503,1.27,60.16,1,5.190656568543681
41.jpg,41,144.3629026,129.794025,91.50735411,146.0,131.0,93,21.842614,95.80610252,144.3629026,22,93,146.0,0.510311539,0.515198431,684.5396781,0.013352248,0.048612416,12.84977439,2.081617499,0.599703472,1.764390947,1.919228756,54.69690472,-0.40336381,22.78078864,54.69690472,11.42765258,28.48574924,0.214308747,0.226374358,0.132503736,/Users/dharamkar.1/Library/CloudStorage/OneDrive-TheOhioStateUniversity/VSCode_image_processing_project/data/Step2_output/enhanced_sample_field/41.jpg,41,1.18,0.0,1,5.373780086856641
631.jpg,631,161.8573621,139.6770169,103.6690649,163.0,140.0,103,18.76076212,97.1711376,161.8630222,18,93,163.0,0.556055557,0.558543137,1912.409453,0.00826327,0.030121716,14.15989714,1.833376993,0.591598708,2.22418273,1.736668191,59.27139595,2.953085565,22.35249204,59.27139595,16.39160322,28.08541165,0.266845254,0.273222174,0.16873128,/Users/dharamkar.1/Library/CloudStorage/OneDrive-TheOhioStateUniversity/VSCode_image_processing_project/data/Step2_output/enhanced_sample_field/631.jpg,631,1.59,1.41,1,5.340150233618093
353.jpg,353,125.8885922,100.0759726,57.29336735,126.0,100.0,57,18.66111288,149.2288146,125.8886519,19,140,126.0,0.401868739,0.401933333,1560.497418,0.00948217,0.034298979,13.85530032,1.387572261,0.730395531,2.222785731,1.156985332,44.02464281,4.692479556,28.020636,44.02464281,19.7459901,30.21926021,0.138986178,0.138552634,0.058505318,/Users/dharamkar.1/Library/CloudStorage/OneDrive-TheOhioStateUniversity/VSCode_image_processing_project/data/Step2_output/enhanced_sample_field/353.jpg,353,1.92,33.39,2,6.300239354018365
472.jpg,472,138.1796091,118.6332467,82.22224353,140.0,120.0,83,19.41433373,117.0639403,138.1801318,19,103,140.0,0.471222021,0.47709098,1029.544046,0.008027003,0.050897686,14.35906911,1.818953034,0.491663689,2.09032388,1.471969794,50.848882,2.125014248,22.85023616,50.848882,14.74238397,27.38832033,0.185960309,0.191385256,0.107393265,/Users/dharamkar.1/Library/CloudStorage/OneDrive-TheOhioStateUniversity/VSCode_image_processing_project/data/Step2_output/enhanced_sample_field/472.jpg,472,2.51,0.0,2,6.82143886826071
437.jpg,437,138.6828563,113.6582629,77.06188217,136.0,111.0,75,17.87523916,117.0514987,138.6828563,18,116,136.0,0.456225059,0.446521961,1070.898903,0.012426292,0.039862499,13.11459377,2.069351541,0.795243419,2.370765853,1.403742978,49.44391201,4.596598648,23.96403198,49.44391201,18.634293,27.77487734,0.179156106,0.179570002,0.095530052,/Users/dharamkar.1/Library/CloudStorage/OneDrive-TheOhioStateUniversity/VSCode_image_processing_project/data/Step2_output/enhanced_sample_field/437.jpg,437,2.07,0.0,1,5.849145204467449
295.jpg,295,103.0092674,95.99483817,77.75179369,99.0,92.0,74,21.87531888,73.79456314,103.0092674,22,65,99.0,0.377137572,0.362078824,1714.563,0.008284619,0.031447006,14.13100328,1.888462827,0.143970481,1.775961713,0.481011658,40.88952321,-0.498908241,11.45442964,40.88952321,5.228839417,13.97956996,0.111431454,0.117956781,0.088489023,/Users/dharamkar.1/Library/CloudStorage/OneDrive-TheOhioStateUniversity/VSCode_image_processing_project/data/Step2_output/enhanced_sample_field/295.jpg,295,2.5,57.41,3,6.043530819737086
520.jpg,520,101.0637556,88.97456952,68.45740992,100.0,88.0,68,18.93451052,88.43622449,101.0638353,19,83,100.0,0.353193076,0.350061176,899.7599896,0.011721043,0.046280034,13.26754787,1.611127395,0.204574149,2.179392031,0.434840547,38.43570181,1.419246593,13.70159494,38.43570181,8.59573978,15.78791764,0.100016796,0.103342154,0.07008587,/Users/dharamkar.1/Library/CloudStorage/OneDrive-TheOhioStateUniversity/VSCode_image_processing_project/data/Step2_output/enhanced_sample_field/520.jpg,520,2.77,50.91,2,4.318806350870946
710.jpg,710,119.5885882,107.5408761,90.13155692,121.0,109.0,91,17.83077567,67.97871492,119.5885882,17,62,121.0,0.426846286,0.431528235,1187.237688,0.01001101,0.037957816,13.66631313,2.279061974,0.388425399,2.397211534,0.72413014,46.08707008,1.705358988,11.48719367,46.08707008,8.386246348,14.18106205,0.148540229,0.153330845,0.118765803,/Users/dharamkar.1/Library/CloudStorage/OneDrive-TheOhioStateUniversity/VSCode_image_processing_project/data/Step2_output/enhanced_sample_field/710.jpg,710,1.59,29.25,1,6.078087948618822
474.jpg,474,125.9286312,102.2212213,60.8033522,125.0,101.0,60,18.98009008,135.1539381,125.9286312,19,133,125.0,0.40891301,0.405601961,610.024984,0.015303504,0.051927779,12.50150067,1.425180477,0.830914299,2.145817712,0.760217814,44.6772189,3.796867195,26.85247284,44.6772189,18.11066826,29.5473711,0.142043021,0.143120892,0.064002388,/Users/dharamkar.1/Library/CloudStorage/OneDrive-TheOhioStateUniversity/VSCode_image_processing_project/data/Step2_output/enhanced_sample_field/474.jpg,474,2.77,0.0,2,6.743570061328968
591.jpg,591,128.425582,110.5962014,85.99918288,130.0,112.0,87,17.48331872,88.35335619,128.4267379,17,85,130.0,0.441613724,0.445480392,933.1421965,0.012182834,0.046607976,13.26084077,1.328393731,0.671119918,2.466361967,1.110734423,47.72092972,3.056225281,16.31378815,47.72092972,12.7262635,19.65555058,0.162865206,0.165757178,0.111429414,/Users/dharamkar.1/Library/CloudStorage/OneDrive-TheOhioStateUniversity/VSCode_image_processing_project/data/Step2_output/enhanced_sample_field/591.jpg,591,1.27,26.02,1,5.445002617523323
383.jpg,383,144.4103157,125.8737046,103.7278579,147.0,127.0,104,16.04472258,92.73612883,144.4103157,16,74,147.0,0.502807917,0.508730588,4328.965907,0.005760824,0.024910343,15.12142395,1.592688827,0.327724352,2.896304448,0.762018593,53.86794148,3.51084,14.69067349,53.86794148,12.95625729,18.41461735,0.215030145,0.218504244,0.161054755,/Users/dharamkar.1/Library/CloudStorage/OneDrive-TheOhioStateUniversity/VSCode_image_processing_project/data/Step2_output/enhanced_sample_field/383.jpg,383,2.66,19.2,1,5.678842568746231
529.jpg,529,135.3193692,113.4082353,83.43050564,136.0,114.0,84,17.21497373,115.1788929,135.3229392,17,98,136.0,0.4545214,0.457460392,1224.911254,0.00697306,0.041252817,14.60616691,1.731694607,0.54450507,2.524961558,1.209473983,49.14366508,4.047282651,19.84629959,49.14366508,15.92722165,23.54538327,0.175722144,0.177109803,0.107616236,/Users/dharamkar.1/Library/CloudStorage/OneDrive-TheOhioStateUniversity/VSCode_image_processing_project/data/Step2_output/enhanced_sample_field/529.jpg,529,1.75,63.76,1,7.007433186303231
356.jpg,356,141.9714605,132.4498565,103.0150072,144.0,135.0,105,22.71871014,78.40407765,141.976981,23,69,144.0,0.519023313,0.528146667,2337.059978,0.007469556,0.027674827,14.46165369,2.200420097,0.260973729,1.696653728,1.048416163,55.4343067,-1.322709654,17.21618699,55.4343067,7.539949761,22.46817637,0.219116935,0.233532073,0.161856012,/Users/dharamkar.1/Library/CloudStorage/OneDrive-TheOhioStateUniversity/VSCode_image_processing_project/data/Step2_output/enhanced_sample_field/356.jpg,356,1.92,33.39,2,6.4492214222973105
652.jpg,652,174.2719428,142.9546795,95.16677296,179.0,148.0,99,18.06455277,123.1615912,174.2725008,18,114,179.0,0.573192509,0.591247059,2205.190283,0.008122685,0.030077603,14.2445666,1.952628586,0.673919369,2.321021401,2.228292193,61.2134759,5.353269077,29.81739171,61.2134759,23.67930544,36.01419588,0.294058366,0.294920759,0.150068048,/Users/dharamkar.1/Library/CloudStorage/OneDrive-TheOhioStateUniversity/VSCode_image_processing_project/data/Step2_output/enhanced_sample_field/652.jpg,652,2.05,2.19,1,6.913363244858263
590.jpg,590,96.77387596,80.25699538,57.90525351,98.0,81.0,59,17.21376754,108.6651188,96.77387596,17,103,98.0,0.322177537,0.326426667,616.6484025,0.014451595,0.057094935,12.76459053,1.672375646,0.170807222,2.49660964,0.365163994,35.22016859,3.297517018,15.74693872,35.22016859,11.62484796,16.99349265,0.085546731,0.086089274,0.052002987,/Users/dharamkar.1/Library/CloudStorage/OneDrive-TheOhioStateUniversity/VSCode_image_processing_project/data/Step2_output/enhanced_sample_field/590.jpg,590,1.27,26.02,1,5.877394724534199
58.jpg,58,130.0918766,115.9597616,92.07089047,129.0,115.0,91,18.88813377,84.3511639,130.0918766,19,75,129.0,0.459766465,0.456977255,1920.873999,0.007400669,0.030316488,14.42854317,1.612676666,0.340840508,2.193797369,0.89256295,49.50715156,1.523324987,15.2289042,49.50715156,10.19973566,18.9324249,0.17395654,0.18009107,0.1269833,/Users/dharamkar.1/Library/CloudStorage/OneDrive-TheOhioStateUniversity/VSCode_image_processing_project/data/Step2_output/enhanced_sample_field/58.jpg,58,6.72,53.32,1,5.920446831684009
180.jpg,180,152.0955238,130.3940729,80.04842953,154.0,132.0,82,21.05600287,126.2144252,152.0955238,21,119,154.0,0.515198864,0.522676471,1131.237828,0.010241087,0.037863028,13.58435115,1.839027747,0.690541194,1.863620304,2.347452293,55.41666934,1.254168266,30.21534125,55.41666934,17.1291386,35.96683358,0.224522913,0.233359136,0.109182614,/Users/dharamkar.1/Library/CloudStorage/OneDrive-TheOhioStateUniversity/VSCode_image_processing_project/data/Step2_output/enhanced_sample_field/180.jpg,180,1.18,3.23,1,4.342566396496695
275.jpg,275,137.589784,114.3553691,67.94114716,136.0,113.0,66,20.05536511,138.0539501,137.589784,20,132,136.0,0.454691046,0.448181569,1932.1247,0.008977587,0.030939382,13.98742031,2.247404809,0.671053025,2.004962522,1.422220974,49.37566151,2.727582323,28.98235688,49.37566151,18.06077452,32.97339481,0.175131094,0.179008775,0.079906165,/Users/dharamkar.1/Library/CloudStorage/OneDrive-TheOhioStateUniversity/VSCode_image_processing_project/data/Step2_output/enhanced_sample_field/275.jpg,275,1.92,0.0,2,5.513926054757524
190.jpg,190,144.5935706,126.2952607,85.88572226,147.0,129.0,88,20.66470026,115.7867706,144.5935706,21,103,147.0,0.499098525,0.509557647,2329.194607,0.007121695,0.027249907,14.53766986,1.620862541,0.462667025,1.920665128,1.427024004,53.65488011,0.974048219,24.57430645,53.65488011,14.12028854,29.9441138,0.207796944,0.216511356,0.118619837,/Users/dharamkar.1/Library/CloudStorage/OneDrive-TheOhioStateUniversity/VSCode_image_processing_project/data/Step2_output/enhanced_sample_field/190.jpg,190,2.12,0.85,1,3.320967448128189
51.jpg,51,123.261639,106.8098693,75.73136559,122.0,106.0,75,19.60742188,105.7545839,123.261639,20,99,122.0,0.423784746,0.419406275,1187.733484,0.009728722,0.036586852,13.72347387,1.68526227,0.464837604,2.060690538,1.016479046,45.94048881,1.641100559,19.83771306,45.94048881,12.27455395,23.4325755,0.147391477,0.152247411,0.089489534,/Users/dharamkar.1/Library/CloudStorage/OneDrive-TheOhioStateUniversity/VSCode_image_processing_project/data/Step2_output/enhanced_sample_field/51.jpg,51,1.32,48.55,1,3.7295549394634087
151.jpg,151,134.1554129,111.1959303,75.47205835,132.0,109.0,73,18.14614557,128.2211217,134.1554129,18,114,132.0,0.445094624,0.435322745,2433.297986,0.006778893,0.028051365,14.66970901,1.702167628,0.497522814,2.326239258,1.27332806,48.27027148,3.84809049,23.25571704,48.27027148,17.11774858,26.9648479,0.168487709,0.170081249,0.091351225,/Users/dharamkar.1/Library/CloudStorage/OneDrive-TheOhioStateUniversity/VSCode_image_processing_project/data/Step2_output/enhanced_sample_field/151.jpg,151,6.72,25.64,1,5.8968611866854905
365.jpg,365,155.7442004,128.8817363,84.90403779,161.0,132.0,85,18.22869499,136.0665059,155.7442004,18,118,161.0,0.515369482,0.528029804,4556.483064,0.005868141,0.025956975,15.06899343,1.448605261,0.461971589,2.402265488,1.376290629,55.44872147,4.204246887,27.66222205,55.44872147,20.37160308,32.84547591,0.231320375,0.233673475,0.118638146,/Users/dharamkar.1/Library/CloudStorage/OneDrive-TheOhioStateUniversity/VSCode_image_processing_project/data/Step2_output/enhanced_sample_field/365.jpg,365,2.07,17.5,1,6.642200760720067
307.jpg,307,100.9974091,85.21992586,54.41701212,101.0,85.0,54,19.79077647,127.2992068,100.9977081,20,119,101.0,0.338634318,0.337068235,946.1805333,0.011710036,0.045419836,13.31890651,1.700166222,0.253144919,2.034428584,0.557262246,37.05742398,1.773920592,20.3523744,37.05742398,11.75560437,22.02103484,0.093082918,0.09568955,0.048972717,/Users/dharamkar.1/Library/CloudStorage/OneDrive-TheOhioStateUniversity/VSCode_image_processing_project/data/Step2_output/enhanced_sample_field/307.jpg,307,1.92,28.31,2,5.7006720586312944
44.jpg,44,138.2390784,122.5823103,89.05510603,139.0,123.0,90,20.32513552,92.84811464,138.2390784,20,90,139.0,0.484282596,0.486072941,625.5081678,0.014409124,0.049845237,12.6241574,1.608397841,0.672724991,1.936160362,1.555403349,52.07280765,0.759866681,20.57595311,52.07280765,11.86956953,25.43064886,0.19357763,0.202091023,0.123416844,/Users/dharamkar.1/Library/CloudStorage/OneDrive-TheOhioStateUniversity/VSCode_image_processing_project/data/Step2_output/enhanced_sample_field/44.jpg,44,3.11,0.0,1,5.213636422139081
97.jpg,97,157.8844467,142.6561304,101.4842554,160.0,145.0,104,21.97050383,97.49057318,157.8844467,22,90,160.0,0.560484923,0.570100392,1678.68716,0.008187089,0.030228298,14.15149804,1.702486441,0.380015542,1.743809911,1.512366703,59.66152003,-0.632112508,24.02142588,59.66152003,12.00786055,30.71189697,0.262217626,0.27749248,0.164080057,/Users/dharamkar.1/Library/CloudStorage/OneDrive-TheOhioStateUniversity/VSCode_image_processing_project/data/Step2_output/enhanced_sample_field/97.jpg,97,1.49,2.79,1,4.813063420026614
47.jpg,47,149.6291853,126.8057239,85.96436543,151.0,128.0,87,19.15023119,115.5952647,149.6291853,19,108,151.0,0.504749206,0.509553725,1541.709741,0.008737454,0.033412655,14.01263731,1.638923608,0.672643896,2.121372004,1.794961846,54.29109522,2.861087521,25.45449797,54.29109522,17.29596018,30.61543325,0.217525926,0.222498436,0.119429098,/Users/dharamkar.1/Library/CloudStorage/OneDrive-TheOhioStateUniversity/VSCode_image_processing_project/data/Step2_output/enhanced_sample_field/47.jpg,47,1.38,46.78,1,3.8448781161215235
6.jpg,6,162.9836177,142.3091119,99.47112165,163.0,143.0,100,20.2496014,102.0948461,162.9836177,20,99,163.0,0.563191472,0.564421961,811.3686339,0.011313879,0.044731175,13.30445934,1.655234064,0.658256742,1.965774136,2.193528626,60.00954324,1.442081998,25.68159375,60.00954324,15.82543867,32.19006209,0.270951146,0.281339299,0.159225604,/Users/dharamkar.1/Library/CloudStorage/OneDrive-TheOhioStateUniversity/VSCode_image_processing_project/data/Step2_output/enhanced_sample_field/6.jpg,6,1.22,13.5,1,4.870310878380805
266.jpg,266,165.0561424,142.7078284,96.32720823,175.0,151.0,102,20.22666215,124.9063098,165.0563616,20,106,175.0,0.565148245,0.597967059,4050.63543,0.006078528,0.026972626,14.98335925,1.587949625,0.38158381,2.00967526,1.422417432,60.26133281,1.724420899,27.77589065,60.26133281,17.22560098,34.42813269,0.274343489,0.284144468,0.151817388,/Users/dharamkar.1/Library/CloudStorage/OneDrive-TheOhioStateUniversity/VSCode_image_processing_project/data/Step2_output/enhanced_sample_field/266.jpg,266,2.5,7.68,3,4.361507347912864
480.jpg,480,110.0531928,90.32633131,66.63195552,107.0,87.0,63,16.33842873,117.5130341,110.0531928,17,104,107.0,0.36396049,0.351057255,2469.992233,0.007603338,0.02583741,14.35761471,1.54737893,0.371627925,2.705617988,0.786887359,39.72708747,4.364643115,16.71129621,39.72708747,13.96582904,18.60202498,0.111230836,0.110872814,0.068051454,/Users/dharamkar.1/Library/CloudStorage/OneDrive-TheOhioStateUniversity/VSCode_image_processing_project/data/Step2_output/enhanced_sample_field/480.jpg,480,2.05,77.01,1,5.224826571780541
495.jpg,495,125.5523956,112.5250917,92.58378508,124.0,111.0,92,18.27070711,76.99447943,125.5537309,18,68,124.0,0.446492649,0.441920392,2274.164278,0.007372877,0.027238649,14.47158852,1.76983367,0.321074135,2.315143805,0.746220324,48.12070892,1.681650008,12.94855456,48.12070892,9.199675428,16.10176349,0.163479302,0.168896628,0.126554669,/Users/dharamkar.1/Library/CloudStorage/OneDrive-TheOhioStateUniversity/VSCode_image_processing_project/data/Step2_output/enhanced_sample_field/495.jpg,495,2.66,65.56,1,4.427081657594784
11.jpg,11,150.7805724,139.4445751,123.9989636,155.0,144.0,128,17.41107302,54.15603077,150.7835021,17,45,155.0,0.551920964,0.569661176,2661.37504,0.006606736,0.027828595,14.77236308,2.054358135,0.269885757,2.541745334,0.604913626,58.61001589,1.544412824,9.790854304,58.61001589,7.764245388,13.02560627,0.256565216,0.266083185,0.228473536,/Users/dharamkar.1/Library/CloudStorage/OneDrive-TheOhioStateUniversity/VSCode_image_processing_project/data/Step2_output/enhanced_sample_field/11.jpg,11,4.43,69.63,1,6.841252757976488
684.jpg,684,128.7547632,105.9455716,70.76136001,132.0,109.0,73,18.12629544,126.3526985,128.7547632,18,114,132.0,0.424532326,0.436706667,1592.932475,0.008558116,0.034115473,14.07194191,1.669150608,0.667796262,2.319685124,1.484806482,46.17383018,3.967933375,23.13058819,46.17383018,16.99673201,26.37365468,0.152945498,0.153974535,0.080858585,/Users/dharamkar.1/Library/CloudStorage/OneDrive-TheOhioStateUniversity/VSCode_image_processing_project/data/Step2_output/enhanced_sample_field/684.jpg,684,2.77,5.18,2,4.187636098716944
694.jpg,694,145.9784957,122.2623565,93.08244978,152.0,128.0,98,16.50546078,104.6664142,145.978695,17,91,152.0,0.490973195,0.512339608,2708.36475,0.007047789,0.02503694,14.5954644,1.634415629,0.566792523,2.683221005,1.36710463,52.82373398,4.759673226,19.41117319,52.82373398,17.05797845,23.50109157,0.208217564,0.208853004,0.133066084,/Users/dharamkar.1/Library/CloudStorage/OneDrive-TheOhioStateUniversity/VSCode_image_processing_project/data/Step2_output/enhanced_sample_field/694.jpg,694,2.05,27.75,1,4.406563726680269
698.jpg,698,141.8853237,131.9861886,113.0349171,145.0,135.0,116,19.85728237,56.25283004,141.900012,19,51,145.0,0.520483797,0.53379451,1621.206738,0.008915376,0.0341118,14.00929383,1.878007408,0.318873623,2.069506656,0.947219407,55.51552154,0.437826339,11.59280494,55.51552154,7.109504623,15.32233437,0.223673529,0.234329498,0.189733548,/Users/dharamkar.1/Library/CloudStorage/OneDrive-TheOhioStateUniversity/VSCode_image_processing_project/data/Step2_output/enhanced_sample_field/698.jpg,698,1.75,39.6,1,5.505672711804362
535.jpg,535,116.4238879,101.6956114,84.40294165,115.0,100.0,83,16.34972895,81.48413584,116.4248246,17,71,115.0,0.406190466,0.399284706,2193.504404,0.00769039,0.027505148,14.33885958,2.682805771,0.346666588,2.753211911,0.647659004,43.99104582,2.914595191,11.94652562,43.99104582,10.11391919,14.29426183,0.135964956,0.138320112,0.104216973,/Users/dharamkar.1/Library/CloudStorage/OneDrive-TheOhioStateUniversity/VSCode_image_processing_project/data/Step2_output/enhanced_sample_field/535.jpg,535,2.66,60.57,1,7.001453720454422
18.jpg,18,170.7757494,150.2959782,115.7334582,178.0,157.0,121,18.83529974,89.69102758,170.7757494,19,81,178.0,0.596690086,0.622992549,2096.058977,0.007556493,0.030935187,14.44932319,1.826070843,0.38890096,2.192159327,1.33586119,63.17385386,2.301060469,21.04492444,63.17385386,15.04517697,27.22835647,0.308365141,0.317959194,0.209500065,/Users/dharamkar.1/Library/CloudStorage/OneDrive-TheOhioStateUniversity/VSCode_image_processing_project/data/Step2_output/enhanced_sample_field/18.jpg,18,1.31,34.31,1,5.391099186365886
290.jpg,290,123.6392498,105.9083825,74.82334184,119.0,101.0,69,19.03784678,122.6303611,123.6396684,19,106,119.0,0.42131357,0.403169412,3487.221352,0.006397746,0.021174304,14.82055006,1.711810326,0.36629247,2.187069051,0.998984775,45.70760962,2.217608013,20.06563742,45.70760962,13.15079339,23.51925523,0.146689263,0.150536635,0.087560234,/Users/dharamkar.1/Library/CloudStorage/OneDrive-TheOhioStateUniversity/VSCode_image_processing_project/data/Step2_output/enhanced_sample_field/290.jpg,290,1.92,45.85,2,5.100490884612895
343.jpg,343,167.1111288,142.0786631,88.79980469,170.0,145.0,91,20.56849888,126.1214525,167.1111288,21,118,170.0,0.56296728,0.573627059,1739.866352,0.008455744,0.031809089,14.10450582,1.625302397,0.607293029,1.9420856,2.444286312,60.17341196,2.126345588,31.79027198,60.17341196,19.58957845,38.45741661,0.274400669,0.28316284,0.134247079,/Users/dharamkar.1/Library/CloudStorage/OneDrive-TheOhioStateUniversity/VSCode_image_processing_project/data/Step2_output/enhanced_sample_field/343.jpg,343,2.5,1.76,3,3.950599202997596
523.jpg,523,140.1772561,113.130102,80.59331154,142.0,115.0,82,16.3969029,119.4102958,140.1772561,16,108,142.0,0.456987136,0.46275098,2268.295524,0.007699413,0.026762507,14.3509491,1.759035612,0.752495968,2.679138963,1.612643925,49.51928634,5.966315594,22.07144472,49.51928634,19.7527782,25.58864857,0.182351948,0.180191171,0.10220194,/Users/dharamkar.1/Library/CloudStorage/OneDrive-TheOhioStateUniversity/VSCode_image_processing_project/data/Step2_output/enhanced_sample_field/523.jpg,523,2.07,61.42,1,6.23796437527593
705.jpg,705,91.2027264,71.01508689,43.21035953,92.0,72.0,44,17.27469308,143.0417132,91.2027264,17,134,92.0,0.287451919,0.291653333,720.7200512,0.013428099,0.04781661,12.86518124,1.865890989,0.213835398,2.472299984,0.437748641,31.62235689,4.601043265,19.93770808,31.62235689,14.4830159,19.69204885,0.070287547,0.069192447,0.03270458,/Users/dharamkar.1/Library/CloudStorage/OneDrive-TheOhioStateUniversity/VSCode_image_processing_project/data/Step2_output/enhanced_sample_field/705.jpg,705,1.59,29.25,1,7.380574883461115
479.jpg,479,123.4746492,105.1321349,70.7383809,123.0,105.0,70,19.52455357,111.5287588,123.4746492,19,109,123.0,0.417843645,0.416585882,561.7278587,0.015500829,0.052262129,12.4393705,1.639841654,0.521914623,2.069428804,0.727646137,45.39822713,2.09160078,22.03038968,45.39822713,13.80885718,25.47480545,0.144307399,0.148283738,0.080176498,/Users/dharamkar.1/Library/CloudStorage/OneDrive-TheOhioStateUniversity/VSCode_image_processing_project/data/Step2_output/enhanced_sample_field/479.jpg,479,2.77,0.0,2,6.621365537499986
641.jpg,641,149.5715681,130.4421835,103.0601483,151.0,131.0,103,17.64209981,82.84470663,149.5766103,17,81,151.0,0.519736992,0.522758039,1177.105341,0.010398756,0.038676193,13.59179952,1.775483329,0.669107544,2.397719066,1.757767961,55.59171379,2.956070453,17.52055908,55.59171379,13.73264269,22.04853816,0.229918656,0.235079257,0.161704905,/Users/dharamkar.1/Library/CloudStorage/OneDrive-TheOhioStateUniversity/VSCode_image_processing_project/data/Step2_output/enhanced_sample_field/641.jpg,641,2.51,1.33,2,5.458841693425794
158.jpg,158,137.7577129,118.6651786,85.92946827,138.0,119.0,86,18.90120775,107.084383,137.7577129,19,97,138.0,0.472008225,0.472871765,2059.624359,0.007436284,0.028817769,14.44716014,1.804273632,0.497543769,2.179365123,1.36123476,50.88346869,2.388129765,20.7700067,50.88346869,14.1651201,25.13962936,0.186753658,0.19168247,0.115028104,/Users/dharamkar.1/Library/CloudStorage/OneDrive-TheOhioStateUniversity/VSCode_image_processing_project/data/Step2_output/enhanced_sample_field/158.jpg,158,3.11,23.27,1,2.6334628109557414
219.jpg,219,156.8299984,138.7041813,105.8496692,163.0,144.0,109,19.27814094,100.6278101,156.8305564,19,83,163.0,0.549753361,0.569515294,3348.44769,0.006129396,0.029404361,14.96703421,1.709696829,0.336388267,2.151312512,1.053060573,58.57333243,1.696935437,20.10930094,58.57333243,13.41417617,25.66819705,0.256551887,0.265690903,0.173677628,/Users/dharamkar.1/Library/CloudStorage/OneDrive-TheOhioStateUniversity/VSCode_image_processing_project/data/Step2_output/enhanced_sample_field/219.jpg,219,2.29,13.35,2,4.130569244792194
321.jpg,321,108.2202049,87.31572864,52.23469388,106.0,86.0,50,18.74912309,142.4910515,108.2202049,19,135,106.0,0.349916028,0.343325686,1276.40611,0.010245059,0.036718372,13.6103936,1.86868355,0.384105172,2.203524921,0.799176741,38.41113648,3.620930713,23.52193384,38.41113648,15.65056208,24.87872119,0.102704486,0.103202311,0.047266951,/Users/dharamkar.1/Library/CloudStorage/OneDrive-TheOhioStateUniversity/VSCode_image_processing_project/data/Step2_output/enhanced_sample_field/321.jpg,321,1.92,14.31,2,6.098155920388834
497.jpg,497,110.419603,101.9396126,87.32108976,110.0,101.0,87,19.1724729,61.28828524,110.419603,19,53,110.0,0.40269653,0.401041569,1726.105982,0.008429719,0.032592147,14.12579995,1.836068603,0.203559601,2.180465297,0.486188823,43.54610639,0.696231787,9.485814101,43.54610639,5.924746236,11.76594074,0.12961462,0.135265219,0.1101125,/Users/dharamkar.1/Library/CloudStorage/OneDrive-TheOhioStateUniversity/VSCode_image_processing_project/data/Step2_output/enhanced_sample_field/497.jpg,497,2.66,65.56,1,5.394452269575915
143.jpg,143,154.6189214,129.4449936,81.40583147,155.0,130.0,82,19.76558514,129.0719667,154.6189214,20,121,155.0,0.515022862,0.516797647,1931.461103,0.008076235,0.028513916,14.22376804,2.12708749,0.674189688,2.049900773,1.94440503,55.43132484,3.026457398,29.54423996,55.43132484,19.45196136,34.95649601,0.228546614,0.233502829,0.111655879,/Users/dharamkar.1/Library/CloudStorage/OneDrive-TheOhioStateUniversity/VSCode_image_processing_project/data/Step2_output/enhanced_sample_field/143.jpg,143,1.32,1.81,1,3.8935363052794543
508.jpg,508,109.1168088,94.28366151,71.82023278,108.0,93.0,71,18.07292331,96.07308275,109.1168088,18,88,108.0,0.375749381,0.370955686,1425.66682,0.009411503,0.03330653,13.81598479,1.567955051,0.314367553,2.327048698,0.677667634,40.86519054,2.283750172,15.10167273,40.86519054,10.5612407,17.48819832,0.115129626,0.11780549,0.077658647,/Users/dharamkar.1/Library/CloudStorage/OneDrive-TheOhioStateUniversity/VSCode_image_processing_project/data/Step2_output/enhanced_sample_field/508.jpg,508,1.27,60.16,1,3.5327347014548742
566.jpg,566,137.1435547,115.1394093,88.3420161,139.0,117.0,90,16.50281011,96.3885523,137.1443718,16,91,139.0,0.462287051,0.468942353,1327.842969,0.009792683,0.036235619,13.73570349,1.523846133,0.734240338,2.65107304,1.438612738,49.8997439,4.470837719,18.04807205,49.8997439,15.72812302,21.62282334,0.182626062,0.183348437,0.118813151,/Users/dharamkar.1/Library/CloudStorage/OneDrive-TheOhioStateUniversity/VSCode_image_processing_project/data/Step2_output/enhanced_sample_field/566.jpg,566,2.05,33.5,1,4.779973652974046
200.jpg,200,124.3194356,111.4128468,84.44965721,124.0,111.0,84,20.38787468,93.10245934,124.3194356,20,82,124.0,0.440044906,0.439326667,1938.503183,0.007568734,0.029154838,14.35035569,1.735880073,0.312692095,1.964248644,0.969853529,47.51534056,0.602663669,16.87495398,47.51534056,9.609506829,20.6964435,0.157059879,0.164157952,0.10818945,/Users/dharamkar.1/Library/CloudStorage/OneDrive-TheOhioStateUniversity/VSCode_image_processing_project/data/Step2_output/enhanced_sample_field/200.jpg,200,6.72,0.99,1,5.665833436050971
440.jpg,440,143.8972218,120.6341478,79.08902663,142.0,118.0,77,19.09903141,121.8092714,143.8972218,19,117,142.0,0.480714305,0.471985882,1961.61411,0.008974317,0.028971934,13.9629333,1.404403711,0.778530179,2.123002626,1.511491815,51.91943709,3.102746576,26.12364855,51.91943709,17.70219348,30.75959506,0.196916676,0.200728143,0.102492272,/Users/dharamkar.1/Library/CloudStorage/OneDrive-TheOhioStateUniversity/VSCode_image_processing_project/data/Step2_output/enhanced_sample_field/440.jpg,440,2.07,0.0,1,4.440371038211602
298.jpg,298,96.83484136,85.39413265,59.89391342,97.0,85.0,60,20.93508849,104.5763114,96.83484136,21,98,97.0,0.337202814,0.336845098,725.0122918,0.012911527,0.050440522,13.0225553,1.460716458,0.145611837,1.902083381,0.394401084,36.77510971,0.457521421,16.60385678,36.77510971,8.488295482,18.6276029,0.090047093,0.094170194,0.056023945,/Users/dharamkar.1/Library/CloudStorage/OneDrive-TheOhioStateUniversity/VSCode_image_processing_project/data/Step2_output/enhanced_sample_field/298.jpg,298,2.05,27.86,2,6.570651668334307
56.jpg,56,142.8477958,125.8485332,91.68859614,145.0,128.0,94,19.9256816,97.36595185,142.8477958,20,90,145.0,0.498031157,0.506781961,1255.451874,0.009505851,0.037202679,13.80573605,1.884649942,0.518030532,1.99800021,1.582728675,53.46776555,1.207205546,21.0171687,53.46776555,12.80861815,26.05162056,0.206612543,0.214771189,0.131082668,/Users/dharamkar.1/Library/CloudStorage/OneDrive-TheOhioStateUniversity/VSCode_image_processing_project/data/Step2_output/enhanced_sample_field/56.jpg,56,1.49,39.76,1,3.4767049131227714
541.jpg,541,122.5668447,102.7598453,74.08227041,122.0,102.0,73,17.70990115,110.6365792,122.5675423,17,102,122.0,0.411377175,0.408734902,1834.944106,0.008784731,0.030996706,14.01560061,1.636319158,0.553418387,2.387558889,0.996643734,44.69973751,3.498435929,19.14301444,44.69973751,14.40806579,22.1436843,0.14171987,0.143280296,0.085103377,/Users/dharamkar.1/Library/CloudStorage/OneDrive-TheOhioStateUniversity/VSCode_image_processing_project/data/Step2_output/enhanced_sample_field/541.jpg,541,1.59,45.07,1,3.4861801076286465
651.jpg,651,145.2138672,118.6754026,81.52800143,148.0,121.0,84,17.4405692,120.3439892,145.2138672,17,110,148.0,0.477005877,0.487366667,1676.966067,0.008752498,0.033884366,14.03822307,1.669842033,0.748837767,2.444214483,1.895623367,51.56336466,5.072379693,24.31432748,51.56336466,19.71552898,28.46659636,0.197786206,0.19758767,0.106585635,/Users/dharamkar.1/Library/CloudStorage/OneDrive-TheOhioStateUniversity/VSCode_image_processing_project/data/Step2_output/enhanced_sample_field/651.jpg,651,2.05,2.19,1,4.8492013981034745
681.jpg,681,124.6907685,109.368463,82.20589525,127.0,111.0,84,19.25530134,94.08113441,124.6908084,19,86,127.0,0.433984438,0.442109412,1259.318926,0.009599294,0.036219727,13.77324768,1.465635274,0.496871593,2.141564389,1.098640744,46.92945815,1.637189355,17.40192392,46.92945815,11.2321095,21.0016409,0.154513594,0.159657016,0.102892648,/Users/dharamkar.1/Library/CloudStorage/OneDrive-TheOhioStateUniversity/VSCode_image_processing_project/data/Step2_output/enhanced_sample_field/681.jpg,681,2.51,2.77,2,3.4730346754768218
20.jpg,20,141.3242188,125.0547473,84.01110092,142.0,126.0,85,21.63020169,107.4753069,141.3242188,22,103,142.0,0.492363777,0.495590588,1087.890695,0.011176794,0.039270293,13.35948335,1.429489017,0.648100168,1.796224124,1.67808977,52.96410673,0.043158529,24.66506552,52.96410673,12.77337398,30.08418771,0.199812632,0.210133541,0.113908494,/Users/dharamkar.1/Library/CloudStorage/OneDrive-TheOhioStateUniversity/VSCode_image_processing_project/data/Step2_output/enhanced_sample_field/20.jpg,20,1.38,0.0,1,4.241886072034254
522.jpg,522,116.4559152,92.05885284,63.21177455,118.0,94.0,64,16.18072385,129.5126355,116.4559152,16,117,118.0,0.373189624,0.380174902,1707.15659,0.008637266,0.031937657,14.03725143,1.571860719,0.643982884,2.762641025,1.041917205,40.84940441,5.784811822,20.36598306,40.84940441,17.66658165,22.17984426,0.119989342,0.117707406,0.063723314,/Users/dharamkar.1/Library/CloudStorage/OneDrive-TheOhioStateUniversity/VSCode_image_processing_project/data/Step2_output/enhanced_sample_field/522.jpg,522,2.07,61.42,1,6.86228975515779
619.jpg,619,126.1387317,106.8862006,76.80604273,129.0,109.0,79,18.29268973,105.651427,126.1387317,18,99,129.0,0.42670033,0.436751373,936.0248839,0.011369577,0.046183262,13.35323275,1.739554679,0.747098804,2.286760673,1.319903953,46.27347648,2.997428367,19.70546658,46.27347648,14.12164465,23.10285545,0.15203457,0.154716049,0.091688122,/Users/dharamkar.1/Library/CloudStorage/OneDrive-TheOhioStateUniversity/VSCode_image_processing_project/data/Step2_output/enhanced_sample_field/619.jpg,619,1.75,0.21,1,4.8058314243956195
232.jpg,232,167.5001794,140.0434072,99.49382175,174.0,146.0,105,17.8233817,114.820452,167.5004584,18,102,174.0,0.560605279,0.584855294,2401.216848,0.007245727,0.030887789,14.56865087,1.555663378,0.563596058,2.390844059,1.76573541,59.84406341,4.598280159,25.53246626,59.84406341,20.40575077,31.3711103,0.27703046,0.279505791,0.158609038,/Users/dharamkar.1/Library/CloudStorage/OneDrive-TheOhioStateUniversity/VSCode_image_processing_project/data/Step2_output/enhanced_sample_field/232.jpg,232,1.92,8.89,2,4.810523923963957
131.jpg,131,158.6738481,137.9236089,96.46623884,161.0,141.0,99,19.96651786,106.7639509,158.6738481,20,99,161.0,0.546446895,0.556895294,1506.372217,0.00850084,0.034343964,14.08609769,1.621416524,0.545323066,2.002916815,1.876385358,58.36485445,1.707570992,25.10279735,58.36485445,15.81392154,31.22450345,0.254442669,0.263468822,0.149211965,/Users/dharamkar.1/Library/CloudStorage/OneDrive-TheOhioStateUniversity/VSCode_image_processing_project/data/Step2_output/enhanced_sample_field/131.jpg,131,3.11,0.98,1,3.33589502052513
494.jpg,494,94.66230867,87.70264668,73.79203205,92.0,85.0,71,20.36465641,63.33631617,94.66764987,20,58,92.0,0.345798508,0.334940392,1163.525384,0.01009331,0.039661191,13.64550284,1.923775801,0.12995516,2.003561842,0.312120576,37.54900422,0.233771702,9.104014904,37.54900422,4.894029797,10.85704254,0.0937859,0.098373977,0.078448069,/Users/dharamkar.1/Library/CloudStorage/OneDrive-TheOhioStateUniversity/VSCode_image_processing_project/data/Step2_output/enhanced_sample_field/494.jpg,494,2.66,65.56,1,5.946968943913912
592.jpg,592,107.435806,91.82601244,66.14488999,109.0,93.0,67,18.75458386,103.8180604,107.4360252,19,98,109.0,0.365848959,0.370970588,747.9927931,0.013256895,0.05098282,13.01437455,1.415127058,0.279362614,2.22193026,0.481988281,39.86963069,2.221695638,17.14571811,39.86963069,11.3107034,19.45142124,0.109158279,0.11172579,0.067567344,/Users/dharamkar.1/Library/CloudStorage/OneDrive-TheOhioStateUniversity/VSCode_image_processing_project/data/Step2_output/enhanced_sample_field/592.jpg,592,1.27,26.02,1,4.480374442766445
38.jpg,38,144.2184311,126.3279257,92.12898597,144.0,126.0,92,19.62129305,96.18090322,144.2184311,20,92,144.0,0.500642802,0.500620392,1176.88551,0.010355104,0.036533534,13.56136958,1.924703567,0.622207117,2.050132583,1.568965935,53.73985936,1.57393701,21.15370636,53.73985936,13.41415885,26.17499176,0.209802985,0.217304757,0.132411526,/Users/dharamkar.1/Library/CloudStorage/OneDrive-TheOhioStateUniversity/VSCode_image_processing_project/data/Step2_output/enhanced_sample_field/38.jpg,38,6.72,0.0,1,6.144755694715062
450.jpg,450,139.6139987,119.7398557,82.07521524,138.0,118.0,80,19.44391741,109.6270528,139.6139987,19,107,138.0,0.475480355,0.468950196,1247.736227,0.010701335,0.037314416,13.49742533,2.021340875,0.651118925,2.057672082,1.553903208,51.29425765,2.095637017,23.54453474,51.29425765,15.05308982,28.20085366,0.189617188,0.195236068,0.107650047,/Users/dharamkar.1/Library/CloudStorage/OneDrive-TheOhioStateUniversity/VSCode_image_processing_project/data/Step2_output/enhanced_sample_field/450.jpg,450,1.75,0.0,1,3.781283510562765
237.jpg,237,175.8468391,147.8673469,96.19427615,186.0,156.0,102,19.38703763,128.4136639,175.8468391,19,116,186.0,0.588577885,0.621236471,3314.764114,0.006691482,0.027564305,14.7639276,1.722082346,0.484792259,2.108407133,1.868466784,62.67620593,3.41633205,31.16897763,62.67620593,21.5111863,38.10971382,0.305600689,0.312001195,0.155226283,/Users/dharamkar.1/Library/CloudStorage/OneDrive-TheOhioStateUniversity/VSCode_image_processing_project/data/Step2_output/enhanced_sample_field/237.jpg,237,1.92,8.89,2,4.91457643297232
416.jpg,416,156.885523,136.8014589,110.1155533,164.0,143.0,115,16.9774992,92.53194754,156.8856425,17,77,164.0,0.54566772,0.570382353,3598.102899,0.006039437,0.027889746,15.00164826,1.596333673,0.356736754,2.621961078,0.926818701,58.15146741,3.370097419,17.12859475,58.15146741,14.28304648,21.79687927,0.256206147,0.261207283,0.184728441,/Users/dharamkar.1/Library/CloudStorage/OneDrive-TheOhioStateUniversity/VSCode_image_processing_project/data/Step2_output/enhanced_sample_field/416.jpg,416,2.51,19.4,2,4.283157221723917
457.jpg,457,132.685806,109.6908881,68.90461575,133.0,110.0,69,18.99420041,126.5659877,132.685806,19,123,133.0,0.437790658,0.438946667,835.2751842,0.012846365,0.042660708,12.95931481,1.537756912,0.965026242,2.12869638,1.193118934,47.59240385,3.332179173,26.0922042,47.59240385,17.52320332,29.68936435,0.162376535,0.164756197,0.079379334,/Users/dharamkar.1/Library/CloudStorage/OneDrive-TheOhioStateUniversity/VSCode_image_processing_project/data/Step2_output/enhanced_sample_field/457.jpg,457,1.59,0.0,1,5.406341423635549
79.jpg,79,147.933514,124.598015,81.80482701,149.0,125.0,82,19.37625558,128.3770528,147.933514,19,114,149.0,0.495966352,0.497502353,2534.532952,0.006645943,0.026155158,14.700802,1.753129883,0.511007625,2.10401318,1.464567858,53.45211825,2.906988049,26.65886839,53.45211825,17.81389848,31.66558762,0.209996314,0.214626093,0.10978057,/Users/dharamkar.1/Library/CloudStorage/OneDrive-TheOhioStateUniversity/VSCode_image_processing_project/data/Step2_output/enhanced_sample_field/79.jpg,79,6.72,12.25,1,5.85872258571136
715.jpg,715,132.6726921,121.089764,100.7211416,136.0,124.0,103,19.15023119,66.81080596,132.6790497,19,60,136.0,0.478755132,0.489786275,1511.803451,0.009128599,0.034465618,13.92635849,1.653014651,0.382768697,2.176185042,0.981847253,51.37175306,0.953081036,12.80079246,51.37175306,8.289616447,16.37219801,0.188047284,0.195911341,0.150277807,/Users/dharamkar.1/Library/CloudStorage/OneDrive-TheOhioStateUniversity/VSCode_image_processing_project/data/Step2_output/enhanced_sample_field/715.jpg,715,1.27,29.5,1,4.300117723921217
608.jpg,608,101.6793686,85.89933434,61.21101722,100.0,84.0,59,18.29856904,110.1219308,101.6794483,18,103,100.0,0.343029663,0.335393725,1036.063241,0.010765054,0.040534752,13.48521105,1.614648122,0.27902716,2.287580692,0.602921013,37.45415304,2.536628775,16.79808945,37.45415304,11.33241463,18.59104558,0.096111284,0.097852154,0.058259415,/Users/dharamkar.1/Library/CloudStorage/OneDrive-TheOhioStateUniversity/VSCode_image_processing_project/data/Step2_output/enhanced_sample_field/608.jpg,608,2.77,25.73,2,3.278078111183466
604.jpg,604,121.1790099,104.0593112,80.57290338,119.0,101.0,78,17.36888154,90.91380341,121.1801459,17,88,119.0,0.415701479,0.405944314,1318.675529,0.010063685,0.037874702,13.69865897,1.500108574,0.425138302,2.470785056,0.818642706,45.05169802,2.999644414,15.7616069,45.05169802,12.17474182,18.68718301,0.143359019,0.14578716,0.097574952,/Users/dharamkar.1/Library/CloudStorage/OneDrive-TheOhioStateUniversity/VSCode_image_processing_project/data/Step2_output/enhanced_sample_field/604.jpg,604,2.77,25.73,2,4.819383266615088
310.jpg,310,132.4040179,113.0604074,74.1589206,133.0,113.0,74,19.9948581,119.3466598,132.4040179,20,112,133.0,0.448494617,0.449342353,1320.225056,0.009735249,0.036877446,13.76814578,1.591952461,0.618001595,1.997391501,1.341283693,48.58503318,1.844680165,24.37834281,48.58503318,14.79788257,28.53978358,0.167326623,0.17259241,0.08954799,/Users/dharamkar.1/Library/CloudStorage/OneDrive-TheOhioStateUniversity/VSCode_image_processing_project/data/Step2_output/enhanced_sample_field/310.jpg,310,2.5,25.85,3,3.243684962793035
340.jpg,340,144.8615474,121.4100765,76.08374522,146.0,122.0,77,19.81483179,126.0711496,144.8615474,20,120,146.0,0.482845042,0.485990588,1069.088985,0.010764505,0.040261384,13.46654639,1.741473812,0.808116926,2.037260957,2.028369996,52.18118702,2.755196704,28.15408347,52.18118702,18.09781625,32.88894328,0.198479604,0.203057814,0.09724742,/Users/dharamkar.1/Library/CloudStorage/OneDrive-TheOhioStateUniversity/VSCode_image_processing_project/data/Step2_output/enhanced_sample_field/340.jpg,340,2.5,1.76,3,3.452593397351795
571.jpg,571,173.3506059,149.6790697,109.0062181,178.0,154.0,113,18.87448182,99.07501594,173.3507852,19,94,178.0,0.595202975,0.611495686,1655.774183,0.009173238,0.03465639,13.9257017,1.593918382,0.518769981,2.17065233,1.796179487,63.12759324,2.838084069,24.73742039,63.12759324,17.67326003,31.3726531,0.309275127,0.317402177,0.189629857,/Users/dharamkar.1/Library/CloudStorage/OneDrive-TheOhioStateUniversity/VSCode_image_processing_project/data/Step2_output/enhanced_sample_field/571.jpg,571,1.75,3.98,1,4.855701678485178
720.jpg,720,149.6128428,122.8057239,95.25579959,148.0,121.0,93,15.23905851,99.67309072,149.6131617,15,94,148.0,0.496140734,0.489375686,2255.36497,0.00823205,0.02962715,14.23752148,1.540194579,0.81698643,2.966991525,1.469231156,53.38128997,6.267988036,18.98032738,53.38128997,19.06835455,22.8083571,0.216429602,0.213970126,0.138744398,/Users/dharamkar.1/Library/CloudStorage/OneDrive-TheOhioStateUniversity/VSCode_image_processing_project/data/Step2_output/enhanced_sample_field/720.jpg,720,2.51,21.72,2,7.198517726503364
400.jpg,400,139.3573422,123.738082,99.4411073,138.0,122.0,97,17.94015067,96.18963249,139.3573422,18,76,138.0,0.49139358,0.485563137,4278.935418,0.005812386,0.025370439,15.11283134,1.647274677,0.280314236,2.453565515,0.748757054,52.7073037,2.011185021,15.48732738,52.7073037,11.19195827,19.5116627,0.2015539,0.207794836,0.148609658,/Users/dharamkar.1/Library/CloudStorage/OneDrive-TheOhioStateUniversity/VSCode_image_processing_project/data/Step2_output/enhanced_sample_field/400.jpg,400,1.59,13.3,1,4.838344032063772
357.jpg,357,120.6845902,100.8942921,66.76407047,120.0,100.0,66,18.96316964,120.3820552,120.6845902,19,115,120.0,0.402505653,0.398659608,1188.623118,0.010979761,0.038065284,13.45203276,1.88389568,0.493290712,2.165606602,0.978656068,43.84628478,2.859321233,22.26362228,43.84628478,14.80545586,25.22427405,0.134908188,0.137321209,0.072116014,/Users/dharamkar.1/Library/CloudStorage/OneDrive-TheOhioStateUniversity/VSCode_image_processing_project/data/Step2_output/enhanced_sample_field/357.jpg,357,2.5,27.6,3,3.4029777007319773
483.jpg,483,118.0662468,100.9058315,78.16946349,116.0,99.0,76,17.04813058,99.79005899,118.0663664,17,88,116.0,0.403580893,0.396449412,2138.488829,0.007610555,0.027557957,14.37768858,1.519199531,0.375943893,2.54323888,0.805288006,43.79711161,3.169712262,15.43160415,43.79711161,12.14681079,18.11860243,0.135060997,0.136982993,0.091701514,/Users/dharamkar.1/Library/CloudStorage/OneDrive-TheOhioStateUniversity/VSCode_image_processing_project/data/Step2_output/enhanced_sample_field/483.jpg,483,2.05,77.01,1,4.2235459431724225
452.jpg,452,124.6813815,106.6537986,78.76205756,123.0,105.0,77,18.26548549,97.07045201,124.6813815,18,96,123.0,0.425386923,0.41801451,872.6254404,0.013296906,0.045578892,12.90807889,1.331523021,0.554174346,2.296831216,0.969265625,46.09782024,2.751385121,18.30101213,46.09782024,13.11858888,21.63662163,0.150354995,0.153410505,0.095188296,/Users/dharamkar.1/Library/CloudStorage/OneDrive-TheOhioStateUniversity/VSCode_image_processing_project/data/Step2_output/enhanced_sample_field/452.jpg,452,2.66,0.0,1,5.124163764600519
83.jpg,83,155.5149673,130.4191645,86.11941964,158.0,133.0,88,19.12039621,123.3625239,155.5149673,19,113,158.0,0.519835337,0.529559412,1593.162336,0.007806648,0.03414744,14.2940207,1.782452366,0.57439807,2.138867508,1.726621592,55.85838628,3.37222302,27.51209058,55.85838628,19.12078465,32.94638637,0.23340237,0.237715999,0.121857862,/Users/dharamkar.1/Library/CloudStorage/OneDrive-TheOhioStateUniversity/VSCode_image_processing_project/data/Step2_output/enhanced_sample_field/83.jpg,83,3.11,14.96,1,3.635927389887916
93.jpg,93,153.7695313,135.2003548,91.778978,155.0,136.0,93,21.19622927,108.5104432,153.7695313,21,102,155.0,0.533394602,0.537008627,1604.215827,0.008966264,0.031834607,13.94340743,1.411239401,0.586553123,1.856984266,1.774299238,57.07656221,0.591875319,25.92480505,57.07656221,14.46141972,32.08993785,0.238970706,0.250011714,0.136386774,/Users/dharamkar.1/Library/CloudStorage/OneDrive-TheOhioStateUniversity/VSCode_image_processing_project/data/Step2_output/enhanced_sample_field/93.jpg,93,1.32,2.37,1,3.4597627282461696
464.jpg,464,138.1099729,116.3310348,78.9325574,137.0,116.0,78,18.80674027,111.904835,138.1099729,19,110,137.0,0.463775015,0.461107059,766.9032671,0.013845855,0.046134309,12.77252975,1.8223001,0.806238706,2.167028328,1.475372527,50.14973138,3.022500299,23.80597898,50.14973138,16.38187904,28.06475503,0.181922839,0.185442933,0.100033073,/Users/dharamkar.1/Library/CloudStorage/OneDrive-TheOhioStateUniversity/VSCode_image_processing_project/data/Step2_output/enhanced_sample_field/464.jpg,464,1.27,0.0,1,4.671109164101083
516.jpg,516,113.2388471,93.33851787,65.30294276,112.0,92.0,64,17.47611529,116.5925322,113.2389143,17,109,112.0,0.37469009,0.370390196,1261.246863,0.010315946,0.037863174,13.63733641,1.721641962,0.464948896,2.426764787,0.731634892,40.89740604,3.818056589,19.12176066,40.89740604,14.43157088,21.3395304,0.117481398,0.118005822,0.067046412,/Users/dharamkar.1/Library/CloudStorage/OneDrive-TheOhioStateUniversity/VSCode_image_processing_project/data/Step2_output/enhanced_sample_field/516.jpg,516,2.77,50.91,2,3.736271730340904
164.jpg,164,177.0750359,152.5947664,95.29157366,181.0,156.0,99,21.14200016,124.8583984,177.0750359,21,116,181.0,0.602608876,0.617314902,2163.66696,0.008021888,0.02686372,14.24225977,1.723289939,0.486660064,1.855501948,2.294698264,64.03033012,1.250773133,33.39861497,64.03033012,19.35977026,41.12453002,0.31553229,0.32838995,0.155695018,/Users/dharamkar.1/Library/CloudStorage/OneDrive-TheOhioStateUniversity/VSCode_image_processing_project/data/Step2_output/enhanced_sample_field/164.jpg,164,1.48,2.6,1,6.596216023028462
680.jpg,680,153.4121891,128.9273756,92.78669085,158.0,133.0,96,17.84911113,108.8728476,153.413644,18,100,158.0,0.515782961,0.531389804,1811.077715,0.008470767,0.03138141,14.13913825,1.926497617,0.640877204,2.36829266,1.937877722,55.36108739,4.087421376,23.09950757,55.36108739,18.09107068,28.07553174,0.230222711,0.232814706,0.135846064,/Users/dharamkar.1/Library/CloudStorage/OneDrive-TheOhioStateUniversity/VSCode_image_processing_project/data/Step2_output/enhanced_sample_field/680.jpg,680,2.51,2.77,2,3.675276960455433
603.jpg,603,94.15473533,76.9394332,55.2315051,92.0,75.0,53,16.6943758,114.7983897,94.15473533,17,107,92.0,0.309931542,0.302629412,981.626001,0.01125398,0.043391862,13.36586265,1.718679866,0.249958247,2.615566181,0.481370368,33.91113444,3.777510421,15.59914879,33.91113444,12.02339044,16.50946982,0.079769227,0.079655975,0.047598896,/Users/dharamkar.1/Library/CloudStorage/OneDrive-TheOhioStateUniversity/VSCode_image_processing_project/data/Step2_output/enhanced_sample_field/603.jpg,603,2.77,25.73,2,5.564060705380476
361.jpg,361,146.0076531,121.9675542,89.95824697,146.0,120.0,87,16.56222098,120.4672752,146.0076531,17,102,146.0,0.489287075,0.483304314,4211.474095,0.006022658,0.027328848,15.03795286,1.500903188,0.410572317,2.84133719,1.039032389,52.68716261,4.541560295,21.0158596,52.68716261,17.51380842,25.28828562,0.206550051,0.207612148,0.125801119,/Users/dharamkar.1/Library/CloudStorage/OneDrive-TheOhioStateUniversity/VSCode_image_processing_project/data/Step2_output/enhanced_sample_field/361.jpg,361,2.07,17.5,1,6.859112479171778
632.jpg,632,127.6969069,111.0614636,78.92633929,128.0,112.0,79,19.69987643,106.3840282,127.6969069,20,97,128.0,0.440311972,0.442950588,1716.555073,0.008599379,0.030926192,14.03677814,1.77673459,0.475916743,2.041703833,1.141540938,47.63931615,1.519547459,20.31446273,47.63931615,12.4666832,24.25940903,0.159565305,0.165121089,0.09727617,/Users/dharamkar.1/Library/CloudStorage/OneDrive-TheOhioStateUniversity/VSCode_image_processing_project/data/Step2_output/enhanced_sample_field/632.jpg,632,1.59,1.41,1,3.5655644769949744
404.jpg,404,156.1298828,134.5887476,96.04557956,159.0,138.0,99,19.14560746,111.7924705,156.1298828,19,98,159.0,0.534852064,0.546808235,3701.685959,0.006313549,0.021255689,14.85794755,1.745249491,0.45328781,2.142008427,1.435464819,57.21224901,2.448234353,23.77066835,57.21224901,16.17754705,29.43565271,0.24455955,0.251406949,0.146385956,/Users/dharamkar.1/Library/CloudStorage/OneDrive-TheOhioStateUniversity/VSCode_image_processing_project/data/Step2_output/enhanced_sample_field/404.jpg,404,1.27,13.6,1,4.9122631100008345
583.jpg,583,95.54729353,86.11674904,68.7017897,97.0,87.0,70,19.64696269,79.09400909,95.54729353,20,71,97.0,0.340647534,0.344435294,780.2928611,0.011777904,0.048291256,13.23616069,1.986143394,0.158356241,2.099924383,0.343333452,37.04602524,0.746039495,11.55823225,37.04602524,6.660360739,13.41992946,0.091784042,0.09562789,0.069425253,/Users/dharamkar.1/Library/CloudStorage/OneDrive-TheOhioStateUniversity/VSCode_image_processing_project/data/Step2_output/enhanced_sample_field/583.jpg,583,2.66,37.0,1,5.498068172307522
396.jpg,396,151.1424785,133.7364078,103.6604153,153.0,135.0,105,19.03336256,86.58797034,151.1424785,19,80,153.0,0.530457721,0.537336078,1609.032351,0.008383656,0.032425976,14.15202318,1.764360803,0.509478457,2.164807525,1.456028156,56.64790056,1.831710592,18.64322746,56.64790056,12.75872191,23.69691905,0.237592494,0.245637821,0.164924659,/Users/dharamkar.1/Library/CloudStorage/OneDrive-TheOhioStateUniversity/VSCode_image_processing_project/data/Step2_output/enhanced_sample_field/396.jpg,396,1.59,13.3,1,3.6575803541360425
425.jpg,425,158.7376834,136.2109574,102.1077607,165.0,141.0,106,17.84976881,111.3717315,158.7376834,18,91,165.0,0.543290377,0.564429412,5417.990491,0.005653454,0.021649125,15.15616844,1.567377498,0.393790359,2.432895501,1.072481587,58.0127797,3.392534649,21.48667608,58.0127797,16.51424788,26.83958192,0.254839408,0.259744391,0.162660097,/Users/dharamkar.1/Library/CloudStorage/OneDrive-TheOhioStateUniversity/VSCode_image_processing_project/data/Step2_output/enhanced_sample_field/425.jpg,425,2.51,19.4,2,6.2308524311818285
359.jpg,359,150.2821668,138.9159758,110.4694475,152.0,140.0,112,21.54288903,72.7479273,150.2822465,22,67,152.0,0.546197242,0.552486667,2006.820928,0.00806731,0.02851512,14.24503973,1.959218858,0.306793715,1.801456857,1.207321571,58.12090565,-0.456570153,16.78881753,58.12090565,8.65680579,22.10236179,0.246901284,0.260884444,0.186169126,/Users/dharamkar.1/Library/CloudStorage/OneDrive-TheOhioStateUniversity/VSCode_image_processing_project/data/Step2_output/enhanced_sample_field/359.jpg,359,2.5,27.6,3,4.961202412586114
490.jpg,490,123.2549027,108.2613799,84.76725925,125.0,110.0,86,18.3073581,88.93963249,123.2549027,18,79,125.0,0.430406186,0.435665098,1811.901405,0.008373659,0.030805736,14.13717683,1.500102591,0.421631703,2.287287335,0.952603522,46.52899461,2.027660689,15.32946238,46.52899461,10.75018587,18.58392463,0.15225583,0.156628349,0.107646909,/Users/dharamkar.1/Library/CloudStorage/OneDrive-TheOhioStateUniversity/VSCode_image_processing_project/data/Step2_output/enhanced_sample_field/490.jpg,490,1.75,75.9,1,4.52868332447323
521.jpg,521,116.8909837,101.9774195,76.53539541,117.0,102.0,76,19.02317841,95.73156489,116.8910037,19,89,117.0,0.405145812,0.405981961,1347.456218,0.009765737,0.038245146,13.76730413,1.452093175,0.396144405,2.175985221,0.818480815,43.94827595,1.793915602,16.58741207,43.94827595,10.83938477,19.63608682,0.133939447,0.138024482,0.088920967,/Users/dharamkar.1/Library/CloudStorage/OneDrive-TheOhioStateUniversity/VSCode_image_processing_project/data/Step2_output/enhanced_sample_field/521.jpg,521,2.77,50.91,2,3.712027757644939
639.jpg,639,144.490354,124.7274195,85.83942522,149.0,129.0,89,19.82479672,110.6841518,144.490354,20,102,149.0,0.494600858,0.510405882,1512.221953,0.009101735,0.035070117,13.93482252,1.69456314,0.56925663,2.0246472,1.896981035,53.21338513,1.812789687,24.02065654,53.21338513,15.03592066,29.11786157,0.205602118,0.21242044,0.117848297,/Users/dharamkar.1/Library/CloudStorage/OneDrive-TheOhioStateUniversity/VSCode_image_processing_project/data/Step2_output/enhanced_sample_field/639.jpg,639,1.27,1.67,1,3.3560375033482184
674.jpg,674,123.5799386,100.6418407,63.4134646,126.0,103.0,65,18.50336814,132.8466996,123.5799386,19,123,126.0,0.403262826,0.413162353,1112.174548,0.010302577,0.040157521,13.56409213,1.607649732,0.717233708,2.246806907,1.303391836,44.02582568,3.93455585,24.49161413,44.02582568,17.26040785,27.18505926,0.137797956,0.138560825,0.067107486,/Users/dharamkar.1/Library/CloudStorage/OneDrive-TheOhioStateUniversity/VSCode_image_processing_project/data/Step2_output/enhanced_sample_field/674.jpg,674,1.27,4.31,1,4.998544680770901
15.jpg,15,159.6281091,138.5662269,91.5693758,162.0,141.0,94,20.79641661,115.4276148,159.6281091,21,108,162.0,0.547660407,0.557970588,1760.033532,0.008676005,0.030469423,14.05548365,1.783955242,0.564867767,1.900495192,2.100016312,58.54750982,1.182391449,28.05963592,58.54750982,16.40336662,34.49910441,0.255064097,0.265414995,0.138034128,/Users/dharamkar.1/Library/CloudStorage/OneDrive-TheOhioStateUniversity/VSCode_image_processing_project/data/Step2_output/enhanced_sample_field/15.jpg,15,0.99,4.13,1,2.8087559608651245
49.jpg,49,138.4635085,117.6654775,81.69475446,138.0,117.0,81,18.95402184,110.9052734,138.4635085,19,105,138.0,0.468594392,0.466695294,1229.134149,0.009627017,0.037212104,13.7689041,1.8747938,0.62503459,2.159107514,1.621931102,50.60111201,2.739183529,22.83062649,50.60111201,15.58461183,27.20328923,0.185089477,0.189265072,0.105978476,/Users/dharamkar.1/Library/CloudStorage/OneDrive-TheOhioStateUniversity/VSCode_image_processing_project/data/Step2_output/enhanced_sample_field/49.jpg,49,1.48,46.5,1,3.701365780973902
205.jpg,205,153.550283,135.4009088,97.07334184,158.0,139.0,100,20.30949059,105.777842,153.550283,20,93,158.0,0.535271503,0.549621569,2529.642897,0.006799995,0.026358859,14.67415189,1.709462503,0.391439238,1.959796488,1.328522293,57.20320721,1.034693717,23.13925678,57.20320721,13.83083977,29.01721005,0.241223834,0.251313813,0.149041421,/Users/dharamkar.1/Library/CloudStorage/OneDrive-TheOhioStateUniversity/VSCode_image_processing_project/data/Step2_output/enhanced_sample_field/205.jpg,205,3.11,0.84,1,3.2892220109942816
270.jpg,270,137.4880823,118.8940411,80.05357143,137.0,118.0,79,20.14790373,109.9330745,137.4880823,20,107,137.0,0.470764224,0.468950196,945.6078768,0.012483876,0.044961004,13.08105529,1.571541435,0.730736213,1.960467602,1.439212893,50.8144141,1.413661951,24.02376852,50.8144141,14.25068067,28.73145787,0.184312467,0.191089369,0.103151591,/Users/dharamkar.1/Library/CloudStorage/OneDrive-TheOhioStateUniversity/VSCode_image_processing_project/data/Step2_output/enhanced_sample_field/270.jpg,270,2.05,0.0,2,4.032378211465593
344.jpg,344,98.99380182,80.27391582,49.45234774,99.0,80.0,49,18.64371413,137.4839166,98.99382175,19,129,99.0,0.321684928,0.32051098,807.9741552,0.011809116,0.046253534,13.21719558,1.93092665,0.307274116,2.229600202,0.575781207,35.3131029,3.273767405,21.03954701,35.3131029,13.76608042,21.91133063,0.085979053,0.086558728,0.041730643,/Users/dharamkar.1/Library/CloudStorage/OneDrive-TheOhioStateUniversity/VSCode_image_processing_project/data/Step2_output/enhanced_sample_field/344.jpg,344,2.05,36.1,2,5.426607215444822
329.jpg,329,123.5254106,106.4938616,73.25568001,124.0,107.0,73,19.73194356,108.9331354,123.5254106,20,104,124.0,0.422418011,0.423022353,921.8504564,0.011558494,0.042945214,13.27887808,1.7819144,0.516490943,2.032520636,1.023760282,45.83220349,1.627224571,21.1398544,45.83220349,12.82179117,24.75384265,0.146601758,0.151450323,0.084971143,/Users/dharamkar.1/Library/CloudStorage/OneDrive-TheOhioStateUniversity/VSCode_image_processing_project/data/Step2_output/enhanced_sample_field/329.jpg,329,2.05,5.25,2,3.3007193735672646
294.jpg,294,108.6506497,99.16380341,81.80389031,105.0,96.0,78,19.63420759,76.39016661,108.6506497,20,65,105.0,0.391874935,0.378010196,2902.85432,0.007258948,0.023920456,14.47599111,1.919696468,0.205309351,2.103616222,0.515515996,42.44568567,0.686990368,11.24725191,42.44568567,6.736429211,13.71435604,0.122565984,0.127903788,0.097644405,/Users/dharamkar.1/Library/CloudStorage/OneDrive-TheOhioStateUniversity/VSCode_image_processing_project/data/Step2_output/enhanced_sample_field/294.jpg,294,2.5,57.41,3,4.773592369566345
588.jpg,588,115.1051499,98.07083068,70.31716358,115.0,98.0,70,18.60873724,110.0013951,115.1051499,19,100,115.0,0.390939546,0.389424706,1595.672946,0.008713708,0.031345346,14.01784276,1.584847437,0.432566352,2.241094091,0.909671549,42.53233232,2.476198929,18.3447602,42.53233232,12.43795822,21.11616746,0.125741032,0.12847349,0.076627585,/Users/dharamkar.1/Library/CloudStorage/OneDrive-TheOhioStateUniversity/VSCode_image_processing_project/data/Step2_output/enhanced_sample_field/588.jpg,588,1.59,23.77,1,3.4080074922410692
16.jpg,16,159.1781728,138.149992,91.19903938,163.0,142.0,94,20.76994978,121.6249801,159.1781728,21,107,163.0,0.546013007,0.561073725,3497.703996,0.006596082,0.02149234,14.7445965,1.651180355,0.44245281,1.902321232,1.613534721,58.38573398,1.180619536,28.04520664,58.38573398,16.37981651,34.45187366,0.253409026,0.263690808,0.136946846,/Users/dharamkar.1/Library/CloudStorage/OneDrive-TheOhioStateUniversity/VSCode_image_processing_project/data/Step2_output/enhanced_sample_field/16.jpg,16,0.99,4.13,1,4.3415119993338935
141.jpg,141,139.0050223,118.1263154,78.47486846,139.0,118.0,78,19.55309311,124.4437779,139.0050223,20,112,139.0,0.469428123,0.46947098,2105.365871,0.00722146,0.029643673,14.51008876,1.693690938,0.511788518,2.079148649,1.398399945,50.7267285,2.329829661,24.83228047,50.7267285,15.90210884,29.35868665,0.185342683,0.190338013,0.099928431,/Users/dharamkar.1/Library/CloudStorage/OneDrive-TheOhioStateUniversity/VSCode_image_processing_project/data/Step2_output/enhanced_sample_field/141.jpg,141,2.12,5.03,1,3.466392501432508
640.jpg,640,109.5159239,93.62234933,70.51424984,110.0,94.0,71,17.73266103,96.11314174,109.5159239,18,91,110.0,0.373857412,0.377139216,847.373999,0.012267061,0.044081458,13.11777666,1.380856907,0.335056023,2.385187103,0.589973636,40.68936676,2.672125802,15.65684688,40.68936676,11.31714121,17.97772774,0.114614551,0.116716122,0.075272571,/Users/dharamkar.1/Library/CloudStorage/OneDrive-TheOhioStateUniversity/VSCode_image_processing_project/data/Step2_output/enhanced_sample_field/640.jpg,640,2.51,1.33,2,5.520301883000299
692.jpg,692,142.3259526,123.4910914,97.40549267,147.0,128.0,102,17.39291693,90.0007374,142.3287428,17,79,147.0,0.492598932,0.511261176,2254.352438,0.007564523,0.02685876,14.40526805,1.597443917,0.475255449,2.496044409,1.271838786,52.88282234,3.100870243,16.94729588,52.88282234,13.47098525,21.02983431,0.205321203,0.209391396,0.143654961,/Users/dharamkar.1/Library/CloudStorage/OneDrive-TheOhioStateUniversity/VSCode_image_processing_project/data/Step2_output/enhanced_sample_field/692.jpg,692,2.05,27.75,1,4.1562307465229855
525.jpg,525,131.2432039,108.7334383,76.52331792,137.0,114.0,80,17.55301339,120.2011121,131.2432039,18,105,137.0,0.436056525,0.455793725,2002.137732,0.007779276,0.028939081,14.32050134,1.745781087,0.648200626,2.453966302,1.528194973,47.30743669,4.124103831,21.33307647,47.30743669,16.54405807,24.76643977,0.161611532,0.162551215,0.092175588,/Users/dharamkar.1/Library/CloudStorage/OneDrive-TheOhioStateUniversity/VSCode_image_processing_project/data/Step2_output/enhanced_sample_field/525.jpg,525,2.07,61.42,1,5.528665912336757
685.jpg,685,155.1537388,128.2024673,86.09390944,160.0,133.0,89,18.25711496,123.9842554,155.1538584,18,113,160.0,0.513308178,0.531330196,2167.628984,0.007645926,0.029972556,14.38789545,1.496046272,0.668269714,2.29559957,1.904273524,55.22607507,4.464015668,26.70298834,55.22607507,20.3011328,31.77044915,0.229767951,0.231495776,0.120794802,/Users/dharamkar.1/Library/CloudStorage/OneDrive-TheOhioStateUniversity/VSCode_image_processing_project/data/Step2_output/enhanced_sample_field/685.jpg,685,2.77,5.18,2,4.255645425938748
291.jpg,291,111.4296277,96.68040497,75.59030214,106.0,91.0,70,17.54653619,101.8740234,111.4296875,18,87,106.0,0.385466739,0.363425098,3464.931354,0.006780917,0.02235042,14.66871745,1.675936915,0.302819374,2.424466981,0.680920491,41.86738281,2.412917394,14.23544989,41.86738281,10.40848413,16.68121074,0.121453271,0.12414452,0.085175634,/Users/dharamkar.1/Library/CloudStorage/OneDrive-TheOhioStateUniversity/VSCode_image_processing_project/data/Step2_output/enhanced_sample_field/291.jpg,291,1.92,45.85,2,5.060510459969927
532.jpg,532,126.3974011,108.2693519,78.94650829,128.0,110.0,81,18.49595424,107.7340163,126.3974011,19,95,128.0,0.431401511,0.438708627,1886.105381,0.007938775,0.028927747,14.25427702,1.66179019,0.510346064,2.257628617,1.255880025,46.72726716,2.57997201,19.06560852,46.72726716,13.28986692,22.58570775,0.154634689,0.158123032,0.096223618,/Users/dharamkar.1/Library/CloudStorage/OneDrive-TheOhioStateUniversity/VSCode_image_processing_project/data/Step2_output/enhanced_sample_field/532.jpg,532,1.75,63.76,1,4.153172088167888
333.jpg,333,107.7606027,90.50502232,59.87015705,108.0,91.0,60,19.15630979,118.8729672,107.7606027,19,113,108.0,0.360639448,0.363112549,688.7571268,0.013223577,0.050803143,12.88715253,1.752197965,0.341399922,2.132351706,0.584498133,39.40534944,2.358912731,20.28666848,39.40534944,12.78483982,22.41439622,0.106665915,0.108963521,0.057971284,/Users/dharamkar.1/Library/CloudStorage/OneDrive-TheOhioStateUniversity/VSCode_image_processing_project/data/Step2_output/enhanced_sample_field/333.jpg,333,2.29,4.3,2,4.703335732215051
381.jpg,381,149.1181441,126.7675383,89.66151148,152.0,128.0,89,18.30052216,125.7526905,149.1181441,19,106,152.0,0.505261559,0.512373725,4127.541099,0.005946298,0.027437286,15.05513056,1.540258436,0.392127367,2.410077275,1.133681777,54.29426689,3.101502156,23.37241438,54.29426689,16.69184381,28.3779202,0.218068525,0.222528556,0.127413164,/Users/dharamkar.1/Library/CloudStorage/OneDrive-TheOhioStateUniversity/VSCode_image_processing_project/data/Step2_output/enhanced_sample_field/381.jpg,381,1.75,22.3,1,5.219781782421753
559.jpg,559,120.5644631,100.2019557,71.48031826,120.0,99.0,70,17.46383254,118.5501011,120.5677841,17,106,120.0,0.4017967,0.398354118,1054.162777,0.00842297,0.046639688,14.24719017,1.594693371,0.533668516,2.46066939,0.980350196,43.72448184,3.790147118,19.34207974,43.72448184,14.80145189,22.11537336,0.135538891,0.136484459,0.079611266,/Users/dharamkar.1/Library/CloudStorage/OneDrive-TheOhioStateUniversity/VSCode_image_processing_project/data/Step2_output/enhanced_sample_field/559.jpg,559,2.77,42.7,2,6.194209860751585
575.jpg,575,155.1375957,135.8742427,97.86234455,161.0,142.0,103,19.85754145,102.1308195,155.1375957,20,92,161.0,0.538145284,0.560538039,1854.012752,0.008183344,0.0322368,14.21244345,1.91052892,0.458206205,2.021313295,1.630119927,57.49712732,1.536059602,23.11571025,57.49712732,14.56596018,28.94143896,0.245288716,0.254353154,0.151353705,/Users/dharamkar.1/Library/CloudStorage/OneDrive-TheOhioStateUniversity/VSCode_image_processing_project/data/Step2_output/enhanced_sample_field/575.jpg,575,1.75,3.98,1,3.01231638977261
730.jpg,730,129.4255022,116.4089605,95.12131298,132.0,118.0,97,18.59546397,75.79878827,129.4257215,19,67,132.0,0.461333867,0.469307451,2150.608344,0.007816999,0.027382016,14.32560647,1.631525871,0.370750051,2.238705011,0.881526973,49.63497939,1.439583718,13.61264295,49.63497939,9.285008421,17.08116572,0.1748169,0.181147395,0.134279116,/Users/dharamkar.1/Library/CloudStorage/OneDrive-TheOhioStateUniversity/VSCode_image_processing_project/data/Step2_output/enhanced_sample_field/730.jpg,730,2.77,27.98,2,4.212590378615701
713.jpg,713,151.4447345,121.9751475,86.01988999,153.0,123.0,87,16.51576451,115.9300662,151.4506537,16,110,153.0,0.492725728,0.497992549,1390.005225,0.009720872,0.035739059,13.77058413,1.827920866,0.908737767,2.674360953,2.149490737,53.17667215,6.394683561,24.00320942,53.17667215,21.68208825,28.19380578,0.214827437,0.212082595,0.117678303,/Users/dharamkar.1/Library/CloudStorage/OneDrive-TheOhioStateUniversity/VSCode_image_processing_project/data/Step2_output/enhanced_sample_field/713.jpg,713,1.27,29.5,1,6.447598634522143
628.jpg,628,137.5131138,121.2687739,91.3094308,142.0,125.0,95,19.44489397,94.07555405,137.5131537,19,84,142.0,0.480629912,0.496981569,1604.933696,0.008409537,0.032676389,14.11035166,1.726047307,0.473292786,2.094705628,1.388369029,51.68239016,1.502648954,18.74760154,51.68239016,12.02224715,23.21182834,0.191727805,0.198633774,0.127888805,/Users/dharamkar.1/Library/CloudStorage/OneDrive-TheOhioStateUniversity/VSCode_image_processing_project/data/Step2_output/enhanced_sample_field/628.jpg,628,2.66,1.65,1,3.4732298812994955
509.jpg,509,100.467614,81.10845823,54.42918925,97.0,78.0,51,17.33406409,128.484375,100.467614,17,121,97.0,0.326661582,0.312697647,1222.565483,0.010072124,0.039011547,13.66991441,1.878102073,0.348537076,2.467384616,0.693843624,35.80640214,4.03574291,18.71413343,35.80640214,13.91269227,19.80666799,0.089341118,0.089079204,0.047909096,/Users/dharamkar.1/Library/CloudStorage/OneDrive-TheOhioStateUniversity/VSCode_image_processing_project/data/Step2_output/enhanced_sample_field/509.jpg,509,2.51,21.1,2,5.486173418674863
106.jpg,106,163.0736408,140.7882454,89.21348852,168.0,145.0,93,21.02148438,128.0471939,163.0736408,21,114,168.0,0.556099419,0.573656863,2282.96921,0.006988887,0.027498165,14.59998102,1.550934179,0.465347175,1.874844239,1.850898298,59.44139858,1.158815375,30.55683042,59.44139858,17.54532187,37.2516365,0.264258143,0.275077599,0.134131195,/Users/dharamkar.1/Library/CloudStorage/OneDrive-TheOhioStateUniversity/VSCode_image_processing_project/data/Step2_output/enhanced_sample_field/106.jpg,106,3.11,10.48,1,4.267209496453352
658.jpg,658,174.8756776,146.9933634,101.1761001,181.0,153.0,106,18.75916773,114.2739756,174.8783681,19,106,181.0,0.586725217,0.609761569,1901.306354,0.008638484,0.031268588,14.10990355,2.096951208,0.565995654,2.242518873,1.988898013,62.43112945,4.032012759,28.13420127,62.43112945,21.02425903,34.74843889,0.304422717,0.309094616,0.16716285,/Users/dharamkar.1/Library/CloudStorage/OneDrive-TheOhioStateUniversity/VSCode_image_processing_project/data/Step2_output/enhanced_sample_field/658.jpg,658,1.75,10.81,1,5.26455334280202
347.jpg,347,130.097457,115.1203563,83.050283,130.0,115.0,83,20.39580676,99.58081553,130.0974968,20,92,130.0,0.454865639,0.455020784,1493.599756,0.009174494,0.033794723,13.90706319,1.926623237,0.450944729,1.937558191,1.142135061,49.09143633,0.75257196,19.90417384,49.09143633,11.33112638,24.21661664,0.169287969,0.176684152,0.107100604,/Users/dharamkar.1/Library/CloudStorage/OneDrive-TheOhioStateUniversity/VSCode_image_processing_project/data/Step2_output/enhanced_sample_field/347.jpg,347,2.05,36.1,2,3.2878136201241075
339.jpg,339,157.391761,130.9849729,75.55785635,161.0,134.0,78,20.37535874,142.5399992,157.3918009,20,132,161.0,0.520000472,0.531170392,2188.455577,0.007720556,0.027955117,14.35334475,1.656951516,0.686687373,1.965227942,2.431141698,56.04078936,2.788047274,33.533337,56.04078936,20.82620248,38.96851717,0.233854498,0.239530831,0.101468594,/Users/dharamkar.1/Library/CloudStorage/OneDrive-TheOhioStateUniversity/VSCode_image_processing_project/data/Step2_output/enhanced_sample_field/339.jpg,339,1.92,7.87,2,6.518475598552631
611.jpg,611,133.5915976,110.8724091,79.90896046,136.0,113.0,82,17.2435228,110.4272162,133.5915976,17,101,136.0,0.444971655,0.453874118,1380.760991,0.009211462,0.03546975,13.86688514,1.688516052,0.734668389,2.475690189,1.490099714,48.20269403,4.323869317,20.60074068,48.20269403,16.5819024,24.13223918,0.168819948,0.169545313,0.099529386,/Users/dharamkar.1/Library/CloudStorage/OneDrive-TheOhioStateUniversity/VSCode_image_processing_project/data/Step2_output/enhanced_sample_field/611.jpg,611,2.07,0.18,1,3.937027907698601
348.jpg,348,134.850865,117.6694236,79.25831075,137.0,120.0,81,20.76482781,114.8430126,134.8509845,21,104,137.0,0.464906034,0.474263529,1831.148262,0.008392841,0.030740416,14.13324445,1.656346758,0.497832148,1.904281053,1.456868648,50.20012736,0.870497403,23.62428158,50.20012736,13.25095327,28.30275426,0.178282843,0.185867093,0.100928886,/Users/dharamkar.1/Library/CloudStorage/OneDrive-TheOhioStateUniversity/VSCode_image_processing_project/data/Step2_output/enhanced_sample_field/348.jpg,348,2.05,36.1,2,4.048913781914626
317.jpg,317,88.81881776,73.03597337,47.59400909,88.0,72.0,47,18.55397003,126.7040816,88.81881776,18,120,88.0,0.292374361,0.289168235,716.5780349,0.01281968,0.048843916,12.93162274,1.732740484,0.180543646,2.250445306,0.378103216,32.02248385,2.716369098,17.71543962,32.02248385,11.28767844,18.21738574,0.070126924,0.070951224,0.037519037,/Users/dharamkar.1/Library/CloudStorage/OneDrive-TheOhioStateUniversity/VSCode_image_processing_project/data/Step2_output/enhanced_sample_field/317.jpg,317,2.29,13.59,2,5.41076478546845
714.jpg,714,115.0269452,95.25904815,68.59299267,117.0,97.0,70,17.21199378,110.1355827,115.0269452,17,102,117.0,0.382498446,0.389692549,891.8203475,0.011363195,0.044029175,13.33034448,1.701643322,0.544797619,2.490423722,0.78955177,41.69375526,3.890757271,18.25266872,41.69375526,14.23372085,20.6100031,0.12251168,0.123030406,0.072920257,/Users/dharamkar.1/Library/CloudStorage/OneDrive-TheOhioStateUniversity/VSCode_image_processing_project/data/Step2_output/enhanced_sample_field/714.jpg,714,1.27,29.5,1,3.7240113055172404
311.jpg,311,114.1314373,97.08884726,61.80102041,114.0,97.0,62,20.15638951,124.0411551,114.1314373,20,117,114.0,0.384965276,0.384394902,924.078075,0.011339637,0.04405266,13.33941687,1.802478507,0.398068493,1.970381891,0.779916492,41.99727138,1.565592025,22.63014741,41.99727138,12.96963448,25.38823501,0.121037852,0.124982359,0.063024031,/Users/dharamkar.1/Library/CloudStorage/OneDrive-TheOhioStateUniversity/VSCode_image_processing_project/data/Step2_output/enhanced_sample_field/311.jpg,311,2.5,25.85,3,4.8554945740639575
264.jpg,264,175.1003667,150.1629863,102.8515824,185.0,159.0,109,19.66420201,115.849709,175.1003667,20,105,185.0,0.596278539,0.630523137,2602.591268,0.007692735,0.031588087,14.49172456,1.640224126,0.415041197,2.071472701,1.746774629,63.31644931,2.571577885,28.38067018,63.31644931,19.02707391,35.47090621,0.310754662,0.319680264,0.173228481,/Users/dharamkar.1/Library/CloudStorage/OneDrive-TheOhioStateUniversity/VSCode_image_processing_project/data/Step2_output/enhanced_sample_field/264.jpg,264,2.5,7.68,3,4.1501953305156665
546.jpg,546,112.7204241,93.71982621,68.11477599,112.0,93.0,67,17.15138712,114.481545,112.7204241,17,102,112.0,0.376122859,0.371536078,1718.254805,0.008231222,0.031066454,14.1501045,1.773881927,0.410834511,2.519495798,0.893754846,41.00421035,3.717052226,17.57672424,41.00421035,13.62089464,19.82821721,0.117990649,0.11867161,0.071547419,/Users/dharamkar.1/Library/CloudStorage/OneDrive-TheOhioStateUniversity/VSCode_image_processing_project/data/Step2_output/enhanced_sample_field/546.jpg,546,1.27,55.97,1,4.138250071388092
299.jpg,299,100.0921755,87.00793208,59.9559949,100.0,87.0,60,20.42109774,109.1759606,100.0921755,20,103,100.0,0.34446231,0.344643529,790.0942104,0.012920665,0.048976412,13.02077385,1.835565577,0.177123024,1.971844962,0.41635554,37.58712778,0.97385748,17.7029215,37.58712778,9.689302296,19.77897207,0.094891558,0.098584235,0.056706705,/Users/dharamkar.1/Library/CloudStorage/OneDrive-TheOhioStateUniversity/VSCode_image_processing_project/data/Step2_output/enhanced_sample_field/299.jpg,299,2.05,27.86,2,5.644872144586061
636.jpg,636,163.0525151,140.2905572,101.3086137,167.0,143.0,103,18.93779895,100.5358937,163.0548469,19,97,167.0,0.558105393,0.570307843,1239.547626,0.010006326,0.039701714,13.69556112,1.683845486,0.610530216,2.169765696,2.048801701,59.50743711,2.815093942,24.00212309,59.50743711,17.00720845,29.99251663,0.269001357,0.275800609,0.162943281,/Users/dharamkar.1/Library/CloudStorage/OneDrive-TheOhioStateUniversity/VSCode_image_processing_project/data/Step2_output/enhanced_sample_field/636.jpg,636,1.27,1.67,1,4.408706349281554
663.jpg,663,122.6851483,102.8245576,74.50635762,125.0,105.0,77,17.51351244,108.6372967,122.6851483,17,99,125.0,0.411777219,0.421065098,1102.813701,0.010069508,0.040709953,13.64574321,1.567394173,0.654570981,2.411980537,1.117289908,44.73823273,3.567007196,18.94719574,44.73823273,14.41735009,21.93476569,0.142096235,0.143553071,0.085888593,/Users/dharamkar.1/Library/CloudStorage/OneDrive-TheOhioStateUniversity/VSCode_image_processing_project/data/Step2_output/enhanced_sample_field/663.jpg,663,2.66,10.69,1,4.207647321287575
429.jpg,429,153.693758,133.6353237,96.55464764,159.0,138.0,99,19.20922353,115.3785674,153.7016901,19,97,159.0,0.530291075,0.547604706,4636.127643,0.005760389,0.024422744,15.11267487,1.495612411,0.36525404,2.197040806,1.167044601,56.72819431,2.019444743,22.80090964,56.72819431,15.05847847,28.37732976,0.238802599,0.246453192,0.146966143,/Users/dharamkar.1/Library/CloudStorage/OneDrive-TheOhioStateUniversity/VSCode_image_processing_project/data/Step2_output/enhanced_sample_field/429.jpg,429,2.77,18.6,2,4.331756088848622
515.jpg,515,87.62143256,70.26205756,47.04655612,86.0,68.0,45,17.10979353,129.5903619,87.62143256,17,121,86.0,0.283439557,0.276264706,935.2060578,0.011835431,0.046045408,13.25573079,1.755669263,0.210210338,2.535254778,0.475094026,31.05627089,3.814645442,16.77074645,31.05627089,12.16473347,16.95216496,0.067095441,0.066754194,0.036285531,/Users/dharamkar.1/Library/CloudStorage/OneDrive-TheOhioStateUniversity/VSCode_image_processing_project/data/Step2_output/enhanced_sample_field/515.jpg,515,2.77,50.91,2,6.369218321592128
626.jpg,626,157.4114716,138.0276427,110.1144173,162.0,142.0,114,17.66954321,80.94610969,157.4125279,17,76,162.0,0.549545736,0.565895294,1522.262332,0.009214072,0.035635435,13.91239872,1.776564774,0.522905418,2.405399618,1.509762452,58.53078416,2.897767135,17.65723432,58.53078416,13.89972073,22.55768969,0.2589829,0.265236387,0.185356595,/Users/dharamkar.1/Library/CloudStorage/OneDrive-TheOhioStateUniversity/VSCode_image_processing_project/data/Step2_output/enhanced_sample_field/626.jpg,626,2.66,1.65,1,4.934222351046118
454.jpg,454,146.6281091,124.3457031,84.16047513,145.0,123.0,83,19.2038624,115.0432278,146.6281091,19,110,145.0,0.494836704,0.489644314,1766.24968,0.008847385,0.030444715,13.99975839,1.72812432,0.703493481,2.113379011,1.646734053,53.29189208,2.752879805,25.10780605,53.29189208,16.88667646,30.08084034,0.208240629,0.213144089,0.114352938,/Users/dharamkar.1/Library/CloudStorage/OneDrive-TheOhioStateUniversity/VSCode_image_processing_project/data/Step2_output/enhanced_sample_field/454.jpg,454,2.66,0.0,1,3.3606575284921285
64.jpg,64,150.6662946,129.6090761,80.78710938,152.0,130.0,81,21.05831473,126.478137,150.6662946,21,118,152.0,0.512014397,0.514580392,1710.913177,0.008193365,0.031533885,14.16383238,1.655696336,0.582658687,1.864613929,1.855681313,55.07318316,1.152098619,29.34781747,55.07318316,16.58061546,35.05623157,0.221091652,0.230008207,0.110155994,/Users/dharamkar.1/Library/CloudStorage/OneDrive-TheOhioStateUniversity/VSCode_image_processing_project/data/Step2_output/enhanced_sample_field/64.jpg,64,1.38,6.86,1,3.955730298754521
152.jpg,152,130.6450694,111.4869061,80.79043766,129.0,109.0,78,18.4373007,111.4806282,130.6450694,19,99,129.0,0.444489413,0.436185882,2271.837904,0.006998843,0.028259273,14.58173575,1.787102763,0.44668196,2.264810398,1.129590074,48.08831721,2.79628233,19.88403348,48.08831721,14.08857142,23.64451262,0.165205026,0.168640794,0.10126108,/Users/dharamkar.1/Library/CloudStorage/OneDrive-TheOhioStateUniversity/VSCode_image_processing_project/data/Step2_output/enhanced_sample_field/152.jpg,152,6.72,25.64,1,5.900754569366999
433.jpg,433,150.4654616,130.2634526,101.1251196,154.0,133.0,102,17.46556122,104.2106784,150.4654616,18,86,154.0,0.519433356,0.529983137,3863.821609,0.005934998,0.027270259,15.05026624,1.613405971,0.361373283,2.516851776,0.962596442,55.5904084,3.16318679,18.6351263,55.5904084,14.59127864,23.30187353,0.230365045,0.235066398,0.1566433,/Users/dharamkar.1/Library/CloudStorage/OneDrive-TheOhioStateUniversity/VSCode_image_processing_project/data/Step2_output/enhanced_sample_field/433.jpg,433,2.77,18.6,2,3.4983169122639297
167.jpg,167,153.4089804,135.9676539,92.56020807,157.0,139.0,95,21.51524633,112.4115115,153.4089804,22,100,157.0,0.535467682,0.546823922,2284.838405,0.007089447,0.027635959,14.55757211,1.652688286,0.408469965,1.81349196,1.48537349,57.26480559,0.103524155,25.73131108,57.26480559,13.68248613,32.01537339,0.23970533,0.251948767,0.138515953,/Users/dharamkar.1/Library/CloudStorage/OneDrive-TheOhioStateUniversity/VSCode_image_processing_project/data/Step2_output/enhanced_sample_field/167.jpg,167,2.12,5.03,1,3.9764641513930847
55.jpg,55,132.890346,117.4685308,86.41812819,135.0,119.0,88,20.02020886,95.0127551,132.890346,20,88,135.0,0.464733069,0.470967059,1113.238809,0.01011358,0.040302759,13.63469672,1.647762078,0.512519031,1.996207935,1.298189206,50.08387657,1.050514038,19.33637554,50.08387657,11.5560495,23.70657489,0.177683546,0.184889636,0.115229053,/Users/dharamkar.1/Library/CloudStorage/OneDrive-TheOhioStateUniversity/VSCode_image_processing_project/data/Step2_output/enhanced_sample_field/55.jpg,55,1.49,39.76,1,3.6282697868775715
561.jpg,561,111.6801459,94.63938935,66.53702966,111.0,94.0,66,18.71420599,111.5778061,111.6801459,19,104,111.0,0.377389686,0.375412941,1218.595512,0.010377257,0.039462533,13.61481813,1.535995937,0.407419772,2.223550702,0.783571622,41.12638497,2.495678556,18.65992254,41.12638497,12.46474089,21.16613145,0.117007423,0.119436277,0.069251825,/Users/dharamkar.1/Library/CloudStorage/OneDrive-TheOhioStateUniversity/VSCode_image_processing_project/data/Step2_output/enhanced_sample_field/561.jpg,561,2.77,42.7,2,2.9242950985866014
134.jpg,134,142.1470225,117.559092,68.15519372,142.0,117.0,67,20.15324059,142.3399833,142.1470225,20,134,142.0,0.467537279,0.466070196,1699.650685,0.008440006,0.030115556,14.1048234,1.913149955,0.709954982,1.999197494,1.83766853,50.73085912,2.945244051,30.64861096,50.73085912,19.21811355,34.82768068,0.186559662,0.190373363,0.081840515,/Users/dharamkar.1/Library/CloudStorage/OneDrive-TheOhioStateUniversity/VSCode_image_processing_project/data/Step2_output/enhanced_sample_field/134.jpg,134,1.38,19.4,1,5.289535036285136
89.jpg,89,166.3104074,147.794304,100.9580676,168.0,149.0,102,21.64588648,104.5440051,166.3104074,22,99,168.0,0.581772876,0.586843137,1535.263173,0.009122494,0.032577345,13.90486492,1.648348861,0.477631525,1.791789651,2.021038532,61.82280745,-0.016207583,27.30332519,61.82280745,14.57301826,34.55754161,0.286960536,0.301958121,0.166144289,/Users/dharamkar.1/Library/CloudStorage/OneDrive-TheOhioStateUniversity/VSCode_image_processing_project/data/Step2_output/enhanced_sample_field/89.jpg,89,1.48,5.1,1,5.322291815803723
17.jpg,17,162.1806441,141.2868503,106.0449817,168.0,147.0,110,18.81915657,99.54017857,162.1806441,19,88,168.0,0.561513109,0.582630588,2843.788297,0.006673655,0.026098273,14.74362522,1.830799336,0.416578934,2.196605996,1.340567284,59.77778967,2.494713521,21.71090729,59.77778967,15.44275975,27.51836155,0.271083799,0.278773721,0.175969596,/Users/dharamkar.1/Library/CloudStorage/OneDrive-TheOhioStateUniversity/VSCode_image_processing_project/data/Step2_output/enhanced_sample_field/17.jpg,17,1.31,34.31,1,4.172607969783028
585.jpg,585,128.3560866,111.2673589,88.15116789,126.0,109.0,86,17.38805405,86.14120297,128.3616669,17,82,126.0,0.444047201,0.435962745,1561.997458,0.009089673,0.032918328,13.94527218,1.393821562,0.475179741,2.490412658,0.919973414,47.94584497,2.940612173,15.35706072,47.94584497,12.11403697,18.63121043,0.16437204,0.167518596,0.116303234,/Users/dharamkar.1/Library/CloudStorage/OneDrive-TheOhioStateUniversity/VSCode_image_processing_project/data/Step2_output/enhanced_sample_field/585.jpg,585,1.59,23.77,1,4.890457598193109
650.jpg,650,126.4819037,107.0996692,72.19329959,126.0,107.0,72,19.21586017,117.7196468,126.4819037,19,110,126.0,0.42628096,0.426110588,1483.201413,0.009312972,0.033269469,13.85750138,1.850304604,0.537470263,2.117348282,1.283760663,46.28425514,2.452541175,22.40286593,46.28425514,14.56367283,25.96406868,0.151198524,0.1547964,0.083536877,/Users/dharamkar.1/Library/CloudStorage/OneDrive-TheOhioStateUniversity/VSCode_image_processing_project/data/Step2_output/enhanced_sample_field/650.jpg,650,2.77,3.96,2,2.960579253306679
325.jpg,325,121.5195711,101.4499761,63.67564174,122.0,102.0,64,19.49515705,127.0714286,121.5195711,19,121,122.0,0.403887198,0.406205098,857.8405469,0.011971016,0.045995838,13.17001224,1.708430583,0.561547861,2.067352563,1.00523474,44.03833113,2.555207741,24.31206446,44.03833113,15.2586047,27.28389258,0.135722432,0.138647444,0.067621292,/Users/dharamkar.1/Library/CloudStorage/OneDrive-TheOhioStateUniversity/VSCode_image_processing_project/data/Step2_output/enhanced_sample_field/325.jpg,325,2.5,5.62,3,4.01545218856276
322.jpg,322,148.816486,124.1216319,77.40202487,150.0,125.0,78,19.6609933,131.8194754,148.816486,20,122,150.0,0.494120803,0.499392157,2100.342969,0.00800079,0.028656116,14.27111249,1.752322224,0.682998165,2.064750483,1.893548055,53.34205048,3.086753273,28.9784688,53.34205048,19.06289674,33.89918246,0.209382773,0.213607291,0.101139517,/Users/dharamkar.1/Library/CloudStorage/OneDrive-TheOhioStateUniversity/VSCode_image_processing_project/data/Step2_output/enhanced_sample_field/322.jpg,322,1.92,14.31,2,3.765789283328467
661.jpg,661,144.0292769,124.138054,86.53232621,149.0,129.0,90,19.54689493,110.37215,144.0293168,19,100,149.0,0.492759082,0.509832549,1556.966228,0.008697723,0.033765039,14.03800242,2.084433084,0.55574419,2.064393022,1.803978673,53.01863795,2.033262578,23.36545465,53.01863795,15.03782413,28.34910108,0.204332776,0.210632405,0.119037142,/Users/dharamkar.1/Library/CloudStorage/OneDrive-TheOhioStateUniversity/VSCode_image_processing_project/data/Step2_output/enhanced_sample_field/661.jpg,661,1.75,10.81,1,4.4624927241663706
538.jpg,538,115.0535116,102.9903739,83.37422274,116.0,104.0,84,18.51979034,82.11065051,115.0535116,19,71,116.0,0.408390063,0.410648039,1917.359245,0.007832441,0.028585517,14.28911021,1.681801572,0.315432112,2.250631819,0.653017782,44.20105307,1.404451498,12.83177174,44.20105307,8.549476901,15.5908895,0.135023523,0.139777831,0.102439282,/Users/dharamkar.1/Library/CloudStorage/OneDrive-TheOhioStateUniversity/VSCode_image_processing_project/data/Step2_output/enhanced_sample_field/538.jpg,538,2.66,60.57,1,4.53850422759773
177.jpg,177,149.8735651,131.2092235,95.10728237,152.0,133.0,97,19.7094029,101.6217116,149.8735651,20,93,152.0,0.519891946,0.525824314,1837.025525,0.007575879,0.030152889,14.35772791,1.839473543,0.441999773,2.039810537,1.43728208,55.67490604,1.59017034,22.1468777,55.67490604,14.05034664,27.57160295,0.227695655,0.235899722,0.14202879,/Users/dharamkar.1/Library/CloudStorage/OneDrive-TheOhioStateUniversity/VSCode_image_processing_project/data/Step2_output/enhanced_sample_field/177.jpg,177,6.72,7.26,1,5.855740575560813
137.jpg,137,139.83524,116.7746931,72.40555246,140.0,117.0,73,19.71942761,130.1287468,139.83524,20,123,140.0,0.464611938,0.465817255,1351.4791,0.009675404,0.034438771,13.76246221,1.500366676,0.779897387,2.041800905,1.634844986,50.34076441,2.79846354,27.7624632,50.34076441,17.78281239,32.05904609,0.183060454,0.187054192,0.088449836,/Users/dharamkar.1/Library/CloudStorage/OneDrive-TheOhioStateUniversity/VSCode_image_processing_project/data/Step2_output/enhanced_sample_field/137.jpg,137,1.48,19.86,1,3.2420193747872457
722.jpg,722,134.4405493,124.3919603,106.1497329,134.0,124.0,106,19.52266024,58.81431362,134.4478436,19,54,134.0,0.491027533,0.490054118,1871.198451,0.008505883,0.031873551,14.14820452,1.885843445,0.319563211,2.125952468,0.834941406,52.5781551,0.644381871,11.35329095,52.5781551,7.164200824,14.76461628,0.197678283,0.206625266,0.166195495,/Users/dharamkar.1/Library/CloudStorage/OneDrive-TheOhioStateUniversity/VSCode_image_processing_project/data/Step2_output/enhanced_sample_field/722.jpg,722,2.51,21.72,2,4.61032855867386
539.jpg,539,104.3928173,95.12103396,78.66039541,104.0,95.0,78,19.39674346,73.40784439,104.3928571,20,63,104.0,0.376095984,0.37466902,1519.326994,0.008565571,0.031523415,14.04180118,2.068582442,0.211699562,2.147834569,0.506669975,40.78814787,0.765857749,10.78268198,40.78814787,6.529925583,12.99732459,0.112566111,0.117327319,0.09002064,/Users/dharamkar.1/Library/CloudStorage/OneDrive-TheOhioStateUniversity/VSCode_image_processing_project/data/Step2_output/enhanced_sample_field/539.jpg,539,2.66,60.57,1,4.76752637712679
486.jpg,486,102.171596,83.87916534,59.99433992,102.0,84.0,59,16.96597975,118.3707749,102.171596,17,106,102.0,0.337428278,0.336227059,1563.022021,0.009210005,0.032783427,13.85853881,1.600424484,0.332256886,2.562288124,0.662148187,36.89874942,3.830134247,16.80852259,36.89874942,12.97412133,18.2646241,0.094755551,0.094833602,0.056043166,/Users/dharamkar.1/Library/CloudStorage/OneDrive-TheOhioStateUniversity/VSCode_image_processing_project/data/Step2_output/enhanced_sample_field/486.jpg,486,1.75,75.9,1,4.91305827901432
708.jpg,708,138.3143734,129.99715,111.8870177,140.0,132.0,114,20.73118622,52.42020089,138.3144133,21,48,140.0,0.511603214,0.518941569,1660.767857,0.008776447,0.031448583,14.02491349,2.034608587,0.261904351,1.92847308,0.848874342,54.61869528,-0.053438446,10.94791157,54.61869528,6.062831311,14.53500009,0.214335822,0.225623899,0.185177768,/Users/dharamkar.1/Library/CloudStorage/OneDrive-TheOhioStateUniversity/VSCode_image_processing_project/data/Step2_output/enhanced_sample_field/708.jpg,708,1.59,29.25,1,5.469992658779346
230.jpg,230,177.9884606,148.7399753,105.2230349,187.0,156.0,111,17.92871094,114.6350048,177.9884606,18,103,187.0,0.595363557,0.625157255,2226.280429,0.007336299,0.031826332,14.52657694,1.664425251,0.518147914,2.36440971,1.661030493,63.26209579,4.827173204,27.07027887,63.26209579,21.79068355,33.5824952,0.316257526,0.319023508,0.179128678,/Users/dharamkar.1/Library/CloudStorage/OneDrive-TheOhioStateUniversity/VSCode_image_processing_project/data/Step2_output/enhanced_sample_field/230.jpg,230,1.92,8.89,2,6.656370369237929
593.jpg,593,116.2437022,97.91509885,68.18106266,118.0,99.0,69,18.57005341,113.1506497,116.2437022,19,105,118.0,0.390847463,0.396159608,1023.183656,0.011202233,0.045268242,13.4618485,1.631882821,0.528447124,2.238774413,0.850184821,42.56574027,2.802087054,19.6734065,42.56574027,13.47122183,22.40910242,0.126438049,0.128693598,0.073143191,/Users/dharamkar.1/Library/CloudStorage/OneDrive-TheOhioStateUniversity/VSCode_image_processing_project/data/Step2_output/enhanced_sample_field/593.jpg,593,1.27,26.02,1,3.5655215183449775
154.jpg,154,154.9745297,126.8060029,73.46412628,156.0,128.0,74,19.64180086,140.9520886,154.9745297,20,133,156.0,0.505670061,0.51027098,1477.694166,0.009242388,0.033136518,13.87255548,1.73014831,0.892511987,2.057902464,2.313487995,54.64041294,3.880615067,32.87979933,54.64041294,22.00949264,37.75750171,0.22295863,0.225832125,0.095671101,/Users/dharamkar.1/Library/CloudStorage/OneDrive-TheOhioStateUniversity/VSCode_image_processing_project/data/Step2_output/enhanced_sample_field/154.jpg,154,1.18,22.42,1,5.534709612704975
487.jpg,487,127.5847018,106.0435467,78.18746014,126.0,105.0,77,16.82957988,108.4913704,127.5849011,17,100,126.0,0.425931837,0.421362745,1963.619935,0.008386081,0.028256205,14.12488851,1.688774311,0.589112317,2.554160069,1.048073196,46.21432513,4.301288024,18.8458096,46.21432513,15.53581236,21.94648212,0.153804009,0.15427559,0.094086123,/Users/dharamkar.1/Library/CloudStorage/OneDrive-TheOhioStateUniversity/VSCode_image_processing_project/data/Step2_output/enhanced_sample_field/487.jpg,487,1.75,75.9,1,4.898427518196336
633.jpg,633,138.5627392,120.4731346,85.57138871,140.0,122.0,87,19.66342474,106.2021484,138.5627392,20,97,140.0,0.477650038,0.482151373,1992.396861,0.008056797,0.028298532,14.20969431,1.839894331,0.492717596,2.043079748,1.417835607,51.45541278,1.653206913,21.74872747,51.45541278,13.62479018,26.4256917,0.190108672,0.196642073,0.115055078,/Users/dharamkar.1/Library/CloudStorage/OneDrive-TheOhioStateUniversity/VSCode_image_processing_project/data/Step2_output/enhanced_sample_field/633.jpg,633,1.59,1.41,1,3.6111227216750126
473.jpg,473,129.3668288,111.1815011,77.55110013,130.0,111.0,78,19.42131696,105.2197266,129.3668288,19,102,130.0,0.441651495,0.442630196,746.7588485,0.013543508,0.04753107,12.84421184,1.728660974,0.663489246,2.083903983,1.079259766,47.81440804,2.004988492,21.37142158,47.81440804,13.63303064,25.30297769,0.161727264,0.166487744,0.094832363,/Users/dharamkar.1/Library/CloudStorage/OneDrive-TheOhioStateUniversity/VSCode_image_processing_project/data/Step2_output/enhanced_sample_field/473.jpg,473,2.51,0.0,2,4.32373289167718
466.jpg,466,142.3948701,122.0626594,80.76269531,143.0,122.0,80,20.11176658,115.8836097,142.3948701,20,111,143.0,0.483943242,0.484859608,1440.37462,0.010082077,0.035781464,13.67738596,1.487820365,0.744329267,1.987295213,1.714691619,52.18776759,1.823439725,25.50108007,52.18776759,15.61336454,30.44012995,0.196671759,0.203116614,0.106203818,/Users/dharamkar.1/Library/CloudStorage/OneDrive-TheOhioStateUniversity/VSCode_image_processing_project/data/Step2_output/enhanced_sample_field/466.jpg,466,1.27,0.0,1,3.8209755346333103
542.jpg,542,96.07521524,82.59149793,60.11102918,96.0,83.0,60,18.68504863,106.2795958,96.07521524,19,96,96.0,0.328768416,0.328704314,1157.02104,0.01036173,0.038159069,13.55133778,1.544331115,0.228446703,2.215542739,0.476718632,35.87399257,1.849189337,15.25456969,35.87399257,9.617931322,16.8817495,0.087125314,0.089428317,0.055563474,/Users/dharamkar.1/Library/CloudStorage/OneDrive-TheOhioStateUniversity/VSCode_image_processing_project/data/Step2_output/enhanced_sample_field/542.jpg,542,1.59,45.07,1,4.434681161622489
320.jpg,320,144.0091079,115.1404855,64.95543686,143.0,114.0,64,19.03904257,148.8527583,144.0091079,19,141,143.0,0.461398925,0.457921569,1658.721933,0.008814767,0.032725314,14.01660319,1.757916093,0.821714105,2.156537893,1.792856578,50.22291794,4.862143484,31.8150637,50.22291794,22.41914039,35.34168458,0.186035291,0.186059124,0.076042567,/Users/dharamkar.1/Library/CloudStorage/OneDrive-TheOhioStateUniversity/VSCode_image_processing_project/data/Step2_output/enhanced_sample_field/320.jpg,320,1.92,14.31,2,6.6045737141804155
345.jpg,345,107.7458745,89.03402025,57.28603316,108.0,89.0,57,18.86790497,128.412488,107.7458745,19,120,108.0,0.355769645,0.355522353,1053.847954,0.011010042,0.041197481,13.42225946,1.983115748,0.392249484,2.188010706,0.713626482,38.93544938,2.928860094,21.20949516,38.93544938,13.87118836,23.0645051,0.10474637,0.106214565,0.05405708,/Users/dharamkar.1/Library/CloudStorage/OneDrive-TheOhioStateUniversity/VSCode_image_processing_project/data/Step2_output/enhanced_sample_field/345.jpg,345,2.05,36.1,2,3.95141090725294
510.jpg,510,123.5454401,101.4841956,71.15762516,119.0,97.0,67,17.29697465,116.939493,123.5454401,17,111,119.0,0.407786919,0.392460392,1627.848575,0.009074261,0.033886021,13.96572702,1.759141859,0.518302534,2.463609529,1.028983572,44.39115724,4.317338436,20.46912215,44.39115724,16.11057854,23.28769899,0.140901735,0.141106197,0.079675247,/Users/dharamkar.1/Library/CloudStorage/OneDrive-TheOhioStateUniversity/VSCode_image_processing_project/data/Step2_output/enhanced_sample_field/510.jpg,510,2.51,21.1,2,5.228929775207813
718.jpg,718,127.1402065,118.5003986,100.649155,130.0,121.0,103,20.46069834,58.05106027,127.1508291,21,52,130.0,0.466859934,0.477768627,1320.973755,0.00963718,0.037459996,13.79737478,2.033031645,0.297299008,2.01435571,0.828884825,50.13385104,0.157893826,11.03884903,50.13385104,6.252151115,14.26919471,0.176423872,0.185309409,0.148659414,/Users/dharamkar.1/Library/CloudStorage/OneDrive-TheOhioStateUniversity/VSCode_image_processing_project/data/Step2_output/enhanced_sample_field/718.jpg,718,1.27,29.5,1,5.35262260487928
630.jpg,630,124.0954241,105.8816366,77.59956952,124.0,106.0,78,18.25898836,102.6056282,124.0954241,18,96,124.0,0.422403645,0.423037255,1432.065843,0.009582903,0.033586125,13.75736607,1.529296655,0.567066178,2.292093558,1.143840678,45.79926805,2.793681811,18.57240726,45.79926805,13.27638196,21.86762219,0.148288535,0.151208438,0.092681522,/Users/dharamkar.1/Library/CloudStorage/OneDrive-TheOhioStateUniversity/VSCode_image_processing_project/data/Step2_output/enhanced_sample_field/630.jpg,630,1.59,1.41,1,3.351960274819173
646.jpg,646,150.8484534,128.3871373,95.50438457,152.0,128.0,95,17.99170918,97.57824458,150.8583586,18,96,152.0,0.512899296,0.513218431,1277.685338,0.010276003,0.03721748,13.65400946,1.853759607,0.776726003,2.359830161,1.916654067,55.01124859,3.646157133,21.05269114,55.01124859,16.43697808,25.86264168,0.225930331,0.22940743,0.141818644,/Users/dharamkar.1/Library/CloudStorage/OneDrive-TheOhioStateUniversity/VSCode_image_processing_project/data/Step2_output/enhanced_sample_field/646.jpg,646,2.77,3.96,2,5.35488528909123
224.jpg,224,149.0190529,130.784658,97.60684391,153.0,134.0,99,19.21755421,110.9740115,149.0196708,19,90,153.0,0.518695477,0.529526667,3005.068606,0.006227892,0.033628807,14.94031541,1.658048479,0.344090432,2.176911903,1.030818032,55.52416994,1.793893185,20.51901442,55.52416994,13.55334055,25.69739784,0.226715985,0.234414521,0.147853183,/Users/dharamkar.1/Library/CloudStorage/OneDrive-TheOhioStateUniversity/VSCode_image_processing_project/data/Step2_output/enhanced_sample_field/224.jpg,224,2.29,13.35,2,6.137847703988045
477.jpg,477,136.4569515,115.0115394,73.77981505,137.0,116.0,74,19.69015067,120.7349131,136.4569515,20,117,137.0,0.457238753,0.45886,839.8607663,0.012795421,0.043411879,13.00572529,1.467904387,0.92510112,2.041346124,1.507369566,49.53125901,2.466437156,25.89151166,49.53125901,16.42736037,30.12277449,0.175888428,0.180289971,0.089913746,/Users/dharamkar.1/Library/CloudStorage/OneDrive-TheOhioStateUniversity/VSCode_image_processing_project/data/Step2_output/enhanced_sample_field/477.jpg,477,2.77,0.0,2,5.0044856435728144
349.jpg,349,96.84956952,79.79125478,53.17366869,97.0,80.0,53,18.34359056,123.5580756,96.84956952,18,115,97.0,0.319596152,0.319975294,862.4104941,0.012266987,0.046166758,13.10644758,1.561599945,0.235630231,2.289006002,0.471083422,35.00120087,3.00590047,18.34997244,35.00120087,12.30784414,19.46471341,0.08413952,0.084989884,0.045854506,/Users/dharamkar.1/Library/CloudStorage/OneDrive-TheOhioStateUniversity/VSCode_image_processing_project/data/Step2_output/enhanced_sample_field/349.jpg,349,2.29,32.6,2,4.13022929570518
337.jpg,337,130.0114597,108.5050223,67.98676658,130.0,109.0,68,19.5584941,129.2172553,130.0114597,19,122,130.0,0.431975584,0.433656078,1304.234505,0.010073139,0.037322013,13.65905041,1.539695273,0.697038839,2.066680476,1.355132897,46.97014631,2.725887343,25.7639301,46.97014631,16.44913481,29.34340472,0.156670805,0.159966904,0.077275941,/Users/dharamkar.1/Library/CloudStorage/OneDrive-TheOhioStateUniversity/VSCode_image_processing_project/data/Step2_output/enhanced_sample_field/337.jpg,337,1.92,7.87,2,3.7038677050091797
26.jpg,26,141.9146604,127.7770249,93.29665577,142.0,128.0,93,21.16868622,89.33396445,141.9146604,21,87,142.0,0.50311858,0.503731373,632.2803692,0.014212813,0.049324139,12.67339259,1.857854202,0.632570192,1.822211164,1.911295685,53.94177624,-0.068358602,20.7221462,53.94177624,10.89858522,26.04073868,0.208199153,0.219197706,0.13556192,/Users/dharamkar.1/Library/CloudStorage/OneDrive-TheOhioStateUniversity/VSCode_image_processing_project/data/Step2_output/enhanced_sample_field/26.jpg,26,2.12,0.0,1,5.206143147237894
247.jpg,247,166.370456,141.515346,95.39315609,177.0,150.0,101,19.39194037,123.5987325,166.3704959,19,110,177.0,0.56263391,0.597125882,2868.514334,0.006598436,0.030351176,14.79803483,1.562703702,0.445196914,2.134365036,1.606826634,60.05448099,2.834467272,28.04319848,60.05448099,18.97367503,34.44765921,0.274887934,0.281838587,0.149093689,/Users/dharamkar.1/Library/CloudStorage/OneDrive-TheOhioStateUniversity/VSCode_image_processing_project/data/Step2_output/enhanced_sample_field/247.jpg,247,1.92,8.89,2,4.783458708664295
209.jpg,209,158.6043128,139.1347457,100.7397561,165.0,144.0,104,19.93269691,109.2850566,158.609096,20,94,165.0,0.550995098,0.57060549,4345.502162,0.005918854,0.02425569,15.03932931,1.688152449,0.383682394,2.044042642,1.224433258,58.76113282,1.529462239,23.25013286,58.76113282,14.71291035,29.2918048,0.258084101,0.267703255,0.160493896,/Users/dharamkar.1/Library/CloudStorage/OneDrive-TheOhioStateUniversity/VSCode_image_processing_project/data/Step2_output/enhanced_sample_field/209.jpg,209,2.05,13.26,2,4.3584782422193795
370.jpg,370,154.9997808,129.1492347,92.29207191,159.0,132.0,94,17.38323103,124.5685587,154.9997808,17,106,159.0,0.517588527,0.530459216,4537.012252,0.005781622,0.024724719,15.09917709,1.491873891,0.456196733,2.549994846,1.235162042,55.57080897,4.577123299,23.68409991,55.57080897,19.10373646,28.6451307,0.233324874,0.234873387,0.134938694,/Users/dharamkar.1/Library/CloudStorage/OneDrive-TheOhioStateUniversity/VSCode_image_processing_project/data/Step2_output/enhanced_sample_field/370.jpg,370,2.07,17.5,1,4.893995687850081
86.jpg,86,155.6067243,138.2521724,97.58185188,157.0,139.0,99,21.17006138,99.69529257,155.6067243,21,95,157.0,0.545128175,0.549353725,1465.669503,0.00921156,0.033280283,13.86428058,1.692642811,0.515442098,1.856040269,1.76239758,58.18205453,0.370584576,24.18840747,58.18205453,13.43267862,30.4593987,0.249442334,0.261530657,0.151828458,/Users/dharamkar.1/Library/CloudStorage/OneDrive-TheOhioStateUniversity/VSCode_image_processing_project/data/Step2_output/enhanced_sample_field/86.jpg,86,1.38,2.73,1,3.5807278003551923
389.jpg,389,150.956832,130.8515824,104.7156011,156.0,135.0,107,16.69178492,98.55813536,150.956832,17,80,156.0,0.522508015,0.539790588,5201.741332,0.005614775,0.022408643,15.17402711,1.595165417,0.358960454,2.703226611,0.897748636,55.86974502,3.528551806,16.97828779,55.86974502,14.29122935,21.33704865,0.233861763,0.237828745,0.166429578,/Users/dharamkar.1/Library/CloudStorage/OneDrive-TheOhioStateUniversity/VSCode_image_processing_project/data/Step2_output/enhanced_sample_field/389.jpg,389,2.66,19.2,1,5.512452865506345
489.jpg,489,116.7081473,100.5206473,75.03425941,117.0,101.0,76,18.35465163,101.5958825,116.7081473,18,91,117.0,0.400482049,0.402640784,1578.998899,0.008677575,0.031781556,14.02192648,1.492928899,0.423093178,2.281277894,0.971736773,43.48549158,2.366693162,16.85097873,43.48549158,11.69800687,19.74113154,0.131755434,0.134852561,0.085697435,/Users/dharamkar.1/Library/CloudStorage/OneDrive-TheOhioStateUniversity/VSCode_image_processing_project/data/Step2_output/enhanced_sample_field/489.jpg,489,1.75,75.9,1,4.461348998036774
568.jpg,568,123.993463,102.5331832,71.95992108,128.0,106.0,75,17.56361607,116.9287907,123.993463,18,105,128.0,0.411330041,0.425805098,1350.821869,0.009435404,0.036449863,13.82700731,1.673180946,0.712360686,2.41976073,1.334305447,44.74560341,3.996629847,20.47483361,44.74560341,15.70529981,23.42296633,0.142838704,0.143605338,0.08141763,/Users/dharamkar.1/Library/CloudStorage/OneDrive-TheOhioStateUniversity/VSCode_image_processing_project/data/Step2_output/enhanced_sample_field/568.jpg,568,2.05,33.5,1,4.567384060911074
204.jpg,204,144.2889031,127.4100566,92.31752232,147.0,130.0,95,20.19463489,102.621293,144.2889031,20,91,147.0,0.503790744,0.514327451,2092.471373,0.007336477,0.02827229,14.47239021,1.853834389,0.405440743,1.973949772,1.337678055,54.04747296,1.015089097,21.45851055,54.04747296,12.78487843,26.6650556,0.211404793,0.22019297,0.133317857,/Users/dharamkar.1/Library/CloudStorage/OneDrive-TheOhioStateUniversity/VSCode_image_processing_project/data/Step2_output/enhanced_sample_field/204.jpg,204,3.11,0.84,1,3.041507729435647
446.jpg,446,133.8780493,113.1722736,77.42715641,132.0,111.0,75,18.87488042,111.0230788,133.8780493,19,110,132.0,0.450960894,0.442630196,1002.76035,0.012728178,0.041669105,13.05138001,2.00419721,0.630980669,2.160835319,1.258819275,48.82175856,2.813343653,22.85002894,48.82175856,15.52583125,26.86416273,0.170914972,0.174497199,0.095663379,/Users/dharamkar.1/Library/CloudStorage/OneDrive-TheOhioStateUniversity/VSCode_image_processing_project/data/Step2_output/enhanced_sample_field/446.jpg,446,1.75,0.0,1,4.808211881721214
53.jpg,53,141.9511918,122.7099609,89.33238999,143.0,123.0,90,19.0474729,103.0620615,141.9511918,19,95,143.0,0.487812548,0.48968902,1628.568446,0.008186049,0.03201272,14.18941977,1.832225677,0.533039204,2.154524537,1.451034298,52.47365407,2.306646654,21.01651455,52.47365407,14.29466091,25.68298883,0.20011415,0.205682123,0.124377758,/Users/dharamkar.1/Library/CloudStorage/OneDrive-TheOhioStateUniversity/VSCode_image_processing_project/data/Step2_output/enhanced_sample_field/53.jpg,53,2.2,51.05,1,3.985966129850197
335.jpg,335,158.1998764,135.3263911,88.18486926,159.0,136.0,89,20.28013393,118.5010961,158.1998764,20,112,159.0,0.536423933,0.540930196,1493.53145,0.009055129,0.033220146,13.92412105,1.766127756,0.660685943,1.974153121,2.209306277,57.47982985,2.000830286,28.51285293,57.47982985,17.70684105,34.58261887,0.246191844,0.254173611,0.128793174,/Users/dharamkar.1/Library/CloudStorage/OneDrive-TheOhioStateUniversity/VSCode_image_processing_project/data/Step2_output/enhanced_sample_field/335.jpg,335,2.29,4.3,2,3.331755378444115
81.jpg,81,159.659379,135.308813,81.56144372,161.0,137.0,83,20.77909758,132.0314094,159.659379,21,123,161.0,0.535718129,0.542031373,1694.585122,0.008457533,0.031825528,14.09683903,1.631639201,0.675181432,1.90705552,2.409024813,57.51758801,1.942527159,32.19194576,57.51758801,19.19711402,38.25692015,0.246433959,0.254565639,0.115087234,/Users/dharamkar.1/Library/CloudStorage/OneDrive-TheOhioStateUniversity/VSCode_image_processing_project/data/Step2_output/enhanced_sample_field/81.jpg,81,1.18,7.07,1,4.350098445099154
537.jpg,537,113.1430963,102.1518256,84.17649872,113.0,102.0,84,18.7181521,76.86692841,113.1439134,19,66,113.0,0.404672351,0.40466549,1811.837644,0.007864228,0.029529115,14.27005708,2.009418592,0.278864363,2.241910748,0.632418953,43.79384197,1.209818201,11.75936731,43.79384197,7.742975923,14.35401568,0.132018675,0.136960524,0.103695492,/Users/dharamkar.1/Library/CloudStorage/OneDrive-TheOhioStateUniversity/VSCode_image_processing_project/data/Step2_output/enhanced_sample_field/537.jpg,537,2.66,60.57,1,4.017552166185636
654.jpg,654,155.8513433,131.2906569,89.08109455,159.0,134.0,92,18.92625957,116.671317,155.8513433,19,107,159.0,0.523398013,0.534701176,1688.217189,0.008553514,0.034954778,14.10130663,1.582174939,0.66757971,2.17306045,1.919704266,56.17544542,3.358300521,26.28681057,56.17544542,18.58117727,31.75081145,0.236440556,0.24087651,0.128703085,/Users/dharamkar.1/Library/CloudStorage/OneDrive-TheOhioStateUniversity/VSCode_image_processing_project/data/Step2_output/enhanced_sample_field/654.jpg,654,2.05,2.19,1,3.3861343917951285
355.jpg,355,142.6919244,124.0512396,86.17542251,145.0,126.0,88,20.04438377,110.9972098,142.6923031,20,101,145.0,0.491300152,0.499512157,2236.816564,0.007835024,0.029453851,14.34799318,1.731506213,0.513763479,2.000458627,1.557912406,52.85732073,1.46428742,23.33061565,52.85732073,14.1942914,28.39246585,0.20175621,0.209158921,0.118130938,/Users/dharamkar.1/Library/CloudStorage/OneDrive-TheOhioStateUniversity/VSCode_image_processing_project/data/Step2_output/enhanced_sample_field/355.jpg,355,1.92,33.39,2,3.0979820572371546
716.jpg,716,139.3312141,128.6717355,107.8797632,143.0,132.0,111,19.92753508,62.78358179,139.3473772,20,56,143.0,0.507599112,0.521724314,1667.197349,0.008827102,0.033382527,14.04310675,1.598670245,0.323064517,2.112900163,1.068439195,54.25158911,0.467485402,12.75777852,54.25158911,7.718591377,16.66238024,0.212101034,0.222123491,0.173198858,/Users/dharamkar.1/Library/CloudStorage/OneDrive-TheOhioStateUniversity/VSCode_image_processing_project/data/Step2_output/enhanced_sample_field/716.jpg,716,1.27,29.5,1,4.6357630641012
445.jpg,445,139.5114796,115.7768854,72.95432079,137.0,113.0,70,19.22193878,126.894312,139.5114796,19,124,137.0,0.46169796,0.450696471,1335.826594,0.01090148,0.036560628,13.48375873,1.350112684,0.823405088,2.110600127,1.289191607,50.04205803,3.28634067,27.07050628,50.04205803,18.1622154,31.22613076,0.181543785,0.184538858,0.088993007,/Users/dharamkar.1/Library/CloudStorage/OneDrive-TheOhioStateUniversity/VSCode_image_processing_project/data/Step2_output/enhanced_sample_field/445.jpg,445,1.75,0.0,1,4.658540075696508
707.jpg,707,123.7516741,113.3623246,95.1124442,125.0,114.0,96,19.37228954,64.19238281,123.7850167,19,59,125.0,0.448055863,0.452274902,1363.889114,0.009486945,0.035103823,13.82223509,1.784512446,0.348360093,2.160748571,0.80054336,48.24308004,0.839499421,11.60294314,48.24308004,7.385106394,14.66906161,0.162924894,0.169865466,0.132706632,/Users/dharamkar.1/Library/CloudStorage/OneDrive-TheOhioStateUniversity/VSCode_image_processing_project/data/Step2_output/enhanced_sample_field/707.jpg,707,1.59,29.25,1,6.042973711285774
187.jpg,187,139.3576212,121.9363042,81.83543925,141.0,123.0,83,21.03914222,113.3550502,139.3576212,21,104,141.0,0.481361026,0.486608627,1656.257908,0.008656779,0.031243325,14.01856163,1.572835732,0.542609339,1.87187369,1.485390179,51.87194118,0.702375451,24.42959093,51.87194118,13.51370709,29.49720078,0.191760675,0.200307331,0.10803796,/Users/dharamkar.1/Library/CloudStorage/OneDrive-TheOhioStateUniversity/VSCode_image_processing_project/data/Step2_output/enhanced_sample_field/187.jpg,187,1.38,0.82,1,3.534074392535433
251.jpg,251,157.2653261,135.2440808,91.95063377,164.0,141.0,95,19.87396365,124.5090282,157.2655054,20,108,164.0,0.536478972,0.559584706,3291.092629,0.006135703,0.028425126,14.95183202,1.624575284,0.400037899,2.060136916,1.368729428,57.42827255,2.07381805,26.35280113,57.42827255,16.8439789,32.31640584,0.24584617,0.253638961,0.137117516,/Users/dharamkar.1/Library/CloudStorage/OneDrive-TheOhioStateUniversity/VSCode_image_processing_project/data/Step2_output/enhanced_sample_field/251.jpg,251,1.92,8.89,2,4.27804864872941
374.jpg,374,143.9204799,125.3887117,91.46293048,144.0,125.0,90,19.04789142,117.6030373,143.9206593,19,97,144.0,0.49757123,0.497279608,4127.311539,0.005951872,0.02753704,15.06868157,1.520736658,0.332549732,2.245934307,0.996701316,53.44083486,1.894517654,21.12780325,53.44083486,13.83595419,26.03813213,0.207792516,0.214521504,0.130458212,/Users/dharamkar.1/Library/CloudStorage/OneDrive-TheOhioStateUniversity/VSCode_image_processing_project/data/Step2_output/enhanced_sample_field/374.jpg,374,1.75,22.3,1,4.668549580900828
612.jpg,612,170.4366032,143.9114318,106.7503388,174.0,147.0,108,17.66619499,101.2548031,170.4390346,17,96,174.0,0.575955749,0.588241176,1993.774764,0.007969585,0.030885859,14.25687893,1.68013976,0.595230713,2.446112652,1.831745948,61.28323207,4.543169718,23.47447998,61.28323207,19.44268223,29.33388005,0.29273144,0.295720793,0.180032297,/Users/dharamkar.1/Library/CloudStorage/OneDrive-TheOhioStateUniversity/VSCode_image_processing_project/data/Step2_output/enhanced_sample_field/612.jpg,612,2.07,0.18,1,6.782938846760514
570.jpg,570,134.7557996,114.6414421,83.64845743,138.0,118.0,86,18.19232302,104.0863959,134.7557996,18,95,138.0,0.457573133,0.468994902,1314.555774,0.009629046,0.038018385,13.7860124,1.736332114,0.705493471,2.303599478,1.606599035,49.43038583,3.118472016,20.09274055,49.43038583,14.75652453,24.03240571,0.17629104,0.179458683,0.108484088,/Users/dharamkar.1/Library/CloudStorage/OneDrive-TheOhioStateUniversity/VSCode_image_processing_project/data/Step2_output/enhanced_sample_field/570.jpg,570,1.75,3.98,1,4.051767627130111
155.jpg,155,147.2827846,124.613361,75.0558235,149.0,126.0,76,20.73060826,132.1378149,147.2827846,21,124,149.0,0.493558883,0.498581569,1429.599796,0.009300861,0.03353335,13.85525333,1.772202261,0.722312547,1.916931232,2.180953412,53.28554946,1.892774012,30.16329012,53.28554946,17.80345967,35.26287749,0.206406754,0.213085564,0.096904737,/Users/dharamkar.1/Library/CloudStorage/OneDrive-TheOhioStateUniversity/VSCode_image_processing_project/data/Step2_output/enhanced_sample_field/155.jpg,155,1.18,22.42,1,4.653697629429602
711.jpg,711,116.5357741,100.7958586,76.55076132,117.0,101.0,77,18.1804249,94.75402583,116.5357741,18,87,117.0,0.401539291,0.404292549,1033.319447,0.010306243,0.041321152,13.58817794,1.493283331,0.399789654,2.307164391,0.836779254,43.57701834,2.338836422,16.07048977,43.57701834,11.3057703,18.926327,0.132316288,0.135475987,0.08854282,/Users/dharamkar.1/Library/CloudStorage/OneDrive-TheOhioStateUniversity/VSCode_image_processing_project/data/Step2_output/enhanced_sample_field/711.jpg,711,1.59,29.25,1,3.5831045286019823
689.jpg,689,135.0241749,114.3516223,77.70561623,138.0,117.0,80,19.09369021,117.858239,135.0242546,19,108,138.0,0.455303383,0.466397647,1543.132447,0.008452307,0.033140936,14.08990165,1.847266001,0.605627716,2.143003954,1.613420242,49.26931798,2.66776503,23.29739827,49.26931798,15.56247416,27.43765979,0.174175937,0.17813664,0.096713932,/Users/dharamkar.1/Library/CloudStorage/OneDrive-TheOhioStateUniversity/VSCode_image_processing_project/data/Step2_output/enhanced_sample_field/689.jpg,689,2.77,5.18,2,2.995732255506296
455.jpg,455,127.5383251,110.2026268,78.74834582,126.0,109.0,77,19.30915179,103.5742586,127.5383251,19,99,126.0,0.437720035,0.431453725,1272.1461,0.010056993,0.036079805,13.64804026,1.689205541,0.525687505,2.10575304,1.139855934,47.37940162,1.926088555,20.06978936,47.37940162,12.89829419,23.88031694,0.158329747,0.163106187,0.096613604,/Users/dharamkar.1/Library/CloudStorage/OneDrive-TheOhioStateUniversity/VSCode_image_processing_project/data/Step2_output/enhanced_sample_field/455.jpg,455,2.66,0.0,1,3.0997685924502254
625.jpg,625,121.3474171,105.2278579,81.82529496,125.0,108.0,85,17.75843033,89.99537628,121.3474171,18,82,125.0,0.419474272,0.431743529,1104.78141,0.010291271,0.041254256,13.5995005,1.429798081,0.479758809,2.388464807,1.0810561,45.42365356,2.562686407,15.52890722,45.42365356,11.49622886,18.56155667,0.14525191,0.148468038,0.100461532,/Users/dharamkar.1/Library/CloudStorage/OneDrive-TheOhioStateUniversity/VSCode_image_processing_project/data/Step2_output/enhanced_sample_field/625.jpg,625,2.66,1.65,1,4.915198518520085
451.jpg,451,115.7389987,96.36316167,63.43114238,113.0,94.0,61,18.94094786,121.5355947,115.7389987,19,118,113.0,0.384729916,0.375130196,1089.351457,0.01173688,0.041137692,13.26806789,1.911753286,0.399941366,2.179800921,0.794431118,41.98706005,2.917041897,21.69915881,41.98706005,14.43176121,24.24944797,0.122934938,0.124916355,0.065282697,/Users/dharamkar.1/Library/CloudStorage/OneDrive-TheOhioStateUniversity/VSCode_image_processing_project/data/Step2_output/enhanced_sample_field/451.jpg,451,2.66,0.0,1,4.535414271812705
637.jpg,637,134.6222696,116.8163265,81.0562221,138.0,120.0,83,19.96490354,108.542889,134.6222696,20,101,138.0,0.462830533,0.474542353,1337.35458,0.009513995,0.037086561,13.79904295,1.706216355,0.577152179,2.004190258,1.618918073,49.97186441,1.480507646,22.29664373,49.97186441,13.50354639,26.76906473,0.177585086,0.183951065,0.104085927,/Users/dharamkar.1/Library/CloudStorage/OneDrive-TheOhioStateUniversity/VSCode_image_processing_project/data/Step2_output/enhanced_sample_field/637.jpg,637,1.27,1.67,1,3.536320913218028
666.jpg,666,132.5095265,116.605688,87.311364,135.0,119.0,90,19.46956712,93.36009247,132.5095663,20,86,135.0,0.46224758,0.472931373,1172.160474,0.009702074,0.037023212,13.73047063,1.59602885,0.538359163,2.092299615,1.41658713,49.82372403,1.504611734,18.46423993,49.82372403,11.75981483,22.62490922,0.176442361,0.182714654,0.116783879,/Users/dharamkar.1/Library/CloudStorage/OneDrive-TheOhioStateUniversity/VSCode_image_processing_project/data/Step2_output/enhanced_sample_field/666.jpg,666,2.66,10.69,1,3.609822097920312
614.jpg,614,143.1385124,119.5240155,79.4127272,147.0,123.0,82,18.78286432,126.3037109,143.1385124,19,113,147.0,0.477059107,0.491593725,2273.28127,0.007279374,0.026908217,14.47028036,1.605124979,0.588150054,2.20300089,1.655720927,51.5445308,3.442250009,25.44308418,51.5445308,17.85492835,29.92946647,0.194378888,0.197422478,0.102607813,/Users/dharamkar.1/Library/CloudStorage/OneDrive-TheOhioStateUniversity/VSCode_image_processing_project/data/Step2_output/enhanced_sample_field/614.jpg,614,2.07,0.18,1,3.6831878598108374
540.jpg,540,95.93277663,78.27738361,55.26658163,95.0,78.0,54,16.90898039,120.7763672,95.93277663,17,110,95.0,0.315176768,0.312712549,1419.9164,0.009907248,0.035580885,13.6754601,1.491558185,0.291736337,2.590881688,0.571504895,34.49868251,3.778574354,16.39273427,34.49868251,12.43510136,17.38617609,0.082571059,0.082502323,0.048045019,/Users/dharamkar.1/Library/CloudStorage/OneDrive-TheOhioStateUniversity/VSCode_image_processing_project/data/Step2_output/enhanced_sample_field/540.jpg,540,1.59,45.07,1,5.061023032790701
7.jpg,7,171.9700853,151.4691087,113.9122887,174.0,153.0,115,19.32629145,90.81090561,171.9700853,19,85,174.0,0.600461645,0.606502745,1915.206558,0.008107697,0.029579094,14.18959667,1.99655169,0.430063861,2.09299136,1.635630565,63.56200793,1.904432245,22.59476564,63.56200793,15.26672661,29.16849333,0.311814913,0.322658594,0.20474305,/Users/dharamkar.1/Library/CloudStorage/OneDrive-TheOhioStateUniversity/VSCode_image_processing_project/data/Step2_output/enhanced_sample_field/7.jpg,7,1.22,13.5,1,6.292986551561046
469.jpg,469,120.8545918,99.86188616,64.69656808,121.0,100.0,65,18.7926698,121.7070113,120.8545918,19,119,121.0,0.39916634,0.399463137,619.0236427,0.014824735,0.049971413,12.56526555,1.641178727,0.523750282,2.195427493,0.741988291,43.5382213,3.305379614,23.06926216,43.5382213,15.72786051,25.8452014,0.13354447,0.135211491,0.068600685,/Users/dharamkar.1/Library/CloudStorage/OneDrive-TheOhioStateUniversity/VSCode_image_processing_project/data/Step2_output/enhanced_sample_field/469.jpg,469,2.51,0.0,2,5.917122415818889
372.jpg,372,145.0499841,126.8617865,101.2862723,148.0,129.0,101,17.35445233,95.88598135,145.0526945,17,79,148.0,0.505422682,0.512362353,3740.890495,0.005941645,0.028738401,15.05112011,1.659265476,0.320261815,2.649521578,0.843548322,54.14702899,2.861669074,16.48856432,54.14702899,12.98269569,20.69093075,0.216204861,0.221133163,0.155114596,/Users/dharamkar.1/Library/CloudStorage/OneDrive-TheOhioStateUniversity/VSCode_image_processing_project/data/Step2_output/enhanced_sample_field/372.jpg,372,1.75,22.3,1,5.376825463035931
114.jpg,114,159.0136121,139.2051778,94.53045281,163.0,143.0,98,20.86981824,112.1412428,159.0136121,21,102,163.0,0.549778127,0.563294902,1770.818986,0.007818344,0.030829637,14.29714373,1.527022716,0.476172354,1.890274001,1.621264421,58.71035714,0.907451009,26.63195384,58.71035714,15.37451073,33.08449466,0.256078523,0.267158176,0.145196157,/Users/dharamkar.1/Library/CloudStorage/OneDrive-TheOhioStateUniversity/VSCode_image_processing_project/data/Step2_output/enhanced_sample_field/114.jpg,114,2.12,0.85,1,3.6300152773095045
572.jpg,572,139.6617506,123.1387915,89.23580995,143.0,126.0,92,20.09966916,98.38139748,139.6617506,20,91,143.0,0.487080452,0.498938824,1317.065743,0.009514164,0.0384424,13.80586386,1.904396982,0.511299336,1.980319438,1.4787994,52.36724457,1.072992991,20.89014783,52.36724457,12.47858414,25.76207189,0.19671797,0.204724709,0.124158341,/Users/dharamkar.1/Library/CloudStorage/OneDrive-TheOhioStateUniversity/VSCode_image_processing_project/data/Step2_output/enhanced_sample_field/572.jpg,572,1.75,3.98,1,2.665730962413808
116.jpg,116,149.1075614,129.1306999,85.20591518,150.0,130.0,86,20.6682677,114.0396006,149.1075614,21,109,150.0,0.510622769,0.514580392,1174.193486,0.010195877,0.037149444,13.59067464,1.381200628,0.718424307,1.911024027,1.894786755,54.86032532,1.23617671,26.6056672,54.86032532,15.50386649,32.23657376,0.219298868,0.227947828,0.118794995,/Users/dharamkar.1/Library/CloudStorage/OneDrive-TheOhioStateUniversity/VSCode_image_processing_project/data/Step2_output/enhanced_sample_field/116.jpg,116,1.32,0.69,1,3.355234404953622
584.jpg,584,97.0866749,80.89249841,60.58438297,96.0,79.0,59,16.65078922,105.0434271,97.0866749,17,97,96.0,0.324978611,0.319401961,1089.164878,0.010652341,0.038695991,13.48877533,1.658483672,0.252752637,2.621393989,0.497515669,35.49428074,3.418472262,14.47190312,35.49428074,11.25490977,15.76411101,0.087047188,0.087478841,0.055851567,/Users/dharamkar.1/Library/CloudStorage/OneDrive-TheOhioStateUniversity/VSCode_image_processing_project/data/Step2_output/enhanced_sample_field/584.jpg,584,1.59,23.77,1,5.740123711607934
148.jpg,148,145.015904,124.0925542,81.9744898,146.0,125.0,82,20.02357701,120.8449657,145.015904,20,111,146.0,0.492164916,0.494407059,1979.15591,0.00780453,0.028555589,14.30116183,1.550613346,0.595782694,1.997295801,1.629240326,53.02542006,1.946868148,25.9561604,53.02542006,16.07178282,31.05321107,0.204215815,0.210694504,0.109663932,/Users/dharamkar.1/Library/CloudStorage/OneDrive-TheOhioStateUniversity/VSCode_image_processing_project/data/Step2_output/enhanced_sample_field/148.jpg,148,1.49,2.36,1,3.1790414877537847
305.jpg,305,90.81228077,73.71364796,44.6205955,90.0,73.0,43,18.90913983,139.0507215,90.81242028,19,132,90.0,0.295096072,0.290277255,841.4436059,0.013399693,0.048072433,12.96324341,1.624348147,0.197944646,2.185991765,0.506202861,32.39376956,2.89030639,20.04971565,32.39376956,12.45273605,20.3102505,0.07192201,0.072609658,0.034664704,/Users/dharamkar.1/Library/CloudStorage/OneDrive-TheOhioStateUniversity/VSCode_image_processing_project/data/Step2_output/enhanced_sample_field/305.jpg,305,1.92,28.31,2,6.466986812596906
242.jpg,242,171.4870057,143.7937859,96.69029018,179.0,151.0,102,18.85247927,120.9628308,171.4870057,19,110,179.0,0.5736566,0.600779608,2285.790599,0.00760704,0.030398831,14.45732222,1.772422349,0.540255091,2.196215737,1.968028684,61.1815911,3.877000953,28.89243509,61.1815911,21.02569195,35.34737942,0.289868798,0.294555553,0.1538913,/Users/dharamkar.1/Library/CloudStorage/OneDrive-TheOhioStateUniversity/VSCode_image_processing_project/data/Step2_output/enhanced_sample_field/242.jpg,242,1.92,8.89,2,3.908627029491534
467.jpg,467,139.1293447,117.0339605,76.6520448,139.0,117.0,76,19.30197704,121.0443439,139.1293447,19,116,139.0,0.465951739,0.464142745,1520.444487,0.009657566,0.032995567,13.77974099,1.64158354,0.742368259,2.097928274,1.53827338,50.40808284,2.802554734,25.45229909,50.40808284,16.81589673,29.81984739,0.183620679,0.187624203,0.096092581,/Users/dharamkar.1/Library/CloudStorage/OneDrive-TheOhioStateUniversity/VSCode_image_processing_project/data/Step2_output/enhanced_sample_field/467.jpg,467,1.27,0.0,1,3.6462524919323753
63.jpg,63,135.4589644,117.5538106,86.9081832,137.0,119.0,88,18.98933753,99.77736368,135.4589644,19,91,137.0,0.467251396,0.471487843,1301.407771,0.008915489,0.036546399,13.98314857,1.663925851,0.557821011,2.173708375,1.401336509,50.3679364,2.167282232,19.47849436,50.3679364,13.2065762,23.69780498,0.182084487,0.187284129,0.116504053,/Users/dharamkar.1/Library/CloudStorage/OneDrive-TheOhioStateUniversity/VSCode_image_processing_project/data/Step2_output/enhanced_sample_field/63.jpg,63,3.11,58.85,1,4.344749154104642
657.jpg,657,135.2820671,110.9676539,73.60389429,140.0,115.0,77,18.09470663,125.9994619,135.2820671,18,115,140.0,0.444864861,0.460503922,1408.359025,0.009297769,0.036321793,13.88328534,1.679643933,0.758493465,2.323162706,1.78894479,48.29292936,4.263138374,24.37549381,48.29292936,18.2055932,28.0055371,0.16941207,0.170261194,0.088010103,/Users/dharamkar.1/Library/CloudStorage/OneDrive-TheOhioStateUniversity/VSCode_image_processing_project/data/Step2_output/enhanced_sample_field/657.jpg,657,1.75,10.81,1,4.5866716351533325
303.jpg,303,128.0233179,109.9318997,76.2540059,128.0,110.0,76,19.44100765,108.820173,128.0233179,19,103,128.0,0.436659412,0.437875294,1059.130525,0.010508221,0.04136705,13.5240095,1.832474673,0.547249539,2.080351117,1.200093894,47.30624174,1.979596887,21.42607851,47.30624174,13.57499763,25.26747031,0.157878111,0.162542011,0.091876573,/Users/dharamkar.1/Library/CloudStorage/OneDrive-TheOhioStateUniversity/VSCode_image_processing_project/data/Step2_output/enhanced_sample_field/303.jpg,303,2.29,29.46,2,3.8341356686001142
683.jpg,683,132.0981545,114.5729233,84.13853237,135.0,117.0,86,19.01060268,101.2692522,132.0981545,19,92,135.0,0.455304766,0.465326275,1602.581478,0.00865422,0.032690123,14.04045576,1.791314582,0.553623473,2.166082795,1.407033613,49.15556669,2.075038555,19.39558357,49.15556669,12.94286534,23.43287597,0.172190874,0.177206893,0.109269896,/Users/dharamkar.1/Library/CloudStorage/OneDrive-TheOhioStateUniversity/VSCode_image_processing_project/data/Step2_output/enhanced_sample_field/683.jpg,683,2.51,2.77,2,2.9395816042126146
122.jpg,122,147.782665,130.0008171,90.08998326,150.0,132.0,92,20.83045679,106.3083546,147.782665,21,98,150.0,0.51334074,0.521337255,1439.286535,0.008762462,0.033601658,13.97084294,1.645589593,0.502062023,1.893994396,1.581913066,55.05351961,0.757029887,24.10742788,55.05351961,13.71467054,29.75317239,0.220058294,0.229817353,0.129669365,/Users/dharamkar.1/Library/CloudStorage/OneDrive-TheOhioStateUniversity/VSCode_image_processing_project/data/Step2_output/enhanced_sample_field/122.jpg,122,1.49,0.62,1,2.629222270188285
156.jpg,156,143.9930046,121.5675024,80.61613122,145.0,122.0,80,19.29657605,123.6114278,143.9930046,19,113,145.0,0.483844423,0.485172157,1987.602659,0.007464887,0.029235251,14.42570349,1.640557984,0.585901537,2.106131379,1.516833098,52.20944916,2.784100787,25.64272902,52.20944916,17.06120541,30.40026835,0.198782302,0.20331043,0.105843383,/Users/dharamkar.1/Library/CloudStorage/OneDrive-TheOhioStateUniversity/VSCode_image_processing_project/data/Step2_output/enhanced_sample_field/156.jpg,156,3.11,23.27,1,3.3675550941774204
72.jpg,72,150.396863,129.3379903,85.67295121,153.0,132.0,88,20.27539063,118.3880939,150.396863,20,109,153.0,0.51241079,0.522445882,1655.634869,0.008175823,0.032551999,14.16699732,1.722060604,0.549748548,1.967164217,1.754154227,55.050791,1.727998189,26.61723828,55.050791,16.24002752,32.19069008,0.222127281,0.229790878,0.119980378,/Users/dharamkar.1/Library/CloudStorage/OneDrive-TheOhioStateUniversity/VSCode_image_processing_project/data/Step2_output/enhanced_sample_field/72.jpg,72,2.2,10.52,1,2.25010392057815
401.jpg,401,139.865633,123.8575415,102.8765745,139.0,123.0,101,16.69232302,89.15310108,139.865633,17,70,139.0,0.49312366,0.488297255,4342.769479,0.005797577,0.025154563,15.11871624,1.651326852,0.286869757,2.720847199,0.678296927,52.8627434,2.661495665,13.72359764,52.8627434,11.20270069,17.31411257,0.204243301,0.20920834,0.15758083,/Users/dharamkar.1/Library/CloudStorage/OneDrive-TheOhioStateUniversity/VSCode_image_processing_project/data/Step2_output/enhanced_sample_field/401.jpg,401,1.59,13.3,1,5.902350262401127
664.jpg,664,162.8016781,138.3559072,102.0320273,168.0,143.0,106,17.89170121,101.4542012,162.8024354,18,94,168.0,0.552673262,0.57004,1733.026465,0.008721064,0.032350884,14.05927315,1.859936131,0.580295246,2.364055488,1.859104707,58.97985267,3.878309883,22.8927718,58.97985267,17.99040194,28.46741545,0.266035686,0.2700597,0.163864465,/Users/dharamkar.1/Library/CloudStorage/OneDrive-TheOhioStateUniversity/VSCode_image_processing_project/data/Step2_output/enhanced_sample_field/664.jpg,664,2.66,10.69,1,4.254033477634324
105.jpg,105,153.9855309,135.8664102,96.14704241,157.0,139.0,99,20.62183115,103.6583426,153.9855309,21,94,157.0,0.536678263,0.548788235,1692.451834,0.007946936,0.031593517,14.25445723,1.807940808,0.43857271,1.91682074,1.532240433,57.35447998,0.841572395,23.86476567,57.35447998,13.90229358,29.8752658,0.242274442,0.252875038,0.147034686,/Users/dharamkar.1/Library/CloudStorage/OneDrive-TheOhioStateUniversity/VSCode_image_processing_project/data/Step2_output/enhanced_sample_field/105.jpg,105,3.11,10.48,1,2.9737546119524265
262.jpg,262,166.0764708,143.4128268,98.40802376,176.0,152.0,104,20.03039302,116.6809232,166.0769093,20,105,176.0,0.568564725,0.602246667,2945.412636,0.007285112,0.031225723,14.63260605,1.691890416,0.422971385,2.027794632,1.815544654,60.58267719,2.003406176,27.07327186,60.58267719,17.34375877,33.68336016,0.278509202,0.287751546,0.157403318,/Users/dharamkar.1/Library/CloudStorage/OneDrive-TheOhioStateUniversity/VSCode_image_processing_project/data/Step2_output/enhanced_sample_field/262.jpg,262,2.5,7.68,3,4.839819443821525
175.jpg,175,164.8631816,144.5511798,94.78497688,168.0,147.0,97,21.38293208,115.9605588,164.8631816,21,107,168.0,0.56972289,0.580666667,1950.180153,0.00795422,0.028619707,14.26250485,1.661426031,0.465729798,1.818195264,1.905954879,60.71279332,0.449800796,29.19794939,60.71279332,16.02102011,36.26700753,0.276018993,0.289220733,0.149008099,/Users/dharamkar.1/Library/CloudStorage/OneDrive-TheOhioStateUniversity/VSCode_image_processing_project/data/Step2_output/enhanced_sample_field/175.jpg,175,1.49,2.36,1,4.174692986617749
551.jpg,551,119.8338249,100.9982262,71.2480668,120.0,101.0,71,18.37302695,111.6458466,119.8338249,19,104,120.0,0.403356096,0.402893725,1435.887532,0.009811603,0.036121069,13.74394435,1.550121925,0.545115991,2.271760926,1.057110784,43.86782052,2.965751873,19.65440678,43.86782052,13.82060593,22.61322892,0.135217623,0.137469507,0.079425237,/Users/dharamkar.1/Library/CloudStorage/OneDrive-TheOhioStateUniversity/VSCode_image_processing_project/data/Step2_output/enhanced_sample_field/551.jpg,551,2.51,4.44,2,3.607277848567716
405.jpg,405,153.462771,134.3535356,100.0589326,157.0,137.0,103,19.19559152,97.127272,153.462771,19,88,157.0,0.533104342,0.544605882,2330.350937,0.007589251,0.026486402,14.39744708,1.913824734,0.479521869,2.122060457,1.512423448,56.96581813,1.967771704,21.14497362,56.96581813,14.20672217,26.57806211,0.241017807,0.248876793,0.156023275,/Users/dharamkar.1/Library/CloudStorage/OneDrive-TheOhioStateUniversity/VSCode_image_processing_project/data/Step2_output/enhanced_sample_field/405.jpg,405,1.27,13.6,1,3.5554027623891518
292.jpg,292,113.7234136,101.3863799,78.31317761,110.0,97.0,74,19.51259566,93.30044244,113.7234136,20,83,110.0,0.401350673,0.385578431,2162.347494,0.007598988,0.028109511,14.36231674,1.510512982,0.251012611,2.081090725,0.645187538,43.50194036,1.017355853,14.87244312,43.50194036,8.966690002,17.8488149,0.129812275,0.134964459,0.091859277,/Users/dharamkar.1/Library/CloudStorage/OneDrive-TheOhioStateUniversity/VSCode_image_processing_project/data/Step2_output/enhanced_sample_field/292.jpg,292,1.92,45.85,2,4.2201904604477445
308.jpg,308,125.4611767,102.6949338,64.79416454,125.0,102.0,64,18.67376834,129.6444515,125.4611767,19,124,125.0,0.410980843,0.407306275,1110.953335,0.01084856,0.039740067,13.45931262,1.664307259,0.675374887,2.204828389,1.115734526,44.82191049,3.72742311,24.753288,44.82191049,17.18050009,27.6673752,0.142934966,0.144147198,0.069978404,/Users/dharamkar.1/Library/CloudStorage/OneDrive-TheOhioStateUniversity/VSCode_image_processing_project/data/Step2_output/enhanced_sample_field/308.jpg,308,2.5,25.85,3,4.183048873199527
410.jpg,410,145.2157605,126.7644491,97.03683036,148.0,129.0,98,18.36704799,103.617626,145.2157605,19,85,148.0,0.504086241,0.511841569,3731.485826,0.005883794,0.023852292,15.04201379,1.681747009,0.366069629,2.327389225,1.063066918,54.05021853,2.397195427,18.79222899,54.05021853,13.47004207,23.42426766,0.214336463,0.220218863,0.144366472,/Users/dharamkar.1/Library/CloudStorage/OneDrive-TheOhioStateUniversity/VSCode_image_processing_project/data/Step2_output/enhanced_sample_field/410.jpg,410,1.27,13.6,1,4.139715884190568
511.jpg,511,108.8990553,93.41153141,67.96324936,106.0,91.0,66,18.69957749,104.3129385,108.8997728,19,98,106.0,0.372030624,0.361973725,1286.682095,0.009673281,0.035885426,13.76626211,1.635341969,0.328219773,2.22378259,0.755594725,40.51350117,2.172207252,16.94161071,40.51350117,11.21521562,19.36869869,0.112872434,0.115633235,0.070987888,/Users/dharamkar.1/Library/CloudStorage/OneDrive-TheOhioStateUniversity/VSCode_image_processing_project/data/Step2_output/enhanced_sample_field/511.jpg,511,2.51,21.1,2,3.8677346353543824
598.jpg,598,153.1445512,133.4422034,103.0138512,154.0,134.0,104,18.22919324,87.38279257,153.1459662,18,84,154.0,0.531117914,0.53560902,1372.827254,0.00979301,0.035563619,13.73972178,1.965861654,0.67636426,2.299279319,1.761454206,56.74581154,2.739341512,19.17418859,56.74581154,14.33086576,24.15198892,0.240614247,0.246632333,0.163249666,/Users/dharamkar.1/Library/CloudStorage/OneDrive-TheOhioStateUniversity/VSCode_image_processing_project/data/Step2_output/enhanced_sample_field/598.jpg,598,2.51,1.66,2,4.878985471647687
501.jpg,501,113.944595,99.55636161,75.45430086,113.0,99.0,75,18.8380102,96.17861129,113.9453922,19,86,113.0,0.395592559,0.393811569,1777.267737,0.008675392,0.030621562,14.04346022,1.514179766,0.338456186,2.201650217,0.775995703,42.9403148,1.78403832,15.81758632,42.9403148,10.39153287,18.65711055,0.127326579,0.131178719,0.085977996,/Users/dharamkar.1/Library/CloudStorage/OneDrive-TheOhioStateUniversity/VSCode_image_processing_project/data/Step2_output/enhanced_sample_field/501.jpg,501,1.59,51.52,1,3.342550755097856
665.jpg,665,115.5232581,98.5240354,72.85449219,118.0,101.0,75,18.06527025,101.228117,115.5232581,18,93,118.0,0.393276848,0.402328235,892.914558,0.011143029,0.042879501,13.36400716,1.506870231,0.503932439,2.333739723,0.928458485,42.75391954,2.730716281,17.14194066,42.75391954,12.26036226,19.86248338,0.127540579,0.129938116,0.081125069,/Users/dharamkar.1/Library/CloudStorage/OneDrive-TheOhioStateUniversity/VSCode_image_processing_project/data/Step2_output/enhanced_sample_field/665.jpg,665,2.66,10.69,1,3.4436021863588158
461.jpg,461,130.3145528,110.7376834,70.15172592,130.0,111.0,70,20.21193399,122.1332111,130.3145528,20,118,130.0,0.439104002,0.439817647,910.6934257,0.011976279,0.041279521,13.13228622,1.381867697,0.74849914,1.967106724,1.292882429,47.65887854,1.805020743,25.42091463,47.65887854,15.08321526,29.35844115,0.160207941,0.165273408,0.081640485,/Users/dharamkar.1/Library/CloudStorage/OneDrive-TheOhioStateUniversity/VSCode_image_processing_project/data/Step2_output/enhanced_sample_field/461.jpg,461,1.59,0.0,1,4.4125123430459725
415.jpg,415,152.8766342,134.5566606,101.4299267,157.0,138.0,104,19.15634965,106.1569675,152.8766342,19,86,157.0,0.533573402,0.547165882,4572.554032,0.005747608,0.023058701,15.11409652,1.636067392,0.329336906,2.173328584,1.005928474,56.99125287,1.789575117,20.39695006,56.99125287,13.58744699,25.76788594,0.240861193,0.249137147,0.159591703,/Users/dharamkar.1/Library/CloudStorage/OneDrive-TheOhioStateUniversity/VSCode_image_processing_project/data/Step2_output/enhanced_sample_field/415.jpg,415,1.27,13.6,1,4.237621807774915
136.jpg,136,151.5737006,126.3138951,77.97612404,152.0,127.0,79,19.80871333,130.7357302,151.5737006,20,123,152.0,0.502731178,0.505330588,1521.290299,0.009121462,0.03274847,13.91683637,2.004377501,0.737041264,2.046535195,2.071200376,54.22518087,3.110723618,29.83606423,54.22518087,19.56225034,34.93713468,0.217452369,0.22187309,0.103383709,/Users/dharamkar.1/Library/CloudStorage/OneDrive-TheOhioStateUniversity/VSCode_image_processing_project/data/Step2_output/enhanced_sample_field/136.jpg,136,1.48,19.86,1,3.6600001009512293
19.jpg,19,167.9445552,146.2863321,109.7208626,174.0,151.0,114,18.82340163,98.25243144,167.944615,19,88,174.0,0.581381703,0.601978039,1650.766496,0.007386861,0.037034581,14.45816692,1.768390088,0.427462244,2.192532467,1.393296657,61.72815405,2.572253607,22.38156081,61.72815405,16.02175846,28.54217676,0.292593231,0.300857674,0.189339846,/Users/dharamkar.1/Library/CloudStorage/OneDrive-TheOhioStateUniversity/VSCode_image_processing_project/data/Step2_output/enhanced_sample_field/19.jpg,19,1.31,34.31,1,5.727775828822181
302.jpg,302,102.2869699,88.95990115,62.81437341,103.0,90.0,63,20.07932079,104.7202049,102.2869699,20,98,103.0,0.352575728,0.355284314,739.621837,0.012759351,0.049130671,13.01188223,1.575333357,0.205317294,2.023972057,0.430415706,38.44035904,1.175424153,17.15118324,38.44035904,9.799839505,19.37146696,0.099732659,0.103368681,0.061440055,/Users/dharamkar.1/Library/CloudStorage/OneDrive-TheOhioStateUniversity/VSCode_image_processing_project/data/Step2_output/enhanced_sample_field/302.jpg,302,2.29,29.46,2,5.351192860010583
272.jpg,272,133.9261998,114.8788664,75.26267538,133.0,113.0,74,20.24455915,120.1455676,133.9261998,20,114,133.0,0.455176852,0.449878039,1834.352598,0.009066363,0.031948215,13.96560159,1.567827825,0.554796011,1.965411094,1.340630666,49.26303406,1.595295721,24.65746105,49.26303406,14.63347993,29.01294245,0.17216071,0.178085194,0.09232472,/Users/dharamkar.1/Library/CloudStorage/OneDrive-TheOhioStateUniversity/VSCode_image_processing_project/data/Step2_output/enhanced_sample_field/272.jpg,272,2.29,0.0,2,3.958870521280676
35.jpg,35,148.82954,134.8623844,98.13723693,150.0,136.0,99,21.81734295,88.8082948,148.82954,22,86,150.0,0.530127537,0.534806275,636.5201393,0.013929442,0.050198422,12.74096371,2.082170118,0.521455838,1.762350224,2.347138528,56.63265881,-0.506504824,21.70339217,56.63265881,10.90890282,27.6287869,0.232193838,0.245483247,0.151011479,/Users/dharamkar.1/Library/CloudStorage/OneDrive-TheOhioStateUniversity/VSCode_image_processing_project/data/Step2_output/enhanced_sample_field/35.jpg,35,1.49,0.0,1,6.3785285930196105
243.jpg,243,177.3977997,149.3973214,98.29528061,186.0,157.0,105,19.37191087,123.8240195,177.3977997,19,112,186.0,0.594756729,0.626032157,1991.451814,0.007674701,0.034809524,14.42418182,1.669703739,0.491511695,2.10502381,1.862210032,63.26322014,3.452033225,30.82033268,63.26322014,21.466053,37.8626102,0.312519983,0.319037085,0.161370597,/Users/dharamkar.1/Library/CloudStorage/OneDrive-TheOhioStateUniversity/VSCode_image_processing_project/data/Step2_output/enhanced_sample_field/243.jpg,243,1.92,8.89,2,5.2569372160025525
599.jpg,599,119.6488361,105.2607023,78.12442203,121.0,106.0,79,19.79402503,94.28142937,119.6488361,20,88,121.0,0.417104529,0.42101,1099.841448,0.010637545,0.037334966,13.47900394,1.532901185,0.420264069,2.066279849,0.875202107,45.18818763,1.287137262,17.3666363,45.18818763,10.60771012,20.7579812,0.141550104,0.14676713,0.093163315,/Users/dharamkar.1/Library/CloudStorage/OneDrive-TheOhioStateUniversity/VSCode_image_processing_project/data/Step2_output/enhanced_sample_field/599.jpg,599,2.51,1.66,2,3.72184568731567
127.jpg,127,146.7417092,126.766183,86.77975526,149.0,128.0,88,19.94658801,117.5979751,146.7417092,20,104,149.0,0.502462592,0.509036863,2356.819787,0.006831219,0.02710202,14.63280204,1.722300305,0.447143738,2.011220242,1.435159221,54.00902139,1.73762534,24.57517204,54.00902139,15.24824389,29.86435729,0.212572593,0.219830553,0.12090588,/Users/dharamkar.1/Library/CloudStorage/OneDrive-TheOhioStateUniversity/VSCode_image_processing_project/data/Step2_output/enhanced_sample_field/127.jpg,127,6.72,1.03,1,5.39434844117298
621.jpg,621,145.6343272,127.3773119,90.85263871,151.0,132.0,95,19.91625478,104.2211615,145.6345464,20,94,151.0,0.504405877,0.523896863,1706.606282,0.00855137,0.034031093,14.10169677,1.847885174,0.489722968,2.009806882,1.742662107,54.14094788,1.417916271,22.43504217,54.14094788,13.82162682,27.66850591,0.213096096,0.221075657,0.13006109,/Users/dharamkar.1/Library/CloudStorage/OneDrive-TheOhioStateUniversity/VSCode_image_processing_project/data/Step2_output/enhanced_sample_field/621.jpg,621,1.75,0.21,1,3.213491429229587
98.jpg,98,162.5595105,147.1885762,107.3423748,166.0,151.0,111,21.7234933,92.91430166,162.5595105,22,85,166.0,0.578752897,0.592796471,1900.849896,0.007944389,0.028501807,14.24365562,1.870556123,0.351639837,1.776247958,1.452527188,61.42573089,-0.448349793,23.20609535,61.42573089,11.99854164,30.02966401,0.281493816,0.297359607,0.182573472,/Users/dharamkar.1/Library/CloudStorage/OneDrive-TheOhioStateUniversity/VSCode_image_processing_project/data/Step2_output/enhanced_sample_field/98.jpg,98,1.49,2.79,1,5.749004289407006
653.jpg,653,150.7706473,128.059371,89.72516741,153.0,131.0,92,18.76261559,110.4400909,150.7706473,19,102,153.0,0.510280867,0.520451373,1677.387012,0.008614314,0.033537217,14.07060102,1.781530093,0.642756887,2.193756044,1.810932543,54.80947612,3.083781437,24.04542985,54.80947612,17.02459969,29.19035665,0.222810918,0.227457455,0.128256186,/Users/dharamkar.1/Library/CloudStorage/OneDrive-TheOhioStateUniversity/VSCode_image_processing_project/data/Step2_output/enhanced_sample_field/653.jpg,653,2.05,2.19,1,3.2080257132007883
85.jpg,85,152.3059232,129.6948541,87.30426897,156.0,134.0,90,19.54544005,119.60511,152.3059232,20,108,156.0,0.515464098,0.53053451,1991.788457,0.0074176,0.029592971,14.43392979,1.860562101,0.503640162,2.075970204,1.694390704,55.36297574,2.534208849,26.1513633,55.36297574,17.23580338,31.61376513,0.226815829,0.232833189,0.123789391,/Users/dharamkar.1/Library/CloudStorage/OneDrive-TheOhioStateUniversity/VSCode_image_processing_project/data/Step2_output/enhanced_sample_field/85.jpg,85,3.11,14.96,1,3.96555664452182
314.jpg,314,128.1848095,110.9095384,74.48078763,129.0,111.0,75,20.3123007,114.5569396,128.1848095,20,107,129.0,0.439035375,0.440986275,1398.363749,0.009350968,0.034559279,13.83013699,1.764581003,0.513738713,1.953321297,1.241130013,47.56495169,1.265842197,22.78868941,47.56495169,13.20011687,26.8418134,0.158570786,0.164542918,0.089026674,/Users/dharamkar.1/Library/CloudStorage/OneDrive-TheOhioStateUniversity/VSCode_image_processing_project/data/Step2_output/enhanced_sample_field/314.jpg,314,2.05,12.44,2,3.3236369212447245
59.jpg,59,144.7016303,122.3955078,79.64644452,145.0,122.0,80,19.67311065,121.4832589,144.7016303,20,114,145.0,0.486483731,0.48631098,1357.413337,0.009260106,0.035395634,13.85401045,1.632013196,0.699259388,2.04725294,1.802034073,52.49118241,2.512003328,26.56302387,52.49118241,17.09867837,31.43985398,0.200681642,0.205840119,0.104350001,/Users/dharamkar.1/Library/CloudStorage/OneDrive-TheOhioStateUniversity/VSCode_image_processing_project/data/Step2_output/enhanced_sample_field/59.jpg,59,1.18,48.3,1,4.68810053354918
32.jpg,32,143.069874,128.627272,93.50171397,144.0,129.0,94,21.17490434,90.06299825,143.069874,21,88,144.0,0.506524597,0.509602353,545.3431694,0.015455193,0.052905897,12.44980918,2.090343029,0.637649617,1.824008229,2.125487546,54.28951531,-0.033851673,21.09028803,54.28951531,11.14222079,26.49608285,0.211392955,0.222483433,0.136506462,/Users/dharamkar.1/Library/CloudStorage/OneDrive-TheOhioStateUniversity/VSCode_image_processing_project/data/Step2_output/enhanced_sample_field/32.jpg,32,2.2,0.0,1,6.3786975830815305
74.jpg,74,154.4303651,134.0498047,89.03728874,158.0,138.0,92,20.67370855,114.9191247,154.4303651,21,106,158.0,0.529942241,0.543731765,1383.357643,0.008770931,0.036126727,13.99949086,1.636354449,0.533514327,1.908827225,1.915886187,56.78119272,1.197247957,27.06999352,56.78119272,15.82737228,33.11361126,0.237456904,0.24699237,0.129733346,/Users/dharamkar.1/Library/CloudStorage/OneDrive-TheOhioStateUniversity/VSCode_image_processing_project/data/Step2_output/enhanced_sample_field/74.jpg,74,1.49,8.04,1,3.0590406888488433
706.jpg,706,147.082111,119.6149155,87.97973135,148.0,120.0,88,16.18728077,108.8127192,147.08524,16,103,148.0,0.483022736,0.484605882,1626.2292,0.00915684,0.031322006,13.93616217,1.787168766,0.909114171,2.741572614,1.812435322,52.12587944,6.102836797,21.41832992,52.12587944,19.91458405,25.32925269,0.204786375,0.202564062,0.120566782,/Users/dharamkar.1/Library/CloudStorage/OneDrive-TheOhioStateUniversity/VSCode_image_processing_project/data/Step2_output/enhanced_sample_field/706.jpg,706,1.59,29.25,1,5.658698948692992
119.jpg,119,146.5186344,126.8544723,84.98030931,148.0,128.0,86,20.43130182,112.8984176,146.5186344,20,107,148.0,0.502015606,0.506904902,1215.283292,0.009520354,0.035621967,13.770426,1.530621645,0.643483256,1.940580297,1.772668747,53.98061241,1.379245612,25.54194887,53.98061241,15.16114512,30.93498881,0.211563865,0.219563047,0.11711358,/Users/dharamkar.1/Library/CloudStorage/OneDrive-TheOhioStateUniversity/VSCode_image_processing_project/data/Step2_output/enhanced_sample_field/119.jpg,119,2.2,0.87,1,2.582378220912045
129.jpg,129,163.5931322,140.8216677,88.41196987,165.0,142.0,90,21.04185268,123.6192203,163.5931322,21,116,165.0,0.556399469,0.561579608,1792.423447,0.008510947,0.029779125,14.07374633,1.630204366,0.58637656,1.870210174,2.30591355,59.48837192,1.277206697,31.06040883,59.48837192,17.94193993,37.74502209,0.265038385,0.275591748,0.132429672,/Users/dharamkar.1/Library/CloudStorage/OneDrive-TheOhioStateUniversity/VSCode_image_processing_project/data/Step2_output/enhanced_sample_field/129.jpg,129,1.18,0.68,1,3.5997444969317307
402.jpg,402,152.5811942,133.1865035,98.61483578,155.0,135.0,101,19.15306122,104.1661352,152.5811942,19,90,155.0,0.528687286,0.537283529,3803.721032,0.006195099,0.020670922,14.9013951,1.919650939,0.402226935,2.134286853,1.262172776,56.53775169,2.06680279,21.36945991,56.53775169,14.42775104,26.74862615,0.237050492,0.244522205,0.151757948,/Users/dharamkar.1/Library/CloudStorage/OneDrive-TheOhioStateUniversity/VSCode_image_processing_project/data/Step2_output/enhanced_sample_field/402.jpg,402,1.27,13.6,1,4.885821898610354
695.jpg,695,96.5946867,75.75783243,47.21595982,99.0,78.0,48,17.19064892,138.6760403,96.5946867,17,130,99.0,0.30638351,0.313233333,676.5359345,0.01362125,0.050777638,12.84887038,1.687660041,0.233272232,2.489108427,0.418760532,33.69423862,4.669127804,20.26877132,33.69423862,15.05115125,20.54697531,0.079721926,0.078622012,0.038090921,/Users/dharamkar.1/Library/CloudStorage/OneDrive-TheOhioStateUniversity/VSCode_image_processing_project/data/Step2_output/enhanced_sample_field/695.jpg,695,1.75,39.6,1,6.898571309108445
273.jpg,273,128.2927475,110.5655022,79.03820801,129.0,112.0,79,19.11436081,110.8056297,128.2927475,19,98,129.0,0.439448721,0.442645098,1837.665159,0.007507256,0.034000076,14.4739841,1.809162149,0.481618216,2.147219276,1.245002186,47.56193807,2.08168022,20.15765693,47.56193807,13.17037817,23.97596651,0.159962379,0.164519517,0.097352552,/Users/dharamkar.1/Library/CloudStorage/OneDrive-TheOhioStateUniversity/VSCode_image_processing_project/data/Step2_output/enhanced_sample_field/273.jpg,273,2.29,0.0,2,5.730787378047068
726.jpg,726,151.0123565,123.0053412,92.55018335,152.0,123.0,92,15.67590083,106.540338,151.0149275,16,100,152.0,0.49710202,0.497739608,2258.684677,0.007892283,0.026514499,14.31483549,1.677208385,0.802702427,2.865165053,1.616688306,53.52599191,6.4031298,20.74734723,53.52599191,20.16071965,24.76523266,0.218047362,0.215311692,0.132562408,/Users/dharamkar.1/Library/CloudStorage/OneDrive-TheOhioStateUniversity/VSCode_image_processing_project/data/Step2_output/enhanced_sample_field/726.jpg,726,2.77,27.98,2,6.083853130555526
417.jpg,417,149.3391661,131.4605987,107.1286671,154.0,136.0,111,17.08866789,91.4477838,149.3391661,17,73,154.0,0.523550831,0.540684314,4180.86451,0.005804538,0.025316514,15.10088982,1.633967486,0.311967265,2.607773425,0.799875947,55.93039653,2.860909379,15.65929487,55.93039653,12.66110252,19.90221813,0.232953326,0.238431371,0.173165196,/Users/dharamkar.1/Library/CloudStorage/OneDrive-TheOhioStateUniversity/VSCode_image_processing_project/data/Step2_output/enhanced_sample_field/417.jpg,417,2.51,19.4,2,4.709675734416511
548.jpg,548,121.0031091,104.609375,77.64837771,120.0,104.0,77,18.73290019,102.809929,121.0033881,19,92,120.0,0.416271198,0.413825098,1685.252963,0.008165105,0.029424465,14.17759783,1.483535768,0.429030873,2.22787762,0.980665609,45.12949489,2.194956836,17.59137539,45.12949489,11.94353283,20.82452394,0.142601923,0.14634519,0.092133491,/Users/dharamkar.1/Library/CloudStorage/OneDrive-TheOhioStateUniversity/VSCode_image_processing_project/data/Step2_output/enhanced_sample_field/548.jpg,548,1.27,55.97,1,3.56120322194288
547.jpg,547,132.0884675,110.5119592,81.23733539,130.0,109.0,79,17.17307175,109.7090668,132.0885683,17,100,130.0,0.443083399,0.435612549,2161.043817,0.007529276,0.027314291,14.42554625,1.63194477,0.57001992,2.48264089,1.065423098,47.97366373,4.047270382,19.49785145,47.97366373,15.65407246,22.9796566,0.166552851,0.167737321,0.10189436,/Users/dharamkar.1/Library/CloudStorage/OneDrive-TheOhioStateUniversity/VSCode_image_processing_project/data/Step2_output/enhanced_sample_field/547.jpg,547,1.27,55.97,1,4.572192011448331
659.jpg,659,134.2266821,116.3158482,82.77222178,138.0,120.0,86,19.47953205,105.7814892,134.2266821,19,96,138.0,0.46158198,0.476793333,1335.65573,0.009318672,0.036656949,13.84580276,1.899315157,0.54710335,2.074107596,1.589746772,49.82491401,1.812323275,21.11234256,49.82491401,13.42238937,25.43342231,0.17702357,0.182724564,0.107297175,/Users/dharamkar.1/Library/CloudStorage/OneDrive-TheOhioStateUniversity/VSCode_image_processing_project/data/Step2_output/enhanced_sample_field/659.jpg,659,1.75,10.81,1,3.5858610798763464
139.jpg,139,140.0151865,119.4820233,84.80002392,140.0,120.0,85,18.78736846,110.4939015,140.0151865,19,101,140.0,0.475861758,0.47709098,1821.198451,0.007839946,0.030768837,14.3076545,1.838987967,0.531295366,2.200921351,1.471343686,51.31192834,2.749397725,22.02505101,51.31192834,15.29668032,26.48528858,0.191041965,0.195389908,0.113153859,/Users/dharamkar.1/Library/CloudStorage/OneDrive-TheOhioStateUniversity/VSCode_image_processing_project/data/Step2_output/enhanced_sample_field/139.jpg,139,2.12,5.03,1,3.140880103453296
581.jpg,581,99.17546237,89.13564254,71.15792411,100.0,90.0,72,19.41304608,79.47720026,99.17546237,19,72,100.0,0.352834944,0.357018431,833.7497398,0.011319226,0.046505495,13.33874587,1.789340224,0.207517565,2.130359,0.426330259,38.35294016,0.900757933,11.90764735,38.35294016,7.099395461,13.94089747,0.098908424,0.10287152,0.074507293,/Users/dharamkar.1/Library/CloudStorage/OneDrive-TheOhioStateUniversity/VSCode_image_processing_project/data/Step2_output/enhanced_sample_field/581.jpg,581,2.66,37.0,1,4.70661479174309
171.jpg,171,162.8484136,140.938078,93.96922832,166.0,144.0,97,20.515625,114.2053372,162.8484136,21,106,166.0,0.557676746,0.568901961,1599.488189,0.008552062,0.032016122,14.06505819,1.663704351,0.558312351,1.93669714,2.050483233,59.5354945,1.50361488,28.08364406,59.5354945,16.97493012,34.65635703,0.266085257,0.276108173,0.145072396,/Users/dharamkar.1/Library/CloudStorage/OneDrive-TheOhioStateUniversity/VSCode_image_processing_project/data/Step2_output/enhanced_sample_field/171.jpg,171,2.2,4.12,1,3.170010391556175
332.jpg,332,138.1647463,117.2213402,77.24574503,139.0,118.0,78,19.62333067,118.9918802,138.1647463,20,112,139.0,0.465841465,0.467268627,1314.642895,0.009357217,0.036400326,13.85809411,1.600772251,0.676949747,2.051310623,1.63891994,50.37184567,2.339442903,25.05114377,50.37184567,15.97492074,29.50164126,0.182442929,0.187317225,0.097193212,/Users/dharamkar.1/Library/CloudStorage/OneDrive-TheOhioStateUniversity/VSCode_image_processing_project/data/Step2_output/enhanced_sample_field/332.jpg,332,2.29,4.3,2,3.9488409021401005
259.jpg,259,181.5543288,156.2952208,108.0088887,193.0,166.0,115,19.70729034,112.3746014,181.5543288,20,103,193.0,0.620318968,0.657929412,2553.849295,0.008465905,0.035546879,14.32317206,1.594002825,0.386534386,2.063984723,1.710867182,65.6328418,2.485768438,28.72853974,65.6328418,19.25500018,36.27820913,0.338322672,0.348514441,0.191306841,/Users/dharamkar.1/Library/CloudStorage/OneDrive-TheOhioStateUniversity/VSCode_image_processing_project/data/Step2_output/enhanced_sample_field/259.jpg,259,2.5,7.68,3,5.877515795949762
96.jpg,96,157.351144,140.5309311,100.482382,160.0,143.0,103,21.26520647,98.1301419,157.351144,21,91,160.0,0.553795004,0.56504,1679.813701,0.008441134,0.031372193,14.10156579,1.832337705,0.441019034,1.842440261,1.607494609,59.01651041,0.197015684,23.71183199,59.01651041,13.01780488,30.10414382,0.257530473,0.270455991,0.160396419,/Users/dharamkar.1/Library/CloudStorage/OneDrive-TheOhioStateUniversity/VSCode_image_processing_project/data/Step2_output/enhanced_sample_field/96.jpg,96,2.2,4.33,1,3.598455957553862
569.jpg,569,117.7638911,96.91187022,67.90455596,121.0,100.0,71,17.35056601,118.1723533,117.7638911,17,107,121.0,0.389221558,0.402022745,1357.10408,0.009570966,0.03560065,13.76782095,1.576602636,0.690990023,2.466595665,1.114417614,42.43744139,4.044217429,19.6973132,42.43744139,15.16945031,22.17825201,0.127464918,0.12784967,0.072483641,/Users/dharamkar.1/Library/CloudStorage/OneDrive-TheOhioStateUniversity/VSCode_image_processing_project/data/Step2_output/enhanced_sample_field/569.jpg,569,2.05,33.5,1,4.891066316374631
176.jpg,176,159.46307,141.6351842,98.75968591,162.0,144.0,101,21.38426738,104.3893495,159.46307,22,96,162.0,0.558165829,0.568396078,1937.707619,0.007986903,0.029104924,14.24734568,1.548149117,0.459931259,1.833452307,1.631361552,59.48296866,0.253913892,25.31940066,59.48296866,13.88196178,31.93868394,0.262499062,0.275532574,0.156764568,/Users/dharamkar.1/Library/CloudStorage/OneDrive-TheOhioStateUniversity/VSCode_image_processing_project/data/Step2_output/enhanced_sample_field/176.jpg,176,1.49,2.36,1,3.9965538570911003
130.jpg,130,155.6548948,133.4512117,83.25697545,157.0,134.0,84,20.93259726,125.1421795,155.6548948,21,118,157.0,0.52764898,0.53053451,1659.050428,0.008891903,0.031510872,13.96226278,1.78743251,0.637581082,1.886178619,2.221075233,56.64620478,1.421701712,30.09330336,56.64620478,17.45332589,36.10341878,0.236649351,0.245620621,0.117278014,/Users/dharamkar.1/Library/CloudStorage/OneDrive-TheOhioStateUniversity/VSCode_image_processing_project/data/Step2_output/enhanced_sample_field/130.jpg,130,1.18,0.68,1,3.801090456053059
153.jpg,153,148.3475167,121.8851842,70.81674506,149.0,123.0,72,19.84972895,140.0024514,148.3475167,20,133,149.0,0.485593707,0.489599608,1357.37522,0.009646771,0.033978169,13.75656032,1.86526355,0.859935222,2.037820981,2.108339684,52.58970554,3.490853039,31.63344818,52.58970554,20.6574097,36.12996452,0.203533095,0.206729687,0.088469749,/Users/dharamkar.1/Library/CloudStorage/OneDrive-TheOhioStateUniversity/VSCode_image_processing_project/data/Step2_output/enhanced_sample_field/153.jpg,153,1.18,22.42,1,5.135601164776028
673.jpg,673,145.2864517,124.3854233,85.51821588,148.0,127.0,88,19.43955277,113.3100287,145.2864517,19,104,148.0,0.494213985,0.503373333,1761.352859,0.008284414,0.030090407,14.14487528,1.869602321,0.577966007,2.081701419,1.792384796,53.19265924,2.311261919,24.18928387,53.19265924,15.8266088,29.19380586,0.206444047,0.21222967,0.11709188,/Users/dharamkar.1/Library/CloudStorage/OneDrive-TheOhioStateUniversity/VSCode_image_processing_project/data/Step2_output/enhanced_sample_field/673.jpg,673,1.59,3.65,1,3.509195910396947
191.jpg,191,154.9829002,134.2055365,89.48983578,156.0,136.0,91,20.50275032,113.5814931,154.9829002,20,107,156.0,0.530967546,0.537008627,1522.984966,0.009118133,0.032104409,13.91059086,1.49256648,0.645941621,1.931258639,2.011638798,56.88446101,1.398095638,26.96419839,56.88446101,16.08254658,32.98458707,0.238921181,0.248045225,0.130859101,/Users/dharamkar.1/Library/CloudStorage/OneDrive-TheOhioStateUniversity/VSCode_image_processing_project/data/Step2_output/enhanced_sample_field/191.jpg,191,1.32,0.74,1,3.5180323059584993
142.jpg,142,149.114198,125.2862125,78.86910077,149.0,125.0,78,19.87723214,126.7342953,149.114198,20,121,149.0,0.498050924,0.496624314,1475.716388,0.009176656,0.03264376,13.89459794,1.839837709,0.725068336,2.028537183,1.898723427,53.71130401,2.711332035,28.64314521,53.71130401,18.41322505,33.73483009,0.211922811,0.217037937,0.104430526,/Users/dharamkar.1/Library/CloudStorage/OneDrive-TheOhioStateUniversity/VSCode_image_processing_project/data/Step2_output/enhanced_sample_field/142.jpg,142,1.32,1.81,1,2.948044626488371
431.jpg,431,151.0950454,131.0251714,96.92231346,156.0,135.0,99,18.7229552,109.8951491,151.1072824,19,93,156.0,0.520906681,0.537313725,3841.879745,0.005902869,0.027743514,15.04788355,1.640246368,0.382447014,2.265913467,1.153492155,55.77638332,2.441119675,21.27927207,55.77638332,14.86762312,26.46207252,0.230541441,0.236903101,0.146453542,/Users/dharamkar.1/Library/CloudStorage/OneDrive-TheOhioStateUniversity/VSCode_image_processing_project/data/Step2_output/enhanced_sample_field/431.jpg,431,2.77,18.6,2,3.409077697013138
197.jpg,197,152.7241709,133.896604,89.30060188,154.0,135.0,91,21.2370456,114.3742427,152.7243503,21,105,154.0,0.52816506,0.533622745,1858.865431,0.007949508,0.030082279,14.25569383,1.622891841,0.518179571,1.84679529,1.607453035,56.57947406,0.58434669,26.6309209,56.57947406,14.72395938,32.73758696,0.234119308,0.244944382,0.130094672,/Users/dharamkar.1/Library/CloudStorage/OneDrive-TheOhioStateUniversity/VSCode_image_processing_project/data/Step2_output/enhanced_sample_field/197.jpg,197,1.49,0.67,1,3.4903243364134386
261.jpg,261,170.9154377,147.9211974,100.9655014,184.0,159.0,108,20.1545161,119.0496652,170.9154377,20,105,184.0,0.585968501,0.629339608,3466.235106,0.00653271,0.027843684,14.83195696,1.562517936,0.378776287,2.010166455,1.487496277,62.29070782,1.839843112,27.99283053,62.29070782,17.66920246,35.01467001,0.297015542,0.307437394,0.166691571,/Users/dharamkar.1/Library/CloudStorage/OneDrive-TheOhioStateUniversity/VSCode_image_processing_project/data/Step2_output/enhanced_sample_field/261.jpg,261,2.5,7.68,3,6.002496348252399
296.jpg,296,113.6550941,94.63091916,61.77333785,113.0,94.0,61,19.00882892,123.1902702,113.6550941,19,117,113.0,0.377664803,0.375398039,949.9443266,0.011973325,0.044194918,13.24038441,1.867976272,0.409878449,2.164207828,0.740541525,41.24519331,2.806545478,21.66841339,41.24519331,14.17958986,24.06937612,0.118172696,0.120183019,0.062208982,/Users/dharamkar.1/Library/CloudStorage/OneDrive-TheOhioStateUniversity/VSCode_image_processing_project/data/Step2_output/enhanced_sample_field/296.jpg,296,2.05,27.86,2,3.584603783639134
670.jpg,670,170.597437,143.6076411,97.80151865,174.0,147.0,100,19.05811543,115.5296755,170.5990713,19,109,174.0,0.57270726,0.585376078,1930.399023,0.008393163,0.030506358,14.14990922,1.95723201,0.639465477,2.19095153,2.119804644,61.06313235,3.728269153,28.11538991,61.06313235,20.43353273,34.53581493,0.288168533,0.293201377,0.156443691,/Users/dharamkar.1/Library/CloudStorage/OneDrive-TheOhioStateUniversity/VSCode_image_processing_project/data/Step2_output/enhanced_sample_field/670.jpg,670,1.59,3.65,1,4.0766306509559005
460.jpg,460,136.0941885,116.144591,75.34765625,137.0,117.0,76,20.13384885,117.7305086,136.0941885,20,114,137.0,0.460558516,0.463347059,908.1568906,0.01220794,0.041184893,13.10571944,1.411635058,0.856354349,1.979505677,1.580224471,49.83382588,1.831473339,25.38813329,49.83382588,15.33954311,29.818729,0.177130653,0.18279879,0.093125975,/Users/dharamkar.1/Library/CloudStorage/OneDrive-TheOhioStateUniversity/VSCode_image_processing_project/data/Step2_output/enhanced_sample_field/460.jpg,460,1.59,0.0,1,4.202620943924019
306.jpg,306,133.1910874,112.2915338,72.31297832,134.0,113.0,73,19.64756059,126.5136918,133.1910874,20,117,134.0,0.44647151,0.450443529,1726.825492,0.008742189,0.03227283,14.06325346,1.643010762,0.62565131,2.055833092,1.482141407,48.4205218,2.426169304,25.23030979,48.4205218,15.9671827,29.23022948,0.167098133,0.171276882,0.086085988,/Users/dharamkar.1/Library/CloudStorage/OneDrive-TheOhioStateUniversity/VSCode_image_processing_project/data/Step2_output/enhanced_sample_field/306.jpg,306,1.92,28.31,2,3.4283593658821276
647.jpg,647,119.8077567,101.7643495,69.57262436,120.0,102.0,69,19.19228316,114.9683913,119.8077567,19,107,120.0,0.405010001,0.404821176,1265.450252,0.009942329,0.037374085,13.68932396,1.831619893,0.480598563,2.128108129,1.054965843,44.05061273,2.292840271,20.87604587,44.05061273,13.45026906,24.00601481,0.135396404,0.138732548,0.076868483,/Users/dharamkar.1/Library/CloudStorage/OneDrive-TheOhioStateUniversity/VSCode_image_processing_project/data/Step2_output/enhanced_sample_field/647.jpg,647,2.77,3.96,2,3.2387777080488473
198.jpg,198,135.7725008,120.2401547,87.99689094,137.0,121.0,88,20.19333945,103.5489676,135.7725008,20,90,137.0,0.475357015,0.478244706,2517.982703,0.006783532,0.025326723,14.65777237,1.860369755,0.352712886,1.979971761,1.086588007,51.16486855,0.904896033,19.92562013,51.16486855,11.70515229,24.54792487,0.186233154,0.194112069,0.119949418,/Users/dharamkar.1/Library/CloudStorage/OneDrive-TheOhioStateUniversity/VSCode_image_processing_project/data/Step2_output/enhanced_sample_field/198.jpg,198,6.72,0.99,1,5.391612934013384
257.jpg,257,170.9491191,146.0093072,100.4868264,182.0,155.0,107,19.3263911,118.9112524,170.949139,19,105,182.0,0.580497437,0.616741176,3467.829116,0.006576641,0.028275902,14.81484251,1.619537096,0.432562451,2.136273081,1.540762957,61.77805484,2.852520024,27.58565276,61.77805484,18.94411961,34.28005125,0.293883048,0.30143749,0.164473365,/Users/dharamkar.1/Library/CloudStorage/OneDrive-TheOhioStateUniversity/VSCode_image_processing_project/data/Step2_output/enhanced_sample_field/257.jpg,257,2.5,7.68,3,3.987883071380476
319.jpg,319,145.9495177,123.2259247,79.40260284,146.0,123.0,79,19.74581473,124.4216159,145.9495177,20,116,146.0,0.489784419,0.489599608,1727.798166,0.008218749,0.032273507,14.16593497,1.651913884,0.630678491,2.045608032,1.748969341,52.83965523,2.556954282,27.17114181,52.83965523,17.46339148,32.11417854,0.203826089,0.208997982,0.104325025,/Users/dharamkar.1/Library/CloudStorage/OneDrive-TheOhioStateUniversity/VSCode_image_processing_project/data/Step2_output/enhanced_sample_field/319.jpg,319,2.29,13.59,2,3.026134989550425
183.jpg,183,152.5990912,134.0196907,92.0299147,155.0,136.0,94,20.85795998,109.2786392,152.5990912,21,101,155.0,0.529177845,0.538162353,1579.669022,0.008095058,0.032576887,14.20569127,1.628579389,0.481403667,1.88808227,1.608623494,56.6473149,0.784970166,25.20279954,56.6473149,14.38002487,31.20561491,0.235225902,0.245631881,0.136312878,/Users/dharamkar.1/Library/CloudStorage/OneDrive-TheOhioStateUniversity/VSCode_image_processing_project/data/Step2_output/enhanced_sample_field/183.jpg,183,3.11,4.43,1,2.808830950066194
118.jpg,118,169.5285993,144.8924585,88.94740513,172.0,148.0,91,20.98168447,129.2439015,169.5285993,21,120,172.0,0.572917647,0.582898824,2200.564502,0.007826273,0.028308876,14.30738083,1.602220735,0.568716715,1.882055171,2.438190383,61.162174,1.621064166,33.00757826,61.162174,19.45677411,39.99984468,0.2838655,0.294333299,0.136228947,/Users/dharamkar.1/Library/CloudStorage/OneDrive-TheOhioStateUniversity/VSCode_image_processing_project/data/Step2_output/enhanced_sample_field/118.jpg,118,1.32,0.69,1,5.159150491086261
553.jpg,553,130.5284399,114.2072106,83.06038744,131.0,115.0,84,19.65979751,100.0724251,130.5284399,20,93,131.0,0.452665827,0.456664706,1567.309998,0.009029899,0.032669876,13.93013072,1.653658587,0.50720195,2.0540698,1.22878233,48.87811749,1.466765833,19.62098813,48.87811749,12.1773829,23.74411968,0.168917642,0.174952741,0.106806429,/Users/dharamkar.1/Library/CloudStorage/OneDrive-TheOhioStateUniversity/VSCode_image_processing_project/data/Step2_output/enhanced_sample_field/553.jpg,553,2.51,4.44,2,3.290110724091221
504.jpg,504,116.333526,95.28439892,69.22291534,114.0,93.0,67,16.68734056,112.2456952,116.333526,17,105,114.0,0.383836492,0.375978431,1514.120235,0.009434852,0.032919701,13.82143603,1.726526912,0.479853115,2.621223528,0.814612656,41.85222633,4.540268593,18.11331953,41.85222633,15.07474824,20.37877438,0.124461063,0.124046999,0.074037165,/Users/dharamkar.1/Library/CloudStorage/OneDrive-TheOhioStateUniversity/VSCode_image_processing_project/data/Step2_output/enhanced_sample_field/504.jpg,504,1.27,60.16,1,4.856583714158999
313.jpg,313,101.2412109,84.66515864,55.00342793,101.0,84.0,54,19.28557478,124.1799267,101.2412109,19,117,101.0,0.337446898,0.335096078,842.534333,0.011968722,0.045026524,13.16196567,1.785326545,0.29512117,2.125752655,0.516850946,36.93220237,2.29448699,19.84564046,36.93220237,12.22373375,21.43115022,0.093059678,0.095013633,0.049575926,/Users/dharamkar.1/Library/CloudStorage/OneDrive-TheOhioStateUniversity/VSCode_image_processing_project/data/Step2_output/enhanced_sample_field/313.jpg,313,2.05,12.44,2,4.689286519640554
518.jpg,518,105.2289142,92.30038265,69.84791534,104.0,91.0,69,19.1297433,92.94716598,105.231246,19,87,104.0,0.366387736,0.362859608,1062.015175,0.010802228,0.042160773,13.48174525,1.471581419,0.248678561,2.156881976,0.510630913,39.85573604,1.468274591,14.85707424,39.85573604,9.293247787,17.21584088,0.108066073,0.111642453,0.073532287,/Users/dharamkar.1/Library/CloudStorage/OneDrive-TheOhioStateUniversity/VSCode_image_processing_project/data/Step2_output/enhanced_sample_field/518.jpg,518,2.77,50.91,2,4.274029198516576
528.jpg,528,108.5413544,89.07196668,63.05793607,109.0,90.0,63,17.05966996,119.3223653,108.5413544,17,107,109.0,0.35817098,0.359756471,1409.202254,0.009168868,0.034518662,13.88230964,1.797206902,0.437605165,2.537711118,0.821628824,39.13733575,3.974637903,18.04807249,39.13733575,13.96977444,19.89864491,0.107278078,0.107389882,0.062175321,/Users/dharamkar.1/Library/CloudStorage/OneDrive-TheOhioStateUniversity/VSCode_image_processing_project/data/Step2_output/enhanced_sample_field/528.jpg,528,1.75,63.76,1,4.235076866959654
676.jpg,676,126.6671915,110.1816606,76.99828603,129.0,113.0,79,19.96233259,105.9119699,126.6671915,20,98,129.0,0.436440449,0.446857255,980.1764694,0.010849299,0.041763828,13.40511313,1.78909417,0.553409246,1.999712775,1.262079206,47.25408022,1.333396345,20.90202644,47.25408022,12.4386007,24.83735872,0.156381863,0.16214056,0.09324736,/Users/dharamkar.1/Library/CloudStorage/OneDrive-TheOhioStateUniversity/VSCode_image_processing_project/data/Step2_output/enhanced_sample_field/676.jpg,676,1.27,4.31,1,3.819485697557222
202.jpg,202,149.5169404,131.8965242,88.30279416,152.0,134.0,90,21.58721301,110.7124322,149.5169404,22,103,152.0,0.519599038,0.527483922,1431.691344,0.00909526,0.033916512,13.90828684,1.539063899,0.546921335,1.810636802,1.771630441,55.70864966,0.217196393,25.99312184,55.70864966,13.83691747,31.97247707,0.2250061,0.236233055,0.126702887,/Users/dharamkar.1/Library/CloudStorage/OneDrive-TheOhioStateUniversity/VSCode_image_processing_project/data/Step2_output/enhanced_sample_field/202.jpg,202,1.18,0.76,1,3.6308329328607463
212.jpg,212,153.4504544,136.4442761,99.52499203,160.0,142.0,103,20.67522321,105.6810029,153.4575494,20,91,160.0,0.538808661,0.561386275,3928.776125,0.006025885,0.025125002,15.0052021,1.764762525,0.405281493,1.975335767,1.209725185,57.52259729,0.722187802,22.19053941,57.52259729,12.95455125,28.07453019,0.243664734,0.254617679,0.155640746,/Users/dharamkar.1/Library/CloudStorage/OneDrive-TheOhioStateUniversity/VSCode_image_processing_project/data/Step2_output/enhanced_sample_field/212.jpg,212,2.05,13.26,2,5.465654887598024
371.jpg,371,149.0135124,126.3021963,90.9819037,152.0,127.0,90,17.97714047,121.0845823,149.0136121,18,102,152.0,0.504242188,0.509805882,5012.560318,0.005691605,0.023818262,15.14388748,1.505618435,0.404876108,2.428016152,1.1206067,54.18150384,3.48229318,22.4756569,54.18150384,16.8123517,27.32087278,0.217843641,0.221459361,0.130177229,/Users/dharamkar.1/Library/CloudStorage/OneDrive-TheOhioStateUniversity/VSCode_image_processing_project/data/Step2_output/enhanced_sample_field/371.jpg,371,2.07,17.5,1,5.364663739679429
725.jpg,725,87.86306202,70.00880899,45.71898916,88.0,70.0,45,17.23202328,132.2504385,87.86306202,17,124,88.0,0.282555066,0.281325098,802.2189902,0.012626613,0.04667853,13.03618983,1.844446104,0.189997019,2.499808231,0.422304867,30.98435411,3.924459907,17.50516516,30.98435411,12.58136497,17.56169855,0.066900648,0.066448597,0.034852932,/Users/dharamkar.1/Library/CloudStorage/OneDrive-TheOhioStateUniversity/VSCode_image_processing_project/data/Step2_output/enhanced_sample_field/725.jpg,725,2.77,27.98,2,6.1484771939606455
240.jpg,240,172.0515784,143.346879,92.67143654,181.0,151.0,97,19.08035714,132.7224171,172.0515784,19,119,181.0,0.571736973,0.601568235,3668.786115,0.006316468,0.027808718,14.88794789,1.599768348,0.49833432,2.166539637,1.745318473,61.05575801,3.932486822,30.92324779,61.05575801,22.01442461,37.40835174,0.288612552,0.293117213,0.144143622,/Users/dharamkar.1/Library/CloudStorage/OneDrive-TheOhioStateUniversity/VSCode_image_processing_project/data/Step2_output/enhanced_sample_field/240.jpg,240,1.92,8.89,2,4.950237783888038
669.jpg,669,128.3915617,105.0583745,67.97040418,131.0,107.0,70,18.34542411,129.7419085,128.3915617,18,119,131.0,0.420951506,0.429146275,1445.4372,0.009258418,0.034182174,13.85922053,1.696728064,0.679435854,2.276626632,1.371298479,45.84230617,4.008737988,24.29959824,45.84230617,17.5164572,27.42727936,0.15061536,0.151524571,0.075939263,/Users/dharamkar.1/Library/CloudStorage/OneDrive-TheOhioStateUniversity/VSCode_image_processing_project/data/Step2_output/enhanced_sample_field/669.jpg,669,1.59,3.65,1,4.261560379019552
563.jpg,563,105.0380461,88.47925303,61.62085459,105.0,88.0,61,18.60907605,114.9938616,105.0384447,19,107,105.0,0.353182377,0.351347843,1152.285014,0.010675163,0.04135323,13.53509809,1.465689678,0.337098753,2.250798574,0.643622865,38.56506466,2.556633226,18.08681555,38.56506466,12.02999784,20.07565497,0.102186797,0.104080664,0.059724779,/Users/dharamkar.1/Library/CloudStorage/OneDrive-TheOhioStateUniversity/VSCode_image_processing_project/data/Step2_output/enhanced_sample_field/563.jpg,563,2.77,42.7,2,3.4616319501043096
699.jpg,699,132.0247927,121.3057836,102.9105748,136.0,126.0,107,19.05235571,62.81582828,132.0248724,19,55,136.0,0.479440308,0.496222745,1756.599696,0.008606192,0.032227651,14.0861032,1.875238938,0.343474215,2.179073662,0.914437703,51.42159483,0.908330437,11.586002,51.42159483,7.602130497,14.91107543,0.188376814,0.196346469,0.156023123,/Users/dharamkar.1/Library/CloudStorage/OneDrive-TheOhioStateUniversity/VSCode_image_processing_project/data/Step2_output/enhanced_sample_field/699.jpg,699,1.75,39.6,1,5.007276361691914
80.jpg,80,151.1367785,128.3945113,78.41739078,152.0,129.0,79,20.7294324,129.4386559,151.1367785,21,122,152.0,0.508328991,0.510346275,1371.75999,0.008893739,0.035869976,13.95919457,1.635421911,0.682839252,1.912590403,2.161013289,54.75265043,1.791276582,30.24916119,54.75265043,17.85726293,35.73069915,0.219494114,0.22691028,0.105080049,/Users/dharamkar.1/Library/CloudStorage/OneDrive-TheOhioStateUniversity/VSCode_image_processing_project/data/Step2_output/enhanced_sample_field/80.jpg,80,1.18,7.07,1,3.945020945248895
709.jpg,709,141.5779456,132.4989836,113.5302934,144.0,135.0,116,20.39542809,54.90792411,141.5810348,20,50,144.0,0.521806355,0.530706275,1936.212924,0.008183858,0.02977525,14.20535832,1.871819066,0.258023859,1.98011779,0.892785693,55.64089337,0.104533453,11.48004648,55.64089337,6.593727994,15.24936158,0.224124018,0.235564049,0.191414434,/Users/dharamkar.1/Library/CloudStorage/OneDrive-TheOhioStateUniversity/VSCode_image_processing_project/data/Step2_output/enhanced_sample_field/709.jpg,709,1.59,29.25,1,5.080348393023941
513.jpg,513,119.6439134,101.7379424,73.251136,116.0,99.0,71,18.45834662,107.7439413,119.6454879,18,101,116.0,0.405839461,0.394432549,1583.411875,0.008843964,0.032762461,14.00555487,1.64174241,0.430196365,2.262623721,0.973658092,44.09484458,2.702529019,18.77349891,44.09484458,13.08682156,21.79939771,0.136332384,0.139039335,0.083108606,/Users/dharamkar.1/Library/CloudStorage/OneDrive-TheOhioStateUniversity/VSCode_image_processing_project/data/Step2_output/enhanced_sample_field/513.jpg,513,2.51,21.1,2,4.131099739077582
351.jpg,351,146.5820313,124.5371692,85.15609056,148.0,126.0,86,19.13807398,114.4323182,146.5820313,19,106,148.0,0.495616967,0.501453725,1788.70798,0.008516713,0.030561708,14.09314938,1.704523475,0.645978788,2.125213507,1.739468364,53.35652627,2.740501647,24.63171768,53.35652627,16.66088243,29.60283229,0.208792869,0.213741096,0.116502278,/Users/dharamkar.1/Library/CloudStorage/OneDrive-TheOhioStateUniversity/VSCode_image_processing_project/data/Step2_output/enhanced_sample_field/351.jpg,351,2.29,32.6,2,3.1906602107576774
719.jpg,719,92.17711655,74.29611767,50.23975606,91.0,73.0,49,17.16031569,126.7069914,92.17711655,17,119,91.0,0.299456338,0.295054118,962.6153307,0.011720145,0.0437607,13.28854909,1.736309499,0.234512224,2.524560686,0.490317748,32.81972539,3.848285511,17.19799178,32.81972539,12.63384709,17.75126353,0.074810401,0.074543886,0.040887241,/Users/dharamkar.1/Library/CloudStorage/OneDrive-TheOhioStateUniversity/VSCode_image_processing_project/data/Step2_output/enhanced_sample_field/719.jpg,719,2.51,21.72,2,5.442784854343146
338.jpg,338,158.6486169,134.2039621,82.97753906,161.0,137.0,85,20.43742028,129.7888831,158.6486169,21,121,161.0,0.532176573,0.541733725,2006.03143,0.008097186,0.028970921,14.22572732,1.769409407,0.628620645,1.960410006,2.255259935,57.14073829,2.265897811,30.93206566,57.14073829,19.1068175,36.87443851,0.243429528,0.250670976,0.117329347,/Users/dharamkar.1/Library/CloudStorage/OneDrive-TheOhioStateUniversity/VSCode_image_processing_project/data/Step2_output/enhanced_sample_field/338.jpg,338,1.92,7.87,2,3.843303875471381
68.jpg,68,144.3299187,123.7431441,81.14377392,146.0,126.0,83,20.22213807,124.2060746,144.3299187,20,111,146.0,0.490378114,0.497792941,1826.891856,0.007336518,0.031514047,14.44186811,1.640998593,0.465187205,1.976549614,1.561901953,52.84780498,1.75269638,26.17796897,52.84780498,15.87113249,31.27867139,0.202258664,0.209072219,0.107807602,/Users/dharamkar.1/Library/CloudStorage/OneDrive-TheOhioStateUniversity/VSCode_image_processing_project/data/Step2_output/enhanced_sample_field/68.jpg,68,2.12,12.83,1,3.6479776316424823
386.jpg,386,143.8310547,126.2907964,103.6808434,146.0,128.0,104,16.63219467,92.4517897,143.8311145,17,73,146.0,0.503482054,0.510718039,3685.754344,0.005989695,0.029689286,15.04586279,1.621747049,0.311212621,2.771873466,0.745199553,53.9249895,3.027158738,14.78791122,53.9249895,12.32846688,18.62557607,0.214527059,0.219039915,0.161059875,/Users/dharamkar.1/Library/CloudStorage/OneDrive-TheOhioStateUniversity/VSCode_image_processing_project/data/Step2_output/enhanced_sample_field/386.jpg,386,2.66,19.2,1,5.644820832657739
462.jpg,462,135.2559391,115.2230548,76.02024872,136.0,116.0,76,19.76895328,115.3394053,135.2559391,20,111,136.0,0.457464786,0.45942549,863.8581038,0.01240208,0.042884336,13.05303652,1.678859342,0.795432096,2.025163271,1.570111162,49.50514827,2.069762982,24.56707119,49.50514827,15.29215544,28.88343034,0.174947077,0.180074548,0.093934801,/Users/dharamkar.1/Library/CloudStorage/OneDrive-TheOhioStateUniversity/VSCode_image_processing_project/data/Step2_output/enhanced_sample_field/462.jpg,462,1.59,0.0,1,3.818458219692584
420.jpg,420,151.7302097,133.348015,105.2768654,158.0,139.0,109,17.93110252,97.53854432,151.7302097,18,79,158.0,0.530314908,0.551109804,3942.897381,0.005862863,0.025599988,15.07280825,1.631162964,0.322064198,2.431629028,0.898362932,56.63073058,2.51703947,17.7117501,56.63073058,13.26748063,22.47752944,0.238978603,0.245463697,0.169145668,/Users/dharamkar.1/Library/CloudStorage/OneDrive-TheOhioStateUniversity/VSCode_image_processing_project/data/Step2_output/enhanced_sample_field/420.jpg,420,2.51,19.4,2,3.5083909844883716
88.jpg,88,158.2756696,138.4934232,90.26919244,160.0,140.0,92,21.38032127,114.471321,158.2756696,21,109,160.0,0.545961504,0.55154902,1384.649504,0.009678148,0.034993039,13.75343567,1.677988003,0.556322348,1.821885192,2.130419545,58.37703593,0.500428019,28.52628432,58.37703593,15.59406153,35.08350255,0.251717381,0.263598317,0.134923015,/Users/dharamkar.1/Library/CloudStorage/OneDrive-TheOhioStateUniversity/VSCode_image_processing_project/data/Step2_output/enhanced_sample_field/88.jpg,88,1.48,5.1,1,3.6691345980427954
527.jpg,527,128.4497967,105.9737923,75.95049426,133.0,111.0,80,17.04063696,118.4595823,128.450295,17,103,133.0,0.425824562,0.44402902,2156.744094,0.007717947,0.028945342,14.34118223,1.615835669,0.640419029,2.570364351,1.422930809,46.24270258,4.438122749,20.2068468,46.24270258,16.36100661,23.34802136,0.15424329,0.154486793,0.089959405,/Users/dharamkar.1/Library/CloudStorage/OneDrive-TheOhioStateUniversity/VSCode_image_processing_project/data/Step2_output/enhanced_sample_field/527.jpg,527,2.07,61.42,1,5.484034051183962
165.jpg,165,153.931262,132.965043,87.31409439,157.0,136.0,90,20.5859375,120.8833705,153.931262,21,110,157.0,0.525995809,0.537529412,1940.471753,0.007495948,0.030236514,14.40861759,1.649490422,0.493447542,1.929534934,1.71317914,56.40983798,1.395060817,27.5318751,56.40983798,16.28569429,33.47547111,0.234297559,0.243230907,0.125423322,/Users/dharamkar.1/Library/CloudStorage/OneDrive-TheOhioStateUniversity/VSCode_image_processing_project/data/Step2_output/enhanced_sample_field/165.jpg,165,2.12,5.03,1,2.822427150781713
334.jpg,334,158.0199298,136.9021843,92.38068001,159.0,138.0,93,20.39993224,110.9093391,158.0199298,20,105,159.0,0.541881195,0.545074902,1457.223174,0.009137485,0.033838041,13.88559387,1.621706839,0.63569419,1.950588892,2.020011044,57.95639546,1.518277263,26.81682487,57.95639546,16.28726037,33.01614686,0.249851701,0.25915121,0.138957977,/Users/dharamkar.1/Library/CloudStorage/OneDrive-TheOhioStateUniversity/VSCode_image_processing_project/data/Step2_output/enhanced_sample_field/334.jpg,334,2.29,4.3,2,3.1841551652952282
449.jpg,449,141.8910236,120.4409279,81.72317443,140.0,119.0,80,19.22269611,114.6191606,141.8916016,19,110,140.0,0.479245189,0.472566275,1766.26029,0.008996239,0.031182501,13.95974459,1.81400486,0.654163538,2.111899475,1.523343521,51.70840084,2.641194921,24.32791728,51.70840084,16.22305051,28.98503709,0.19419145,0.19886287,0.107408077,/Users/dharamkar.1/Library/CloudStorage/OneDrive-TheOhioStateUniversity/VSCode_image_processing_project/data/Step2_output/enhanced_sample_field/449.jpg,449,1.75,0.0,1,3.6332297852326985
597.jpg,597,112.3361169,96.22267618,71.47893415,113.0,97.0,72,18.19220344,99.40736607,112.3361169,18,93,113.0,0.383775524,0.386656863,1029.777306,0.011086942,0.038822809,13.39559369,1.53802004,0.370450382,2.309993038,0.715128032,41.74346021,2.502106897,16.54818031,41.74346021,11.59066026,19.11360286,0.120810647,0.123348663,0.077849107,/Users/dharamkar.1/Library/CloudStorage/OneDrive-TheOhioStateUniversity/VSCode_image_processing_project/data/Step2_output/enhanced_sample_field/597.jpg,597,2.51,1.66,2,4.087790802612536
724.jpg,724,130.4821429,120.1403061,101.3675861,130.0,120.0,101,19.43160077,63.38382892,130.4829401,19,57,130.0,0.474448758,0.473281569,2052.806474,0.008125349,0.030336263,14.26156898,1.734907314,0.307696106,2.118230361,0.772011597,50.91806493,0.699684781,11.76111594,50.91806493,7.388696362,15.11910901,0.183802417,0.191980074,0.1514036,/Users/dharamkar.1/Library/CloudStorage/OneDrive-TheOhioStateUniversity/VSCode_image_processing_project/data/Step2_output/enhanced_sample_field/724.jpg,724,2.51,21.72,2,4.6285681799241924
147.jpg,147,150.3342235,127.2465322,81.21149554,153.0,129.0,83,20.02690529,127.8907844,150.3342235,20,117,153.0,0.50522957,0.513702353,1960.265455,0.007657868,0.029478713,14.35952676,1.736136272,0.593602456,2.010528662,1.85292807,54.40335332,2.384917258,28.25565804,54.40335332,17.84568451,33.57641873,0.217542358,0.22356616,0.109933734,/Users/dharamkar.1/Library/CloudStorage/OneDrive-TheOhioStateUniversity/VSCode_image_processing_project/data/Step2_output/enhanced_sample_field/147.jpg,147,2.2,4.12,1,3.0033424507518798
693.jpg,693,145.3941127,123.9198422,97.28720902,151.0,129.0,102,16.55777663,94.86393893,145.3941127,17,83,151.0,0.496325144,0.51796549,2415.432395,0.007337023,0.0255413,14.48996506,1.577759056,0.530697806,2.64639257,1.271678084,53.29806812,4.1259574,17.63068807,53.29806812,15.29999709,21.67466564,0.211155084,0.213201087,0.143792776,/Users/dharamkar.1/Library/CloudStorage/OneDrive-TheOhioStateUniversity/VSCode_image_processing_project/data/Step2_output/enhanced_sample_field/693.jpg,693,2.05,27.75,1,4.696680885105626
132.jpg,132,157.7781808,135.6442722,90.61619101,161.0,139.0,93,20.14128268,117.2641901,157.7781808,20,107,161.0,0.537651777,0.549056078,1651.377903,0.007994075,0.032725103,14.24071496,1.662772375,0.543357615,1.987969645,1.869011999,57.56394474,1.915228755,27.27597767,57.56394474,17.04010632,33.34131666,0.246834204,0.255047494,0.134308638,/Users/dharamkar.1/Library/CloudStorage/OneDrive-TheOhioStateUniversity/VSCode_image_processing_project/data/Step2_output/enhanced_sample_field/132.jpg,132,3.11,0.98,1,3.096242518194031
379.jpg,379,154.715342,130.658801,91.74095185,160.0,135.0,94,18.27698501,124.6738481,154.715342,19,106,160.0,0.521430741,0.537513725,3668.768698,0.005953168,0.026015233,15.02710668,1.475374509,0.422837842,2.377772532,1.2558608,55.93809324,3.538598695,24.47174484,55.93809324,17.98767412,29.75752366,0.234544618,0.238507917,0.134312849,/Users/dharamkar.1/Library/CloudStorage/OneDrive-TheOhioStateUniversity/VSCode_image_processing_project/data/Step2_output/enhanced_sample_field/379.jpg,379,1.75,22.3,1,4.366533414833943
239.jpg,239,171.824996,144.4930246,94.08436304,182.0,153.0,99,19.36868224,129.2301698,171.824996,19,117,182.0,0.575163153,0.607201961,2475.014254,0.006819652,0.031909712,14.6978184,1.63606045,0.464977859,2.116630811,1.770137505,61.35816812,3.3518693,30.54119037,61.35816812,21.00078369,37.20142762,0.290478949,0.296581845,0.148010478,/Users/dharamkar.1/Library/CloudStorage/OneDrive-TheOhioStateUniversity/VSCode_image_processing_project/data/Step2_output/enhanced_sample_field/239.jpg,239,1.92,8.89,2,5.813448313879047
300.jpg,300,98.6408243,79.21436543,48.46008052,99.0,79.0,48,18.38942921,137.029556,98.6408243,19,130,99.0,0.318137663,0.317154902,686.2288397,0.013481223,0.050487178,12.85037371,1.890152469,0.253562085,2.271924664,0.464841999,34.94935164,3.64588099,21.16257847,34.94935164,14.24937623,21.85073452,0.084612181,0.084730939,0.040353292,/Users/dharamkar.1/Library/CloudStorage/OneDrive-TheOhioStateUniversity/VSCode_image_processing_project/data/Step2_output/enhanced_sample_field/300.jpg,300,2.29,29.46,2,6.236942121254485
526.jpg,526,135.4620735,110.5283203,76.00203284,138.0,113.0,78,17.34709821,124.0930923,135.4623127,17,111,138.0,0.444460383,0.453799608,2014.762772,0.00773623,0.027486139,14.32078474,1.705569605,0.655741577,2.473244368,1.604541575,48.23259668,4.872045154,22.92884312,48.23259668,18.42930038,26.42970731,0.17004294,0.169782323,0.0921735,/Users/dharamkar.1/Library/CloudStorage/OneDrive-TheOhioStateUniversity/VSCode_image_processing_project/data/Step2_output/enhanced_sample_field/526.jpg,526,2.07,61.42,1,5.103694286471771
609.jpg,609,108.204839,91.16063457,64.42239318,106.0,89.0,63,18.32864318,112.1230269,108.204839,18,105,106.0,0.364136082,0.356408235,1227.527126,0.010025712,0.03690778,13.67117346,1.646799246,0.353194518,2.283373847,0.725607744,39.7251943,2.740038893,18.0010798,39.7251943,12.36081867,20.19032112,0.109017902,0.110861514,0.064779382,/Users/dharamkar.1/Library/CloudStorage/OneDrive-TheOhioStateUniversity/VSCode_image_processing_project/data/Step2_output/enhanced_sample_field/609.jpg,609,2.77,25.73,2,3.2517937566132233
217.jpg,217,154.6618104,134.6553731,102.1081194,161.0,139.0,104,18.88817363,99.78176818,154.6663146,19,87,161.0,0.535529741,0.552434118,3607.042861,0.006034906,0.027530998,14.98757532,1.657739226,0.375993815,2.220717498,1.120733638,57.2013529,2.567226242,20.32685821,57.2013529,14.68684306,25.56804713,0.244725753,0.251294715,0.161562686,/Users/dharamkar.1/Library/CloudStorage/OneDrive-TheOhioStateUniversity/VSCode_image_processing_project/data/Step2_output/enhanced_sample_field/217.jpg,217,2.05,13.26,2,6.653159953771682
613.jpg,613,137.2434829,114.874422,77.576989,140.0,118.0,80,18.64219946,123.28978,137.2435228,19,110,140.0,0.458583147,0.470096078,2015.962164,0.007556506,0.028364968,14.36670549,1.706568153,0.579312773,2.228748982,1.5278816,49.63733183,3.323425145,23.89330208,49.63733183,16.79780882,27.99086248,0.178333461,0.181166873,0.0968395,/Users/dharamkar.1/Library/CloudStorage/OneDrive-TheOhioStateUniversity/VSCode_image_processing_project/data/Step2_output/enhanced_sample_field/613.jpg,613,2.07,0.18,1,3.645656792860893
66.jpg,66,148.1412229,127.4733937,82.14006696,149.0,128.0,83,20.65898039,119.4815649,148.1412229,21,113,149.0,0.504301077,0.50789098,1266.3539,0.009761273,0.036536588,13.72780103,1.564440222,0.695701127,1.91362668,1.912338151,54.26251451,1.407032051,27.5179118,54.26251451,16.09054249,33.00220941,0.214177841,0.22222714,0.111695738,/Users/dharamkar.1/Library/CloudStorage/OneDrive-TheOhioStateUniversity/VSCode_image_processing_project/data/Step2_output/enhanced_sample_field/66.jpg,66,1.48,7.21,1,3.1367906706612887
721.jpg,721,128.2566765,118.6588807,101.2496811,127.0,118.0,100,19.54161352,58.54671556,128.2602639,19,54,127.0,0.468404741,0.465691373,1677.602699,0.008931993,0.03449959,14.00990099,1.901146595,0.306656298,2.128426806,0.755469467,50.29485388,0.621346557,10.92774902,50.29485388,6.826244388,14.06562086,0.178580416,0.186666114,0.150349008,/Users/dharamkar.1/Library/CloudStorage/OneDrive-TheOhioStateUniversity/VSCode_image_processing_project/data/Step2_output/enhanced_sample_field/721.jpg,721,2.51,21.72,2,5.499480621283257
146.jpg,146,142.839784,122.9769013,84.48180405,145.0,125.0,86,19.71546158,114.1105309,142.839784,20,104,145.0,0.48793046,0.495530196,1960.570267,0.007814883,0.029217905,14.31645959,1.781841732,0.54094422,2.03855517,1.632716426,52.5466725,1.933397722,23.88247459,52.5466725,15.08710729,28.82376815,0.199996075,0.206340826,0.114136648,/Users/dharamkar.1/Library/CloudStorage/OneDrive-TheOhioStateUniversity/VSCode_image_processing_project/data/Step2_output/enhanced_sample_field/146.jpg,146,2.2,4.12,1,2.666523016979782
316.jpg,316,124.4021445,106.0168407,74.73114636,123.0,105.0,74,18.92667809,108.4183873,124.4021445,19,102,123.0,0.422227526,0.41801451,1219.650865,0.009704201,0.036747156,13.71313309,1.738283362,0.518344669,2.180146745,1.19895339,45.81395101,2.478464912,20.2741812,45.81395101,13.61497212,23.70566435,0.147872555,0.151316241,0.087483587,/Users/dharamkar.1/Library/CloudStorage/OneDrive-TheOhioStateUniversity/VSCode_image_processing_project/data/Step2_output/enhanced_sample_field/316.jpg,316,2.29,13.59,2,2.2728757107981554
244.jpg,244,183.8625239,156.5098852,107.5064971,194.0,165.0,114,19.21839126,115.3894093,183.8625239,19,105,194.0,0.622702654,0.656775686,2523.381706,0.007465786,0.031283103,14.50344334,1.623019229,0.452973602,2.128461877,1.643182374,65.90069036,3.266990483,29.39110826,65.90069036,20.76794874,36.88655131,0.343897555,0.351956281,0.190280091,/Users/dharamkar.1/Library/CloudStorage/OneDrive-TheOhioStateUniversity/VSCode_image_processing_project/data/Step2_output/enhanced_sample_field/244.jpg,244,1.92,8.89,2,6.164803472509327
92.jpg,92,151.4877033,133.9027224,94.68871572,154.0,137.0,98,20.73666693,105.2407924,151.4877033,21,94,154.0,0.528675298,0.540059216,1941.737248,0.007407354,0.029971294,14.42378686,1.884743548,0.403303266,1.901642874,1.366757863,56.55618654,0.705551708,23.57987407,56.55618654,13.514467,29.45656766,0.234165985,0.244708682,0.142392268,/Users/dharamkar.1/Library/CloudStorage/OneDrive-TheOhioStateUniversity/VSCode_image_processing_project/data/Step2_output/enhanced_sample_field/92.jpg,92,2.12,5.56,1,3.858439729341526
318.jpg,318,136.5147082,116.663644,78.83836894,136.0,116.0,79,19.6063058,115.5465561,136.5147082,20,108,136.0,0.463352129,0.461672549,1639.254604,0.008583379,0.033766028,14.05111093,1.803819727,0.551439547,2.053747939,1.48720463,50.07886064,2.123381587,23.73635742,50.07886064,15.06278958,28.15291717,0.179650812,0.184847538,0.099858362,/Users/dharamkar.1/Library/CloudStorage/OneDrive-TheOhioStateUniversity/VSCode_image_processing_project/data/Step2_output/enhanced_sample_field/318.jpg,318,2.29,13.59,2,3.5415682221203717
174.jpg,174,157.8702766,139.3364955,94.41585619,159.0,141.0,96,21.41320552,108.3900869,157.8702766,22,102,159.0,0.549161357,0.554667059,1520.098074,0.008824457,0.032399025,13.98345689,1.523526793,0.534905445,1.825819146,1.770565723,58.63537884,0.337544574,26.57656675,58.63537884,14.51191766,33.12406543,0.253959808,0.266354634,0.14488141,/Users/dharamkar.1/Library/CloudStorage/OneDrive-TheOhioStateUniversity/VSCode_image_processing_project/data/Step2_output/enhanced_sample_field/174.jpg,174,1.49,2.36,1,3.948587339537632
387.jpg,387,156.0117188,134.5498246,106.3777702,163.0,141.0,111,16.82025271,98.12551818,156.0118184,17,83,163.0,0.537565773,0.561731765,4450.607984,0.005779108,0.024026529,15.10390001,1.606454417,0.380946298,2.660928667,1.011880556,57.38695873,3.759238884,18.18638986,57.38695873,15.34230949,22.88795883,0.249352386,0.253211078,0.173089551,/Users/dharamkar.1/Library/CloudStorage/OneDrive-TheOhioStateUniversity/VSCode_image_processing_project/data/Step2_output/enhanced_sample_field/387.jpg,387,2.66,19.2,1,5.21732453680979
48.jpg,48,128.1736886,109.8680445,77.10694356,128.0,109.0,77,19.26072226,108.227559,128.1736886,19,102,128.0,0.436846739,0.434839608,1093.050168,0.010091056,0.03872288,13.62981921,1.767255965,0.54058725,2.119409185,1.230061812,47.31909012,2.1893209,20.9526996,47.31909012,13.65754895,24.74186345,0.158335391,0.162640997,0.093442374,/Users/dharamkar.1/Library/CloudStorage/OneDrive-TheOhioStateUniversity/VSCode_image_processing_project/data/Step2_output/enhanced_sample_field/48.jpg,48,1.48,46.5,1,3.9267876013992895
135.jpg,135,152.7097816,128.6840721,80.52144452,154.0,130.0,81,20.08882733,129.884646,152.7097816,20,120,154.0,0.511047098,0.515145882,2061.914898,0.007763457,0.027497209,14.3203678,1.825961098,0.635820193,2.002925289,1.948217964,55.02034315,2.532820494,29.46864507,55.02034315,18.64730249,34.88586132,0.223587904,0.229495583,0.109406175,/Users/dharamkar.1/Library/CloudStorage/OneDrive-TheOhioStateUniversity/VSCode_image_processing_project/data/Step2_output/enhanced_sample_field/135.jpg,135,1.38,19.4,1,3.4326238541157026
78.jpg,78,143.7710061,119.787229,76.16256776,144.0,120.0,76,19.30187739,135.5762516,143.7710061,19,121,144.0,0.477405661,0.477366275,2341.944907,0.006782469,0.02785506,14.64672957,1.70138529,0.512860037,2.120671175,1.502242843,51.62805405,3.210325343,27.38452917,51.62805405,18.36969865,31.9193391,0.194632556,0.198155762,0.096647799,/Users/dharamkar.1/Library/CloudStorage/OneDrive-TheOhioStateUniversity/VSCode_image_processing_project/data/Step2_output/enhanced_sample_field/78.jpg,78,6.72,12.25,1,5.892720584199115
395.jpg,395,153.4961137,132.5274434,99.93979193,159.0,137.0,103,18.01014429,108.2438018,153.4961137,18,91,159.0,0.527975358,0.547158431,4476.916119,0.00576371,0.024427308,15.10565967,1.579853432,0.374010844,2.409835351,1.071039284,56.47272343,2.99292416,20.5497832,56.47272343,15.35954157,25.63830559,0.238512777,0.243865171,0.154885719,/Users/dharamkar.1/Library/CloudStorage/OneDrive-TheOhioStateUniversity/VSCode_image_processing_project/data/Step2_output/enhanced_sample_field/395.jpg,395,2.66,19.2,1,3.951699550698362
554.jpg,554,124.218471,108.609933,78.81969467,124.0,109.0,79,19.69947784,99.96492347,124.218471,20,93,124.0,0.430505377,0.431185882,1344.446929,0.009786521,0.035255921,13.73599116,1.619743161,0.481047983,2.058449574,1.033953826,46.60244692,1.414804434,18.93439563,46.60244692,11.61046769,22.64047126,0.151758055,0.157180968,0.095951698,/Users/dharamkar.1/Library/CloudStorage/OneDrive-TheOhioStateUniversity/VSCode_image_processing_project/data/Step2_output/enhanced_sample_field/554.jpg,554,2.51,4.44,2,2.8107789192620065
194.jpg,194,156.3808992,138.1225486,96.1922433,161.0,142.0,100,21.00968591,106.8941327,156.3808992,21,96,161.0,0.545016757,0.561386275,2133.131486,0.007643489,0.027941399,14.37510324,1.665272552,0.440135395,1.876059043,1.562563683,58.19540558,0.597316463,24.99122902,58.19540558,14.13309883,31.29190154,0.250107467,0.26167189,0.148429375,/Users/dharamkar.1/Library/CloudStorage/OneDrive-TheOhioStateUniversity/VSCode_image_processing_project/data/Step2_output/enhanced_sample_field/194.jpg,194,2.2,0.91,1,2.9986210033877616
459.jpg,459,131.5745775,113.1728715,74.93560666,132.0,114.0,75,20.14453125,113.3377312,131.5747569,20,110,132.0,0.448338538,0.451016863,802.4945948,0.012845476,0.04503843,12.95464084,1.52356975,0.711149731,1.967079621,1.279581995,48.54608442,1.504923677,23.86956018,48.54608442,14.09628264,28.08881727,0.166418923,0.172280347,0.090919008,/Users/dharamkar.1/Library/CloudStorage/OneDrive-TheOhioStateUniversity/VSCode_image_processing_project/data/Step2_output/enhanced_sample_field/459.jpg,459,1.59,0.0,1,4.101040568360518
605.jpg,605,97.63075973,83.24621333,60.21016024,96.0,81.0,58,18.46388712,104.7598852,97.6308793,18,100,96.0,0.331929529,0.324209412,852.4686699,0.011834229,0.044744219,13.22809957,1.573676023,0.230711566,2.256548122,0.468070223,36.23201611,2.17204996,15.70189551,36.23201611,10.2608284,17.33688077,0.089306756,0.091292773,0.055946242,/Users/dharamkar.1/Library/CloudStorage/OneDrive-TheOhioStateUniversity/VSCode_image_processing_project/data/Step2_output/enhanced_sample_field/605.jpg,605,2.77,25.73,2,3.9127882046978706
660.jpg,660,150.1882972,130.2413504,92.32501594,155.0,135.0,97,19.59470663,106.1120057,150.1882972,20,96,155.0,0.516652192,0.53591451,1615.957739,0.008488715,0.032742612,14.10173842,1.96912075,0.507426817,2.059686694,1.774075568,55.3910429,1.919755278,23.34102128,55.3910429,15.062719,28.76426195,0.225734843,0.233108018,0.135073268,/Users/dharamkar.1/Library/CloudStorage/OneDrive-TheOhioStateUniversity/VSCode_image_processing_project/data/Step2_output/enhanced_sample_field/660.jpg,660,1.75,10.81,1,3.154959688225194
163.jpg,163,163.7767658,141.8091916,91.70167012,165.0,143.0,93,20.94897959,117.3541534,163.7767658,21,111,165.0,0.560253133,0.565568627,1361.873679,0.009330792,0.034028155,13.83673839,1.725055952,0.588189884,1.879058239,2.309365617,59.82252131,1.162429928,29.7078834,59.82252131,17.2178968,36.4683441,0.268277935,0.279267693,0.140313657,/Users/dharamkar.1/Library/CloudStorage/OneDrive-TheOhioStateUniversity/VSCode_image_processing_project/data/Step2_output/enhanced_sample_field/163.jpg,163,1.48,2.6,1,3.1276931415187272
478.jpg,478,117.799147,100.1013831,66.9375,118.0,100.0,67,19.50916773,112.9925263,117.799147,19,111,118.0,0.397925655,0.396978039,564.7011931,0.01563269,0.053719986,12.42488099,1.564455087,0.421931466,2.070204946,0.58222252,43.32500364,2.051825555,21.42771834,43.32500364,13.28054817,24.44445172,0.130223804,0.133764033,0.07194809,/Users/dharamkar.1/Library/CloudStorage/OneDrive-TheOhioStateUniversity/VSCode_image_processing_project/data/Step2_output/enhanced_sample_field/478.jpg,478,2.77,0.0,2,6.693500012605557
468.jpg,468,146.2216199,124.152264,82.47355309,147.0,125.0,83,19.58390466,117.0002392,146.2216199,20,112,147.0,0.493478302,0.496698824,1553.068786,0.009594982,0.033200783,13.80485698,1.587914574,0.750063726,2.063474025,1.878444506,53.17011377,2.492802497,25.88754051,53.17011377,16.8448634,30.90636112,0.206617934,0.212022281,0.110792402,/Users/dharamkar.1/Library/CloudStorage/OneDrive-TheOhioStateUniversity/VSCode_image_processing_project/data/Step2_output/enhanced_sample_field/468.jpg,468,1.27,0.0,1,3.393436841748242
376.jpg,376,149.1370974,129.3839286,92.1225287,152.0,132.0,92,19.3479552,120.6275112,149.1370974,19,101,152.0,0.513313451,0.522765882,3662.155269,0.006033478,0.028629814,15.02203916,1.533451275,0.338336662,2.186917495,1.065227397,55.05182552,1.931893217,22.98744815,55.05182552,14.88817724,28.32165652,0.222578403,0.229800915,0.134135857,/Users/dharamkar.1/Library/CloudStorage/OneDrive-TheOhioStateUniversity/VSCode_image_processing_project/data/Step2_output/enhanced_sample_field/376.jpg,376,1.75,22.3,1,5.2550354123696685
556.jpg,556,137.8260922,119.7851563,86.55799585,139.0,121.0,88,19.37886639,103.7203245,137.8266502,19,94,139.0,0.475385007,0.481295294,2004.314682,0.008006912,0.02917137,14.24464755,1.790991282,0.493921895,2.093394701,1.393413589,51.21124716,1.856223166,20.84757548,51.21124716,13.47603886,25.37844099,0.188456736,0.194514461,0.116816864,/Users/dharamkar.1/Library/CloudStorage/OneDrive-TheOhioStateUniversity/VSCode_image_processing_project/data/Step2_output/enhanced_sample_field/556.jpg,556,2.51,4.44,2,2.9305055158481315
496.jpg,496,96.38585058,88.19754434,73.62788901,96.0,88.0,73,19.4443362,69.19158156,96.38610253,20,61,96.0,0.348576813,0.346407451,1309.211141,0.009481056,0.036701987,13.82241934,1.899671035,0.15167536,2.142177964,0.370121863,37.8592041,0.651998592,9.663615892,37.8592041,5.699832635,11.44865014,0.095939679,0.100093489,0.078378032,/Users/dharamkar.1/Library/CloudStorage/OneDrive-TheOhioStateUniversity/VSCode_image_processing_project/data/Step2_output/enhanced_sample_field/496.jpg,496,2.66,65.56,1,5.462116273954733
46.jpg,46,144.5408163,122.881816,85.92801339,146.0,124.0,87,18.83605708,110.2930086,144.5408163,19,103,146.0,0.489490135,0.494150196,1498.623078,0.008987425,0.03371542,13.93944029,1.73506347,0.643578852,2.175594114,1.766634273,52.7148878,2.894857712,23.31716138,52.7148878,16.22562368,28.07587025,0.203417959,0.207863654,0.117270654,/Users/dharamkar.1/Library/CloudStorage/OneDrive-TheOhioStateUniversity/VSCode_image_processing_project/data/Step2_output/enhanced_sample_field/46.jpg,46,1.38,46.78,1,3.640039201672305
315.jpg,315,140.4693479,120.4482223,78.65116789,142.0,122.0,80,20.28386081,121.1216119,140.4693479,20,112,142.0,0.477212329,0.482910196,1765.505926,0.008325155,0.031919121,14.13418613,1.568186172,0.585698752,1.965321367,1.645982428,51.51646341,1.662357139,25.78199223,51.51646341,15.43802094,30.61238991,0.19064027,0.19717647,0.101303456,/Users/dharamkar.1/Library/CloudStorage/OneDrive-TheOhioStateUniversity/VSCode_image_processing_project/data/Step2_output/enhanced_sample_field/315.jpg,315,2.05,12.44,2,2.6937223370351577
52.jpg,52,139.571887,119.7698701,85.39654416,139.0,119.0,85,19.03479751,106.0424107,139.571887,19,99,139.0,0.476468556,0.473452157,1479.852619,0.008827885,0.032263638,13.98275807,1.858550865,0.563481382,2.154072214,1.531173799,51.35783574,2.467874608,21.73731401,51.35783574,14.76721916,26.24130954,0.190878331,0.195789955,0.11448355,/Users/dharamkar.1/Library/CloudStorage/OneDrive-TheOhioStateUniversity/VSCode_image_processing_project/data/Step2_output/enhanced_sample_field/52.jpg,52,1.32,48.55,1,3.8048360145196476
100.jpg,100,143.4782964,126.6409638,91.53675064,144.0,127.0,92,20.24164939,104.0108219,143.4782964,20,92,144.0,0.500736797,0.504021176,2355.142937,0.006919558,0.026369632,14.59769638,1.84246081,0.392550808,1.96912629,1.20900723,53.74363596,1.005805465,21.48224242,53.74363596,12.7606842,26.64406541,0.20865562,0.217340062,0.131124743,/Users/dharamkar.1/Library/CloudStorage/OneDrive-TheOhioStateUniversity/VSCode_image_processing_project/data/Step2_output/enhanced_sample_field/100.jpg,100,6.72,5.68,1,5.509996630790329
169.jpg,169,170.5571987,149.0913584,97.93759965,173.0,151.0,100,21.20663265,114.0530134,170.5571987,21,107,173.0,0.588096719,0.596620784,1784.338185,0.008531488,0.029782848,14.07345629,1.6240044,0.489582712,1.841190862,2.141876175,62.51949354,0.704748954,29.92573186,62.51949354,16.87846855,37.33901687,0.296624554,0.310140513,0.159603815,/Users/dharamkar.1/Library/CloudStorage/OneDrive-TheOhioStateUniversity/VSCode_image_processing_project/data/Step2_output/enhanced_sample_field/169.jpg,169,1.32,1.81,1,4.866399864362298
617.jpg,617,131.9719786,112.7104791,83.46550143,135.0,115.0,86,18.06337691,99.71470424,131.9719786,18,93,135.0,0.449784254,0.460012941,1089.277146,0.010556935,0.042990986,13.56354005,1.646266867,0.728031108,2.322664175,1.451494867,48.61276849,3.009588854,19.05639889,48.61276849,14.04645017,22.80496521,0.169638064,0.172814859,0.107178878,/Users/dharamkar.1/Library/CloudStorage/OneDrive-TheOhioStateUniversity/VSCode_image_processing_project/data/Step2_output/enhanced_sample_field/617.jpg,617,1.75,0.21,1,4.41939471229835
225.jpg,225,159.4474649,140.0474729,103.0629185,165.0,145.0,107,19.55036272,109.5515984,159.4475845,19,91,165.0,0.554915235,0.574229412,3907.227719,0.00600161,0.027149064,15.02927265,1.592042746,0.34989428,2.107071794,1.129830936,59.12982836,1.667356451,22.46101392,59.12982836,14.56042416,28.4372197,0.262236223,0.271683474,0.167075246,/Users/dharamkar.1/Library/CloudStorage/OneDrive-TheOhioStateUniversity/VSCode_image_processing_project/data/Step2_output/enhanced_sample_field/225.jpg,225,2.29,13.35,2,4.161446667854068
87.jpg,87,153.4893575,136.7697505,97.76584423,155.0,138.0,99,21.09687899,97.55618224,153.4893575,21,92,155.0,0.539256805,0.545997647,1608.946088,0.009005812,0.031180978,13.92134858,1.878120628,0.475379975,1.860070067,1.625447345,57.58271489,0.331562285,23.25533447,57.58271489,12.89902187,29.34244788,0.243362229,0.255242773,0.151388508,/Users/dharamkar.1/Library/CloudStorage/OneDrive-TheOhioStateUniversity/VSCode_image_processing_project/data/Step2_output/enhanced_sample_field/87.jpg,87,1.38,2.73,1,3.5718284914343332
586.jpg,586,107.9251036,92.28595344,67.29898756,107.0,91.0,66,18.44764429,106.1685268,107.9251036,18,97,107.0,0.367873383,0.36342902,1400.00993,0.009352982,0.034222364,13.82784538,1.588898693,0.342936899,2.264079175,0.713313738,40.07573725,2.321037949,16.73689918,40.07573725,11.28142285,19.05491461,0.110494583,0.112966847,0.069542554,/Users/dharamkar.1/Library/CloudStorage/OneDrive-TheOhioStateUniversity/VSCode_image_processing_project/data/Step2_output/enhanced_sample_field/586.jpg,586,1.59,23.77,1,3.322546093766453
519.jpg,519,111.8339246,96.85385443,70.58693399,112.0,97.0,70,19.21711575,103.1084782,111.8339246,19,95,112.0,0.384875586,0.384893922,1296.141115,0.009866947,0.038293188,13.73643493,1.469147798,0.360772946,2.147585981,0.740631223,41.85484896,1.78153232,17.22108709,41.85484896,10.9383041,19.96221763,0.120464327,0.12406387,0.076504037,/Users/dharamkar.1/Library/CloudStorage/OneDrive-TheOhioStateUniversity/VSCode_image_processing_project/data/Step2_output/enhanced_sample_field/519.jpg,519,2.77,50.91,2,3.4149553035004168
95.jpg,95,153.835499,136.3861607,95.17530293,156.0,139.0,97,21.24493782,103.3486926,153.835499,21,96,156.0,0.537736636,0.545997647,1524.702234,0.008694589,0.03195892,14.02222178,1.565717142,0.481726955,1.84794967,1.690854317,57.46458256,0.367878685,24.54894758,57.46458256,13.54243441,30.73030642,0.242276474,0.254015418,0.144919745,/Users/dharamkar.1/Library/CloudStorage/OneDrive-TheOhioStateUniversity/VSCode_image_processing_project/data/Step2_output/enhanced_sample_field/95.jpg,95,2.2,4.33,1,3.4717476030766625
327.jpg,327,162.0442443,138.0132533,85.02349729,164.0,140.0,87,20.80994898,127.9163146,162.0442443,21,120,164.0,0.546271676,0.554569804,1627.879544,0.008734736,0.035279686,14.02260404,1.689998802,0.631604375,1.909002773,2.507539228,58.53140057,1.818081958,31.64829375,58.53140057,18.89597785,37.99815814,0.256409969,0.265242968,0.123658622,/Users/dharamkar.1/Library/CloudStorage/OneDrive-TheOhioStateUniversity/VSCode_image_processing_project/data/Step2_output/enhanced_sample_field/327.jpg,327,2.5,5.62,3,4.341730499258966
249.jpg,249,172.836376,146.7041414,96.78117028,183.0,155.0,103,19.63679847,125.9290697,172.836376,20,113,183.0,0.582971745,0.61812549,3042.706819,0.006672619,0.029077413,14.77016751,1.659025702,0.44331006,2.075987483,1.724018489,62.08458392,2.849434459,30.03417566,62.08458392,20.08967297,36.92950322,0.297333749,0.305015517,0.155738363,/Users/dharamkar.1/Library/CloudStorage/OneDrive-TheOhioStateUniversity/VSCode_image_processing_project/data/Step2_output/enhanced_sample_field/249.jpg,249,1.92,8.89,2,5.074492505776279
507.jpg,507,127.8647959,108.5728835,79.95037468,128.0,109.0,80,17.87075494,106.1198182,127.8647959,18,96,128.0,0.433759733,0.433700784,1980.021841,0.007967988,0.02882141,14.24913269,1.692829823,0.525802182,2.360080234,1.131384152,46.98001315,3.173720557,18.84366238,46.98001315,14.03403831,22.28162828,0.157513008,0.160042112,0.098370654,/Users/dharamkar.1/Library/CloudStorage/OneDrive-TheOhioStateUniversity/VSCode_image_processing_project/data/Step2_output/enhanced_sample_field/507.jpg,507,1.27,60.16,1,3.6190885245759654
471.jpg,471,132.2107781,112.6618304,76.10678412,133.0,113.0,76,19.37334582,112.0734813,132.2107781,19,108,133.0,0.447766129,0.449342353,895.14582,0.01210269,0.043198551,13.12275995,1.969722552,0.678412816,2.074216114,1.444442587,48.48795722,2.218933796,23.13773772,48.48795722,14.77925119,27.20306444,0.1672475,0.171815323,0.092904003,/Users/dharamkar.1/Library/CloudStorage/OneDrive-TheOhioStateUniversity/VSCode_image_processing_project/data/Step2_output/enhanced_sample_field/471.jpg,471,2.51,0.0,2,3.7122513363783693
549.jpg,549,116.4660196,99.96018017,73.57716837,116.0,100.0,73,18.49168925,105.561085,116.4660196,19,95,116.0,0.398295905,0.398138824,1490.92665,0.008564038,0.033810217,14.05809192,1.415071227,0.417152511,2.268013459,0.942697834,43.27260633,2.393272655,17.42522803,43.27260633,11.97888641,20.30746939,0.130399083,0.133409914,0.082904872,/Users/dharamkar.1/Library/CloudStorage/OneDrive-TheOhioStateUniversity/VSCode_image_processing_project/data/Step2_output/enhanced_sample_field/549.jpg,549,1.27,55.97,1,3.9841757441151295
276.jpg,276,141.4838568,119.3060826,76.59821429,140.0,117.0,74,19.70820711,124.7541255,141.4838568,20,120,140.0,0.474273029,0.466129804,2012.847614,0.00902043,0.030235447,13.98194029,1.377203442,0.7231383,2.040484661,1.486054078,51.27052467,2.528601731,26.63742261,51.27052467,17.02455256,31.23907507,0.190261751,0.195029576,0.09707311,/Users/dharamkar.1/Library/CloudStorage/OneDrive-TheOhioStateUniversity/VSCode_image_processing_project/data/Step2_output/enhanced_sample_field/276.jpg,276,1.92,0.0,2,4.32709862482589
71.jpg,71,149.9001315,128.2323222,82.76785714,151.0,129.0,84,20.35293766,122.0276028,149.9001315,20,114,151.0,0.508073505,0.512608235,1795.176529,0.008295219,0.029940266,14.1312092,1.515759692,0.625009191,1.955319395,1.838508178,54.65328794,1.810487407,27.70624799,54.65328794,16.79691377,33.19696957,0.218617173,0.225955628,0.113442077,/Users/dharamkar.1/Library/CloudStorage/OneDrive-TheOhioStateUniversity/VSCode_image_processing_project/data/Step2_output/enhanced_sample_field/71.jpg,71,1.32,7.34,1,3.0348793944209334
677.jpg,677,139.505401,120.9130261,83.86930006,143.0,124.0,87,19.8888911,107.7557996,139.5054209,20,100,143.0,0.479188444,0.490798039,1202.549247,0.00974789,0.037221076,13.69551742,1.834097602,0.570024429,2.010199673,1.785612753,51.63882727,1.596148343,22.97645686,51.63882727,14.11766852,27.76939813,0.191542951,0.198250476,0.111759659,/Users/dharamkar.1/Library/CloudStorage/OneDrive-TheOhioStateUniversity/VSCode_image_processing_project/data/Step2_output/enhanced_sample_field/677.jpg,677,1.27,4.31,1,3.6421811895221787
192.jpg,192,158.5456792,137.4663385,91.5952846,160.0,139.0,93,20.58219069,113.7312859,158.5456792,21,107,160.0,0.543679982,0.549294118,1708.568686,0.008667281,0.030519488,14.03489812,1.585991251,0.598313201,1.921411424,1.972937679,58.1465342,1.337076188,27.50617209,58.1465342,16.34797854,33.81175238,0.251348574,0.261155153,0.137466644,/Users/dharamkar.1/Library/CloudStorage/OneDrive-TheOhioStateUniversity/VSCode_image_processing_project/data/Step2_output/enhanced_sample_field/192.jpg,192,1.32,0.74,1,2.7675066429569184
67.jpg,67,154.6802256,132.7465322,83.66535794,156.0,134.0,85,20.82122927,123.1905891,154.6802256,21,116,156.0,0.524975253,0.529701176,1311.772542,0.009440712,0.035812261,13.81740287,1.65661568,0.685565686,1.896103346,2.22592103,56.36572945,1.438476713,29.49461261,56.36572945,17.19465355,35.44167922,0.233968791,0.242786685,0.117704139,/Users/dharamkar.1/Library/CloudStorage/OneDrive-TheOhioStateUniversity/VSCode_image_processing_project/data/Step2_output/enhanced_sample_field/67.jpg,67,1.48,7.21,1,2.925007096823504
430.jpg,430,155.2169962,133.1376754,95.75241151,161.0,137.0,98,18.66936384,116.2648677,155.2169962,19,100,161.0,0.529937465,0.54651451,3896.776866,0.00592721,0.026238905,15.03102881,1.573633111,0.419546908,2.263388214,1.250361021,56.72674207,2.841406821,23.27538335,56.72674207,16.47613523,28.73763809,0.240659594,0.246438429,0.144925814,/Users/dharamkar.1/Library/CloudStorage/OneDrive-TheOhioStateUniversity/VSCode_image_processing_project/data/Step2_output/enhanced_sample_field/430.jpg,430,2.77,18.6,2,3.436687103970929
84.jpg,84,152.4481425,129.5007175,88.92566167,155.0,132.0,91,19.11567283,114.5354951,152.4481425,19,105,155.0,0.515496407,0.525206275,1542.075232,0.00808515,0.034490628,14.19813227,1.772374578,0.561433053,2.13845283,1.705720459,55.3519736,2.892384109,25.23561937,55.3519736,17.34268123,30.58559371,0.227498317,0.232725517,0.1272586,/Users/dharamkar.1/Library/CloudStorage/OneDrive-TheOhioStateUniversity/VSCode_image_processing_project/data/Step2_output/enhanced_sample_field/84.jpg,84,3.11,14.96,1,2.974930025572252
544.jpg,544,113.7790179,97.19447545,70.20039461,115.0,98.0,71,18.57455756,110.3604313,113.7794762,19,98,115.0,0.387342814,0.390563529,1884.046044,0.00837824,0.028443053,14.11845066,1.556627687,0.432480239,2.257793558,0.942222802,42.14383792,2.391431442,17.87235539,42.14383792,12.07571972,20.57616293,0.123154075,0.125932295,0.076079301,/Users/dharamkar.1/Library/CloudStorage/OneDrive-TheOhioStateUniversity/VSCode_image_processing_project/data/Step2_output/enhanced_sample_field/544.jpg,544,1.59,45.07,1,3.8193195031151927
233.jpg,233,166.1894731,139.7785595,92.25589923,173.0,146.0,96,19.20729034,128.4340322,166.1894731,19,114,173.0,0.556723509,0.580361176,2951.407451,0.006471675,0.027036062,14.81545899,1.640954107,0.504244113,2.148583256,1.711128217,59.5233705,3.375358102,29.06877043,59.5233705,20.1924242,35.30080308,0.270550447,0.275975242,0.14082821,/Users/dharamkar.1/Library/CloudStorage/OneDrive-TheOhioStateUniversity/VSCode_image_processing_project/data/Step2_output/enhanced_sample_field/233.jpg,233,1.92,8.89,2,3.615320871905949
326.jpg,326,165.4667969,141.8460419,90.73844069,167.0,144.0,92,20.68269691,121.0582549,165.4667969,21,114,167.0,0.561492527,0.568901961,1637.355782,0.008819767,0.033665583,13.99880055,1.775824482,0.610590821,1.926444534,2.433704357,59.98060767,1.757176069,30.46562533,59.98060767,18.44620609,37.15584752,0.271421666,0.281018117,0.138301666,/Users/dharamkar.1/Library/CloudStorage/OneDrive-TheOhioStateUniversity/VSCode_image_processing_project/data/Step2_output/enhanced_sample_field/326.jpg,326,2.5,5.62,3,4.158909450766161
447.jpg,447,146.349709,123.6079401,81.06696429,145.0,122.0,79,19.48501276,120.0895448,146.349709,20,115,145.0,0.491660242,0.485722745,1715.263773,0.00920121,0.030550575,13.91389773,1.431589415,0.750846258,2.072967662,1.679957608,53.01116634,2.698735953,26.47130979,53.01116634,17.38344386,31.42342683,0.205631534,0.210564006,0.107766768,/Users/dharamkar.1/Library/CloudStorage/OneDrive-TheOhioStateUniversity/VSCode_image_processing_project/data/Step2_output/enhanced_sample_field/447.jpg,447,1.75,0.0,1,4.141570317758802
312.jpg,312,139.5923748,118.0806362,78.97568559,139.0,118.0,78,19.27979512,116.9679129,139.5923748,19,111,139.0,0.469931034,0.468950196,1402.194086,0.00934147,0.035369522,13.83560585,1.729656504,0.664617226,2.104899664,1.577973709,50.78185012,2.670580876,24.63212444,50.78185012,16.30774564,29.10160518,0.186453989,0.190810106,0.100912587,/Users/dharamkar.1/Library/CloudStorage/OneDrive-TheOhioStateUniversity/VSCode_image_processing_project/data/Step2_output/enhanced_sample_field/312.jpg,312,2.05,12.44,2,3.4937983727462325
254.jpg,254,176.2930285,150.4132454,103.5788026,186.0,158.0,109,19.30432876,115.594308,176.2930285,19,105,186.0,0.598180141,0.629384314,3116.236787,0.007334046,0.028079324,14.58698591,1.589723027,0.449867495,2.12035304,1.781466225,63.50907203,3.014094932,28.25867875,63.50907203,19.64967055,35.28448952,0.314212215,0.322014988,0.175415203,/Users/dharamkar.1/Library/CloudStorage/OneDrive-TheOhioStateUniversity/VSCode_image_processing_project/data/Step2_output/enhanced_sample_field/254.jpg,254,2.5,7.68,3,4.491687697208123
157.jpg,157,142.5615633,122.7547433,87.02174346,143.0,123.0,87,19.22002551,110.469308,142.5615633,19,100,143.0,0.487793503,0.490117059,2116.965147,0.00733929,0.029296796,14.47715724,1.909203919,0.49213868,2.117729881,1.477067534,52.50342691,2.250605817,22.38201193,52.50342691,14.85344865,27.17047461,0.200260088,0.205950536,0.119392798,/Users/dharamkar.1/Library/CloudStorage/OneDrive-TheOhioStateUniversity/VSCode_image_processing_project/data/Step2_output/enhanced_sample_field/157.jpg,157,3.11,23.27,1,3.1705240477797516
482.jpg,482,113.4495775,97.40770488,76.06263951,111.0,95.0,74,17.12581712,94.99776786,113.4495775,17,86,111.0,0.389324014,0.379379216,1767.857944,0.008364393,0.030361941,14.11889879,1.523720261,0.340413442,2.517874465,0.703155113,42.29037754,2.931342116,14.56239124,42.29037754,11.2888535,17.00385613,0.124872771,0.126886856,0.086383293,/Users/dharamkar.1/Library/CloudStorage/OneDrive-TheOhioStateUniversity/VSCode_image_processing_project/data/Step2_output/enhanced_sample_field/482.jpg,482,2.05,77.01,1,4.323890365285043
428.jpg,428,152.948282,132.1821189,97.92613999,158.0,136.0,100,18.41202966,109.9674546,152.948282,19,94,158.0,0.525980677,0.54258902,5040.039798,0.00567844,0.022148656,15.13966496,1.562783578,0.371420203,2.309456318,1.128894731,56.28812497,2.697135111,21.42942909,56.28812497,15.34780184,26.65712777,0.236044954,0.242006434,0.149615195,/Users/dharamkar.1/Library/CloudStorage/OneDrive-TheOhioStateUniversity/VSCode_image_processing_project/data/Step2_output/enhanced_sample_field/428.jpg,428,2.77,18.6,2,5.979830990227872
587.jpg,587,120.1417012,103.1730907,75.11254385,120.0,103.0,75,18.73493304,104.9618144,120.1425183,19,96,120.0,0.410806882,0.409605882,1632.445388,0.008713777,0.030622999,14.01867291,1.645676771,0.465961239,2.218203172,1.029169461,44.58692692,2.321278545,18.34248611,44.58692692,12.41451002,21.5063187,0.139069196,0.14248292,0.086925631,/Users/dharamkar.1/Library/CloudStorage/OneDrive-TheOhioStateUniversity/VSCode_image_processing_project/data/Step2_output/enhanced_sample_field/587.jpg,587,1.59,23.77,1,2.728838736607186
384.jpg,384,150.9365234,131.2822465,106.6242227,157.0,136.0,110,16.42675781,93.02471301,150.9365434,17,77,157.0,0.524238968,0.542678431,4255.15603,0.005763362,0.025117706,15.1108881,1.580592787,0.345932956,2.789593009,0.868111364,56.02389406,3.545773658,16.10024854,56.02389406,13.87099681,20.31079727,0.235391491,0.239362343,0.171827467,/Users/dharamkar.1/Library/CloudStorage/OneDrive-TheOhioStateUniversity/VSCode_image_processing_project/data/Step2_output/enhanced_sample_field/384.jpg,384,2.66,19.2,1,5.173349791103244
679.jpg,679,122.4038783,101.9417849,72.98529177,125.0,104.0,75,17.45027503,113.4025032,122.4038783,17,102,125.0,0.408636144,0.417143529,1418.839446,0.009184121,0.03526924,13.90444908,1.577625529,0.643194735,2.439402931,1.133405419,44.43293185,3.768663671,19.43031015,44.43293185,14.88535352,22.34122716,0.140313741,0.141399224,0.082891608,/Users/dharamkar.1/Library/CloudStorage/OneDrive-TheOhioStateUniversity/VSCode_image_processing_project/data/Step2_output/enhanced_sample_field/679.jpg,679,2.51,2.77,2,4.59867599152533
206.jpg,206,156.0999283,137.1046118,99.86356027,164.0,144.0,104,19.91191008,106.3816964,156.1028579,20,93,164.0,0.54296485,0.570204118,3358.87504,0.006344292,0.027692258,14.88932414,1.703841973,0.378448074,2.03902903,1.302367847,57.95856223,1.504458978,22.62738648,57.95856223,14.32168508,28.47832054,0.24984122,0.259173988,0.157050655,/Users/dharamkar.1/Library/CloudStorage/OneDrive-TheOhioStateUniversity/VSCode_image_processing_project/data/Step2_output/enhanced_sample_field/206.jpg,206,2.05,13.26,2,4.562347974803938
560.jpg,560,101.649992,85.91304608,60.38962851,101.0,85.0,59,18.6459662,111.8805405,101.6506298,19,105,101.0,0.342811407,0.339315294,1019.424027,0.011436004,0.043284423,13.35193474,1.574965028,0.265026712,2.242763727,0.51619337,37.43896306,2.405913628,17.27488059,37.43896306,11.36384238,19.07946801,0.095868647,0.097768758,0.057100713,/Users/dharamkar.1/Library/CloudStorage/OneDrive-TheOhioStateUniversity/VSCode_image_processing_project/data/Step2_output/enhanced_sample_field/560.jpg,560,2.77,42.7,2,3.462314303794927
207.jpg,207,163.1478795,143.172154,104.341199,172.0,150.0,109,19.83298788,105.5716279,163.1496931,20,93,172.0,0.567126603,0.595113529,3914.075813,0.006176197,0.025057913,14.94238786,1.684722398,0.363976615,2.043463834,1.328364812,60.34341767,1.631033527,23.43258237,60.34341767,15.06138546,29.71981839,0.274992654,0.285062984,0.17237712,/Users/dharamkar.1/Library/CloudStorage/OneDrive-TheOhioStateUniversity/VSCode_image_processing_project/data/Step2_output/enhanced_sample_field/207.jpg,207,2.05,13.26,2,4.958385433804857
491.jpg,491,109.1320751,95.2370456,73.61423788,109.0,95.0,74,18.25978555,91.70501834,109.1320751,18,83,109.0,0.378944059,0.378813725,1315.832619,0.009522427,0.035510188,13.76800969,1.539951222,0.328585517,2.290327039,0.648950554,41.17863539,1.979034833,14.44740563,41.17863539,9.879561556,16.88912313,0.116596627,0.119764303,0.08106299,/Users/dharamkar.1/Library/CloudStorage/OneDrive-TheOhioStateUniversity/VSCode_image_processing_project/data/Step2_output/enhanced_sample_field/491.jpg,491,1.75,75.9,1,4.297419103684137
729.jpg,729,135.069316,121.8487524,100.0120775,137.0,124.0,102,18.66408243,73.16882573,135.0699139,19,66,137.0,0.482681168,0.489786275,2077.944547,0.007889414,0.028425289,14.29421166,1.669263602,0.386568891,2.225004235,0.929398159,51.79137349,1.398368002,13.8295346,51.79137349,9.448605724,17.56507963,0.192445576,0.19959485,0.148950232,/Users/dharamkar.1/Library/CloudStorage/OneDrive-TheOhioStateUniversity/VSCode_image_processing_project/data/Step2_output/enhanced_sample_field/729.jpg,729,2.77,27.98,2,4.050769398689513
662.jpg,662,146.0523956,125.6463648,86.84970902,151.0,131.0,91,19.58625638,112.3901068,146.0523956,20,101,151.0,0.498766304,0.51824902,1663.460222,0.008472849,0.033122416,14.10536616,1.948553911,0.54426177,2.059630839,1.87639403,53.63628944,2.084360816,24.03489359,53.63628944,15.47002979,29.15928522,0.209936324,0.216338043,0.120520056,/Users/dharamkar.1/Library/CloudStorage/OneDrive-TheOhioStateUniversity/VSCode_image_processing_project/data/Step2_output/enhanced_sample_field/662.jpg,662,1.75,10.81,1,3.6496017626725648
533.jpg,533,118.3772321,101.888632,75.52919723,122.0,105.0,78,18.4007095,104.7829839,118.3772321,19,91,122.0,0.405850762,0.417746667,1626.347414,0.008494225,0.03359543,14.09561719,1.472277248,0.485102653,2.296330166,1.159565709,44.05270298,2.358947752,17.34966226,44.05270298,11.96529725,20.3632236,0.135513282,0.138747035,0.087143076,/Users/dharamkar.1/Library/CloudStorage/OneDrive-TheOhioStateUniversity/VSCode_image_processing_project/data/Step2_output/enhanced_sample_field/533.jpg,533,1.75,63.76,1,4.825663765412763
644.jpg,644,126.9659798,110.6390107,80.92235332,128.0,112.0,82,19.37155214,100.0338608,126.9660196,19,92,128.0,0.439082042,0.4449,1522.634609,0.009190609,0.031665946,13.86521386,1.577195408,0.534775714,2.106155012,1.201873959,47.48619467,1.708541344,18.93851032,47.48619467,12.08806728,22.73771694,0.158749261,0.16393207,0.100950889,/Users/dharamkar.1/Library/CloudStorage/OneDrive-TheOhioStateUniversity/VSCode_image_processing_project/data/Step2_output/enhanced_sample_field/644.jpg,644,2.51,1.33,2,3.4041661436706194
448.jpg,448,144.3410395,121.627272,79.81473214,142.0,120.0,78,19.36104911,121.0786232,144.3410395,19,116,142.0,0.484075543,0.476190196,1857.043462,0.008977676,0.030209325,13.98736444,1.566841103,0.712793798,2.090082862,1.568900326,52.24760034,2.811136084,26.14831929,52.24760034,17.32568982,30.91259678,0.199167295,0.20365177,0.104331996,/Users/dharamkar.1/Library/CloudStorage/OneDrive-TheOhioStateUniversity/VSCode_image_processing_project/data/Step2_output/enhanced_sample_field/448.jpg,448,1.75,0.0,1,4.196001459600074
627.jpg,627,125.0807956,110.1307199,83.11252392,129.0,114.0,86,19.4236089,93.65196508,125.0807956,20,84,129.0,0.43670431,0.449952549,1242.793842,0.009414739,0.038349867,13.80571443,1.589496744,0.476730705,2.115835047,1.212592589,47.20062695,1.487260295,17.24388453,47.20062695,10.97189318,20.89656384,0.156250841,0.161729853,0.105026955,/Users/dharamkar.1/Library/CloudStorage/OneDrive-TheOhioStateUniversity/VSCode_image_processing_project/data/Step2_output/enhanced_sample_field/627.jpg,627,2.66,1.65,1,4.480755523916264
94.jpg,94,159.4185467,140.9376196,98.04567921,161.0,143.0,100,21.12374442,103.4165737,159.4185467,21,97,161.0,0.555969834,0.562510196,1758.296164,0.008713524,0.030007168,14.01511127,1.484967154,0.524094928,1.863289422,1.772010979,59.27752484,0.535216048,25.44259648,59.27752484,14.33286544,31.98207296,0.261040427,0.27328892,0.1546324,/Users/dharamkar.1/Library/CloudStorage/OneDrive-TheOhioStateUniversity/VSCode_image_processing_project/data/Step2_output/enhanced_sample_field/94.jpg,94,1.32,2.37,1,3.7635689391571123
458.jpg,458,139.3192961,116.8067403,79.28206712,139.0,117.0,79,18.5554249,112.1086376,139.3192961,19,110,139.0,0.466216194,0.466159608,642.5172165,0.014950409,0.047857703,12.53816181,1.790578149,0.92420925,2.201514433,1.584556704,50.40947775,3.318078898,23.96922804,50.40947775,16.90410423,28.22623714,0.184616421,0.187636026,0.100982427,/Users/dharamkar.1/Library/CloudStorage/OneDrive-TheOhioStateUniversity/VSCode_image_processing_project/data/Step2_output/enhanced_sample_field/458.jpg,458,1.59,0.0,1,5.4925470767857965
552.jpg,552,157.9110132,133.8043686,96.23439493,159.0,135.0,97,18.24358259,105.1187022,157.9115713,18,100,159.0,0.534189159,0.538935294,1839.390515,0.008980076,0.030560918,13.98093162,1.882927122,0.690371871,2.28849205,1.908918464,57.17875455,3.662844903,23.65240858,57.17875455,17.89257058,29.06283469,0.247036942,0.251062052,0.146645473,/Users/dharamkar.1/Library/CloudStorage/OneDrive-TheOhioStateUniversity/VSCode_image_processing_project/data/Step2_output/enhanced_sample_field/552.jpg,552,2.51,4.44,2,3.643452598946036
367.jpg,367,156.7840003,130.9043965,87.28942124,162.0,135.0,89,18.49966119,134.8362962,156.7840003,19,115,162.0,0.522584991,0.539486667,4242.71889,0.005927853,0.025944769,15.0624683,1.530496992,0.440250156,2.357648816,1.366073563,56.13518335,3.774013583,27.24664439,56.13518335,19.62278995,32.65171543,0.236987236,0.240473626,0.124696602,/Users/dharamkar.1/Library/CloudStorage/OneDrive-TheOhioStateUniversity/VSCode_image_processing_project/data/Step2_output/enhanced_sample_field/367.jpg,367,2.07,17.5,1,4.691049712409956
476.jpg,476,132.9404695,112.1083785,70.51151945,133.0,112.0,71,20.00241151,123.5682199,132.9404695,20,120,133.0,0.445239468,0.446789804,841.2310818,0.012904813,0.044687232,12.96195863,1.346061673,0.888219066,2.00252708,1.33281193,48.31477448,2.220766124,26.10848218,48.31477448,16.03183028,30.09606955,0.165917561,0.170434804,0.082934624,/Users/dharamkar.1/Library/CloudStorage/OneDrive-TheOhioStateUniversity/VSCode_image_processing_project/data/Step2_output/enhanced_sample_field/476.jpg,476,2.77,0.0,2,5.485942651600161
443.jpg,443,135.3556282,111.4535635,75.20216837,133.0,109.0,73,18.0421317,117.1670719,135.3556282,18,116,133.0,0.446741281,0.437272157,1048.4581,0.012597379,0.041033982,13.08120743,1.985451953,0.70500706,2.32075379,1.130909466,48.46126278,4.195998193,23.68245189,48.46126278,17.82418569,27.36556859,0.170604105,0.171602045,0.091046572,/Users/dharamkar.1/Library/CloudStorage/OneDrive-TheOhioStateUniversity/VSCode_image_processing_project/data/Step2_output/enhanced_sample_field/443.jpg,443,2.07,0.0,1,5.877680450326796
104.jpg,104,155.2989278,135.3960858,92.49356266,159.0,139.0,95,20.51281489,111.5825694,155.2989278,20,102,159.0,0.535420266,0.548467843,1636.758708,0.008031837,0.033434017,14.22387203,1.574969553,0.507947568,1.930645957,1.707694413,57.28842806,1.216787274,25.83328353,57.28842806,15.34525363,31.90987067,0.242482004,0.25219255,0.138263094,/Users/dharamkar.1/Library/CloudStorage/OneDrive-TheOhioStateUniversity/VSCode_image_processing_project/data/Step2_output/enhanced_sample_field/104.jpg,104,3.11,10.48,1,3.212543622160972
596.jpg,596,117.1219308,98.95501834,70.20390226,119.0,100.0,71,18.37466119,110.814493,117.1220902,18,102,119.0,0.395068752,0.401189412,1160.685158,0.010520571,0.042086513,13.63048066,1.556294301,0.541464156,2.272096928,0.931934987,42.98969744,2.834789213,19.05641703,42.98969744,13.28714967,21.86237318,0.129222552,0.131508716,0.076841883,/Users/dharamkar.1/Library/CloudStorage/OneDrive-TheOhioStateUniversity/VSCode_image_processing_project/data/Step2_output/enhanced_sample_field/596.jpg,596,1.27,26.02,1,3.8519251126858265
397.jpg,397,154.5349769,135.23579,101.8447266,156.0,137.0,104,18.98001036,93.64588648,154.5349769,19,86,156.0,0.536977928,0.544040392,1548.525945,0.008189439,0.032299945,14.17341446,1.842723322,0.504739768,2.163499713,1.565744486,57.34104918,2.153947888,20.66157086,57.34104918,14.26506775,26.04801657,0.245161918,0.252736163,0.161133426,/Users/dharamkar.1/Library/CloudStorage/OneDrive-TheOhioStateUniversity/VSCode_image_processing_project/data/Step2_output/enhanced_sample_field/397.jpg,397,1.59,13.3,1,3.5518194532444083
562.jpg,562,114.6621293,96.97564573,67.82838409,114.0,96.0,67,18.68437101,113.382095,114.6626674,19,105,114.0,0.386794141,0.383821569,1402.975056,0.009770209,0.035485585,13.7666251,1.650078903,0.452397862,2.229949101,0.877278397,42.12759288,2.607178681,19.27368333,42.12759288,12.98579105,21.95747014,0.123366994,0.12582677,0.072187362,/Users/dharamkar.1/Library/CloudStorage/OneDrive-TheOhioStateUniversity/VSCode_image_processing_project/data/Step2_output/enhanced_sample_field/562.jpg,562,2.77,42.7,2,2.687905469401893
115.jpg,115,154.8213688,135.0846421,90.7799147,158.0,138.0,93,20.82368064,113.3713728,154.8213688,21,104,158.0,0.533664022,0.544248627,1475.586243,0.008326611,0.035031775,14.12675376,1.533634587,0.517783459,1.894568553,1.706146553,57.12901108,0.986637899,26.56555909,57.12901108,15.32661651,32.69755369,0.240383865,0.250550419,0.134148973,/Users/dharamkar.1/Library/CloudStorage/OneDrive-TheOhioStateUniversity/VSCode_image_processing_project/data/Step2_output/enhanced_sample_field/115.jpg,115,2.12,0.85,1,3.051032483992798
656.jpg,656,144.769332,123.34658,87.26536591,147.0,126.0,90,18.77130501,108.7418686,144.769332,19,100,147.0,0.491362585,0.500620392,1654.319146,0.008732407,0.033825224,14.03184357,1.830149582,0.633881921,2.195250037,1.749280527,52.88841981,2.890956081,22.79248213,52.88841981,15.99405586,27.55228589,0.204939991,0.209442446,0.120343109,/Users/dharamkar.1/Library/CloudStorage/OneDrive-TheOhioStateUniversity/VSCode_image_processing_project/data/Step2_output/enhanced_sample_field/656.jpg,656,2.05,2.19,1,3.2037662561613027
368.jpg,368,153.7641303,128.4509526,89.55414939,158.0,131.0,91,17.88891103,129.1977639,153.7641303,18,109,158.0,0.51382566,0.524138431,4423.39532,0.005815299,0.025401149,15.08847207,1.489918863,0.449351171,2.453564509,1.264791676,55.21098813,4.121528337,24.72431704,55.21098813,18.89011782,29.77836569,0.228867276,0.231348703,0.128308685,/Users/dharamkar.1/Library/CloudStorage/OneDrive-TheOhioStateUniversity/VSCode_image_processing_project/data/Step2_output/enhanced_sample_field/368.jpg,368,2.07,17.5,1,5.064233207621921
426.jpg,426,153.8251156,131.8244778,99.45300542,159.0,136.0,102,17.65971779,107.7841598,153.8253747,18,91,159.0,0.526139726,0.543675294,3596.153768,0.005974773,0.027332602,15.01219565,1.638516477,0.407360731,2.474041404,1.11073297,56.30575857,3.463371185,20.60571982,56.30575857,16.05483979,25.58730751,0.237947761,0.242183579,0.153360603,/Users/dharamkar.1/Library/CloudStorage/OneDrive-TheOhioStateUniversity/VSCode_image_processing_project/data/Step2_output/enhanced_sample_field/426.jpg,426,2.51,19.4,2,3.018191977504465
50.jpg,50,138.6976443,119.3676459,87.13903061,141.0,121.0,88,18.79444356,102.8048868,138.6976443,19,94,141.0,0.475104264,0.481280392,1312.78153,0.008810128,0.036952959,14.00057271,1.832079603,0.566437442,2.202363711,1.550449558,51.19286247,2.544134545,20.50542026,51.19286247,14.28769584,24.87521751,0.189639482,0.194354885,0.117965463,/Users/dharamkar.1/Library/CloudStorage/OneDrive-TheOhioStateUniversity/VSCode_image_processing_project/data/Step2_output/enhanced_sample_field/50.jpg,50,2.12,51.14,1,4.318663031169091
409.jpg,409,147.7885244,127.3852041,94.04424426,150.0,129.0,94,18.27822066,117.5212851,147.7885244,19,95,150.0,0.507125594,0.512087451,4845.67659,0.005717599,0.024429315,15.14242871,1.502317551,0.360561569,2.385032199,1.040482893,54.41160209,2.733847697,21.02545238,54.41160209,15.06238605,25.91662164,0.218363817,0.223644751,0.137635983,/Users/dharamkar.1/Library/CloudStorage/OneDrive-TheOhioStateUniversity/VSCode_image_processing_project/data/Step2_output/enhanced_sample_field/409.jpg,409,1.27,13.6,1,4.857104028274165
403.jpg,403,157.0696349,136.1822585,98.1046317,160.0,139.0,100,19.27297911,112.486069,157.0696349,19,95,160.0,0.540687957,0.550462353,4531.723455,0.005874268,0.018778275,15.04076916,1.709764021,0.402617487,2.120221435,1.291392086,57.76998742,2.205497115,23.37612322,57.76998742,15.6816852,29.14217902,0.249579721,0.257196563,0.152276091,/Users/dharamkar.1/Library/CloudStorage/OneDrive-TheOhioStateUniversity/VSCode_image_processing_project/data/Step2_output/enhanced_sample_field/403.jpg,403,1.27,13.6,1,5.434532220569398
377.jpg,377,151.1599968,128.5446827,92.8336655,155.0,132.0,94,18.0801977,120.521883,151.1600167,18,101,155.0,0.512845775,0.525455294,3954.550869,0.005886008,0.026888794,15.06190066,1.508176983,0.400219507,2.43008072,1.169726709,55.03504568,3.353298021,22.60028603,55.03504568,16.75815265,27.62314159,0.225514178,0.229638142,0.135589643,/Users/dharamkar.1/Library/CloudStorage/OneDrive-TheOhioStateUniversity/VSCode_image_processing_project/data/Step2_output/enhanced_sample_field/377.jpg,377,1.75,22.3,1,3.758509124616516
686.jpg,686,132.4157964,113.3373525,79.77543048,135.0,116.0,81,19.0805963,109.4635284,132.4162149,19,101,135.0,0.45086944,0.460012941,1428.706959,0.008884361,0.033976628,13.96340627,1.897421823,0.570812409,2.145699218,1.526406867,48.76187835,2.366177736,21.39577599,48.76187835,14.23693931,25.43637702,0.169636806,0.174014061,0.100090789,/Users/dharamkar.1/Library/CloudStorage/OneDrive-TheOhioStateUniversity/VSCode_image_processing_project/data/Step2_output/enhanced_sample_field/686.jpg,686,2.77,5.18,2,3.566795820267151
463.jpg,463,131.5207071,108.3030333,66.56287867,131.0,108.0,66,19.13153699,130.6327926,131.5207071,19,127,131.0,0.432264015,0.429957647,913.8668722,0.012158252,0.042428458,13.12992664,1.436852866,0.871459398,2.113996105,1.171015901,47.04919253,3.367199438,26.70166722,47.04919253,17.75694205,30.12148361,0.158360474,0.160570078,0.075053788,/Users/dharamkar.1/Library/CloudStorage/OneDrive-TheOhioStateUniversity/VSCode_image_processing_project/data/Step2_output/enhanced_sample_field/463.jpg,463,1.27,0.0,1,4.80573540397795
111.jpg,111,161.0831075,138.1767977,86.37352519,163.0,140.0,88,20.94399713,123.8296596,161.0831075,21,117,163.0,0.546311265,0.552918039,1459.420544,0.009327237,0.033446351,13.84464673,1.655316185,0.630126206,1.885574812,2.507582144,58.50168434,1.454161727,30.86136025,58.50168434,18.01907704,37.28622468,0.255240297,0.264925832,0.126497994,/Users/dharamkar.1/Library/CloudStorage/OneDrive-TheOhioStateUniversity/VSCode_image_processing_project/data/Step2_output/enhanced_sample_field/111.jpg,111,1.48,0.71,1,3.7229206210331798
441.jpg,441,148.4739716,124.4805684,81.30524554,147.0,123.0,79,19.21303013,122.6504703,148.4739716,19,117,147.0,0.495945984,0.489346667,2107.526626,0.008557121,0.026570931,14.08672504,1.438982439,0.704238091,2.116018482,1.616524258,53.46652125,3.152961194,26.9666474,53.46652125,18.30852166,31.92949474,0.210639015,0.214759649,0.108782537,/Users/dharamkar.1/Library/CloudStorage/OneDrive-TheOhioStateUniversity/VSCode_image_processing_project/data/Step2_output/enhanced_sample_field/441.jpg,441,2.07,0.0,1,4.169848681555518
91.jpg,91,159.6640027,140.8299187,98.44913903,163.0,144.0,102,20.83139349,105.2404735,159.6640027,21,96,163.0,0.555986303,0.568425882,1608.266276,0.008035827,0.032634979,14.21993133,1.67803279,0.464807857,1.892723541,1.536643874,59.27856144,0.747004349,25.22523606,59.27856144,14.54098008,31.70427702,0.261561855,0.27330021,0.155608724,/Users/dharamkar.1/Library/CloudStorage/OneDrive-TheOhioStateUniversity/VSCode_image_processing_project/data/Step2_output/enhanced_sample_field/91.jpg,91,2.12,5.56,1,3.745190340072826
629.jpg,629,140.7334184,123.4828005,91.75910794,146.0,128.0,96,19.41003667,98.17699697,140.7339565,19,87,146.0,0.489652073,0.508746275,1720.494355,0.008077934,0.032742776,14.21824278,1.862465295,0.452233744,2.096782593,1.414837395,52.61366073,1.664766124,19.79709389,52.61366073,12.81749507,24.48644219,0.200036651,0.206946366,0.130079688,/Users/dharamkar.1/Library/CloudStorage/OneDrive-TheOhioStateUniversity/VSCode_image_processing_project/data/Step2_output/enhanced_sample_field/629.jpg,629,2.66,1.65,1,3.4303620851551537
668.jpg,668,129.470743,113.2277583,83.77588887,133.0,116.0,87,19.34410874,97.52840003,129.470743,19,89,133.0,0.449238874,0.461687451,1235.219431,0.009426852,0.037241446,13.80163898,1.644341329,0.547486279,2.11117114,1.363790641,48.51410492,1.672154394,18.70059256,48.51410492,12.00729923,22.6526213,0.166471382,0.172024404,0.107826758,/Users/dharamkar.1/Library/CloudStorage/OneDrive-TheOhioStateUniversity/VSCode_image_processing_project/data/Step2_output/enhanced_sample_field/668.jpg,668,2.66,10.69,1,3.73899519343968
456.jpg,456,128.7620177,112.0842634,80.41123246,127.0,111.0,79,19.58155293,100.7087054,128.7620177,20,97,127.0,0.444488865,0.43902902,1113.208921,0.01063892,0.037614776,13.48085166,1.627828194,0.536202124,2.056276091,1.094828195,48.05956696,1.582511459,20.03184629,48.05956696,12.46105365,24.02313156,0.162840453,0.168413937,0.10060079,/Users/dharamkar.1/Library/CloudStorage/OneDrive-TheOhioStateUniversity/VSCode_image_processing_project/data/Step2_output/enhanced_sample_field/456.jpg,456,2.66,0.0,1,3.587119851844451
635.jpg,635,129.4834782,109.9112325,79.15252312,132.0,112.0,81,18.326989,103.522162,129.4834782,18,98,132.0,0.438637771,0.446551765,843.9178411,0.01186069,0.048073322,13.19842727,1.663991351,0.729947747,2.276659784,1.548608273,47.50172098,2.996053818,20.0329531,47.50172098,14.38375446,23.66308623,0.161103397,0.164052374,0.09742076,/Users/dharamkar.1/Library/CloudStorage/OneDrive-TheOhioStateUniversity/VSCode_image_processing_project/data/Step2_output/enhanced_sample_field/635.jpg,635,1.27,1.67,1,4.204642947802795
