filename,Numeric numbers,mean_r,mean_g,mean_b,median_r,median_g,median_b,mean_h,mean_s,mean_v,median_h,median_s,median_v,mean_gray,median_gray,contrast,energy,homogeneity,entropy,RI,CI,HI,SI,lab_L,lab_a,lab_b,luv_L,luv_u,luv_v,xyz_X,xyz_Y,xyz_Z,image_path,image_no,soc,moisture,soil_type
1.jpg,1,175.0611647,153.9672951,118.6085379,176.0,155.0,120,18.75470344,84.94441566,175.0611647,19,82,176.0,0.611374024,0.615179216,1213.420203,0.009752586,0.038490781,13.72292041,1.972764976,0.486021303,2.197575423,1.759089272,64.59991636,2.40229347,21.45497656,64.59991636,15.48869645,27.86801386,0.325496549,0.335451552,0.220850794,/Users/dharamkar.1/Library/CloudStorage/OneDrive-TheOhioStateUniversity/VSCode_image_processing_project/data/Step2_output/enhanced_sample_field/1.jpg,1,1.17,12.26,1
2.jpg,2,152.3463409,152.9035196,147.1570671,154.0,154.0,149,40.57894212,14.80616231,153.8462213,35,11,155.0,0.597532549,0.603341176,1704.740431,0.00735102,0.034905718,14.4546475,1.733744044,2.680959198,28.42619915,0.876165248,62.9870113,-1.293673928,2.947870788,62.9870113,0.00108531,4.40753248,0.296668479,0.315713444,0.321914859,/Users/dharamkar.1/Library/CloudStorage/OneDrive-TheOhioStateUniversity/VSCode_image_processing_project/data/Step2_output/enhanced_sample_field/2.jpg,2,7.76,78.27,1
3.jpg,3,165.758251,158.1951531,148.623007,171.0,163.0,154,16.99657207,28.61443718,165.7583307,16,26,171.0,0.623969253,0.64417098,1454.077394,0.009172003,0.036887756,13.96671403,2.133157716,0.159558613,2.628034003,0.37374215,65.56102517,1.030243036,5.979538016,65.56102517,5.018254519,8.286859564,0.333292099,0.347595432,0.332216079,/Users/dharamkar.1/Library/CloudStorage/OneDrive-TheOhioStateUniversity/VSCode_image_processing_project/data/Step2_output/enhanced_sample_field/3.jpg,3,3.34,68.36,1
4.jpg,4,152.9510922,142.2910953,128.0276228,158.0,147.0,133,17.29382573,47.2765067,152.9511918,17,41,158.0,0.562854699,0.583077647,1602.342329,0.007557845,0.035983929,14.41565351,2.253682146,0.228250108,2.514743992,0.538802673,59.67131873,1.462497534,9.028345875,59.67131873,7.254426272,12.10061878,0.267415908,0.277600306,0.243752688,/Users/dharamkar.1/Library/CloudStorage/OneDrive-TheOhioStateUniversity/VSCode_image_processing_project/data/Step2_output/enhanced_sample_field/4.jpg,4,3.34,68.36,1
5.jpg,5,133.0829879,124.0079919,111.7635124,133.0,123.0,111,17.75147481,48.99071269,133.0966199,17,41,133.0,0.490406281,0.487877647,1638.26053,0.006843557,0.036270233,14.63973428,1.820461358,0.242507752,2.764607561,0.458695233,52.4818084,1.248748343,7.933309668,52.4818084,6.149210979,10.35233519,0.198057037,0.205755614,0.181840578,/Users/dharamkar.1/Library/CloudStorage/OneDrive-TheOhioStateUniversity/VSCode_image_processing_project/data/Step2_output/enhanced_sample_field/5.jpg,5,3.34,68.36,1
6.jpg,6,162.9836177,142.3091119,99.47112165,163.0,143.0,100,20.2496014,102.0948461,162.9836177,20,99,163.0,0.563191472,0.564421961,811.3686339,0.011313879,0.044731175,13.30445934,1.655234064,0.658256742,1.965774136,2.193528626,60.00954324,1.442081998,25.68159375,60.00954324,15.82543867,32.19006209,0.270951146,0.281339299,0.159225604,/Users/dharamkar.1/Library/CloudStorage/OneDrive-TheOhioStateUniversity/VSCode_image_processing_project/data/Step2_output/enhanced_sample_field/6.jpg,6,1.22,13.5,1
7.jpg,7,171.9700853,151.4691087,113.9122887,174.0,153.0,115,19.32629145,90.81090561,171.9700853,19,85,174.0,0.600461645,0.606502745,1915.206558,0.008107697,0.029579094,14.18959667,1.99655169,0.430063861,2.09299136,1.635630565,63.56200793,1.904432245,22.59476564,63.56200793,15.26672661,29.16849333,0.311814913,0.322658594,0.20474305,/Users/dharamkar.1/Library/CloudStorage/OneDrive-TheOhioStateUniversity/VSCode_image_processing_project/data/Step2_output/enhanced_sample_field/7.jpg,7,1.22,13.5,1
8.jpg,8,159.7197066,150.7820871,137.987783,172.0,162.0,149,18.08529974,41.48702567,159.7271205,17,35,172.0,0.595132792,0.6383,2139.67705,0.007419153,0.032563645,14.55946659,2.024659441,0.199019032,2.495587095,0.416161572,62.79608275,1.015829051,7.920315689,62.79608275,6.076190362,10.84547315,0.300586399,0.313429533,0.284995633,/Users/dharamkar.1/Library/CloudStorage/OneDrive-TheOhioStateUniversity/VSCode_image_processing_project/data/Step2_output/enhanced_sample_field/8.jpg,8,3.68,75.84,1
9.jpg,9,158.3760364,154.2080875,145.8715322,169.0,165.0,156,21.19650829,24.55329241,158.4427415,21,20,169.0,0.605853769,0.647579608,2148.514334,0.007488472,0.033124927,14.53656757,1.945503379,0.291431495,2.587687309,0.26011119,63.80208726,-0.015909736,4.911565953,63.80208726,2.911199041,6.946397584,0.309418969,0.325588296,0.317884384,/Users/dharamkar.1/Library/CloudStorage/OneDrive-TheOhioStateUniversity/VSCode_image_processing_project/data/Step2_output/enhanced_sample_field/9.jpg,9,3.68,75.84,1
10.jpg,10,149.862225,143.4309829,133.0773677,154.0,147.0,136,19.14752073,34.84111926,149.878966,18,29,154.0,0.564906377,0.579156078,2308.421705,0.006624562,0.030185976,14.73497902,1.802212838,0.218381124,2.282613833,0.363011025,59.83581799,0.492981021,6.354536191,59.83581799,4.397203495,8.71901753,0.266778627,0.279414641,0.261998312,/Users/dharamkar.1/Library/CloudStorage/OneDrive-TheOhioStateUniversity/VSCode_image_processing_project/data/Step2_output/enhanced_sample_field/10.jpg,10,4.43,69.63,1
11.jpg,11,150.7805724,139.4445751,123.9989636,155.0,144.0,128,17.41107302,54.15603077,150.7835021,17,45,155.0,0.551920964,0.569661176,2661.37504,0.006606736,0.027828595,14.77236308,2.054358135,0.269885757,2.541745334,0.604913626,58.61001589,1.544412824,9.790854304,58.61001589,7.764245388,13.02560627,0.256565216,0.266083185,0.228473536,/Users/dharamkar.1/Library/CloudStorage/OneDrive-TheOhioStateUniversity/VSCode_image_processing_project/data/Step2_output/enhanced_sample_field/11.jpg,11,4.43,69.63,1
12.jpg,12,155.5428292,139.7229153,116.8341837,160.0,143.0,120,17.75147481,73.89341518,155.5430684,18,64,160.0,0.554644586,0.568998431,2759.412436,0.006529826,0.025721331,14.78650092,1.610934959,0.331214571,2.398577467,0.876443863,58.95478401,2.161065447,14.41146271,58.95478401,11.16373759,18.7966095,0.261606418,0.269788916,0.206031298,/Users/dharamkar.1/Library/CloudStorage/OneDrive-TheOhioStateUniversity/VSCode_image_processing_project/data/Step2_output/enhanced_sample_field/12.jpg,12,5.34,86.86,1
13.jpg,13,151.6105708,141.8887317,127.0735411,158.0,147.0,132,18.36405851,49.58388473,151.6151945,18,41,158.0,0.560339009,0.581946667,1853.605341,0.006867949,0.034088725,14.64671975,2.135051782,0.216992828,2.378579494,0.516181895,59.42103636,1.006824754,9.199314691,59.42103636,6.708487394,12.393402,0.263676122,0.274854923,0.240142711,/Users/dharamkar.1/Library/CloudStorage/OneDrive-TheOhioStateUniversity/VSCode_image_processing_project/data/Step2_output/enhanced_sample_field/13.jpg,13,5.34,86.86,1
14.jpg,14,156.0714286,142.9772202,125.5277423,161.0,147.0,129,17.15092873,56.05634168,156.0719467,17,50,161.0,0.566673067,0.582497255,2235.894158,0.007033017,0.029138151,14.59384319,2.184062363,0.286096673,2.532512823,0.679224061,60.07614241,1.894848373,11.05930802,60.07614241,9.007474734,14.68939368,0.272782759,0.282079471,0.235813756,/Users/dharamkar.1/Library/CloudStorage/OneDrive-TheOhioStateUniversity/VSCode_image_processing_project/data/Step2_output/enhanced_sample_field/14.jpg,14,5.34,86.86,1
15.jpg,15,159.6281091,138.5662269,91.5693758,162.0,141.0,94,20.79641661,115.4276148,159.6281091,21,108,162.0,0.547660407,0.557970588,1760.033532,0.008676005,0.030469423,14.05548365,1.783955242,0.564867767,1.900495192,2.100016312,58.54750982,1.182391449,28.05963592,58.54750982,16.40336662,34.49910441,0.255064097,0.265414995,0.138034128,/Users/dharamkar.1/Library/CloudStorage/OneDrive-TheOhioStateUniversity/VSCode_image_processing_project/data/Step2_output/enhanced_sample_field/15.jpg,15,0.99,4.13,1
16.jpg,16,159.1781728,138.149992,91.19903938,163.0,142.0,94,20.76994978,121.6249801,159.1781728,21,107,163.0,0.546013007,0.561073725,3497.703996,0.006596082,0.02149234,14.7445965,1.651180355,0.44245281,1.902321232,1.613534721,58.38573398,1.180619536,28.04520664,58.38573398,16.37981651,34.45187366,0.253409026,0.263690808,0.136946846,/Users/dharamkar.1/Library/CloudStorage/OneDrive-TheOhioStateUniversity/VSCode_image_processing_project/data/Step2_output/enhanced_sample_field/16.jpg,16,0.99,4.13,1
17.jpg,17,162.1806441,141.2868503,106.0449817,168.0,147.0,110,18.81915657,99.54017857,162.1806441,19,88,168.0,0.561513109,0.582630588,2843.788297,0.006673655,0.026098273,14.74362522,1.830799336,0.416578934,2.196605996,1.340567284,59.77778967,2.494713521,21.71090729,59.77778967,15.44275975,27.51836155,0.271083799,0.278773721,0.175969596,/Users/dharamkar.1/Library/CloudStorage/OneDrive-TheOhioStateUniversity/VSCode_image_processing_project/data/Step2_output/enhanced_sample_field/17.jpg,17,1.31,34.31,1
18.jpg,18,170.7757494,150.2959782,115.7334582,178.0,157.0,121,18.83529974,89.69102758,170.7757494,19,81,178.0,0.596690086,0.622992549,2096.058977,0.007556493,0.030935187,14.44932319,1.826070843,0.38890096,2.192159327,1.33586119,63.17385386,2.301060469,21.04492444,63.17385386,15.04517697,27.22835647,0.308365141,0.317959194,0.209500065,/Users/dharamkar.1/Library/CloudStorage/OneDrive-TheOhioStateUniversity/VSCode_image_processing_project/data/Step2_output/enhanced_sample_field/18.jpg,18,1.31,34.31,1
19.jpg,19,167.9445552,146.2863321,109.7208626,174.0,151.0,114,18.82340163,98.25243144,167.944615,19,88,174.0,0.581381703,0.601978039,1650.766496,0.007386861,0.037034581,14.45816692,1.768390088,0.427462244,2.192532467,1.393296657,61.72815405,2.572253607,22.38156081,61.72815405,16.02175846,28.54217676,0.292593231,0.300857674,0.189339846,/Users/dharamkar.1/Library/CloudStorage/OneDrive-TheOhioStateUniversity/VSCode_image_processing_project/data/Step2_output/enhanced_sample_field/19.jpg,19,1.31,34.31,1
20.jpg,20,141.3242188,125.0547473,84.01110092,142.0,126.0,85,21.63020169,107.4753069,141.3242188,22,103,142.0,0.492363777,0.495590588,1087.890695,0.011176794,0.039270293,13.35948335,1.429489017,0.648100168,1.796224124,1.67808977,52.96410673,0.043158529,24.66506552,52.96410673,12.77337398,30.08418771,0.199812632,0.210133541,0.113908494,/Users/dharamkar.1/Library/CloudStorage/OneDrive-TheOhioStateUniversity/VSCode_image_processing_project/data/Step2_output/enhanced_sample_field/20.jpg,20,1.38,0.0,1
21.jpg,21,166.1862643,149.1811224,120.2977718,168.0,151.0,122,18.82166773,70.83155293,166.1862643,19,70,168.0,0.591028335,0.596449412,82.8377042,0.025599336,0.141490247,11.08751048,1.24200047,0.419448626,2.192084093,2.029234936,62.54443854,1.68705909,17.57786638,62.54443854,12.32784001,23.11474368,0.299493285,0.310436195,0.222734693,/Users/dharamkar.1/Library/CloudStorage/OneDrive-TheOhioStateUniversity/VSCode_image_processing_project/data/Step2_output/enhanced_sample_field/21.jpg,21,1.38,0.0,1
22.jpg,22,181.8084742,158.9194037,124.6163704,183.0,160.0,125,18.09255421,80.50384646,181.8084742,18,80,183.0,0.632588559,0.635597647,111.9607423,0.028092089,0.121729534,10.83582761,1.725655705,0.309847009,2.34086997,1.587797139,66.64391525,3.206353769,21.02813889,66.64391525,16.57834786,27.44198474,0.353078951,0.361625197,0.243884735,/Users/dharamkar.1/Library/CloudStorage/OneDrive-TheOhioStateUniversity/VSCode_image_processing_project/data/Step2_output/enhanced_sample_field/22.jpg,22,1.48,0.0,1
23.jpg,23,149.6930604,133.3194754,90.38550303,151.0,135.0,92,21.86712771,102.7449976,149.6930604,22,100,151.0,0.524326756,0.52916549,517.9932735,0.015577512,0.056150619,12.46003892,1.220497247,0.740292677,1.764431968,2.554788608,56.15109758,-0.256593638,25.41573076,56.15109758,12.93439414,31.54245215,0.228148626,0.240632819,0.131992166,/Users/dharamkar.1/Library/CloudStorage/OneDrive-TheOhioStateUniversity/VSCode_image_processing_project/data/Step2_output/enhanced_sample_field/23.jpg,23,1.48,0.0,1
24.jpg,24,158.5030094,143.6313576,102.8680843,161.0,146.0,105,22.04938616,91.06736288,158.5030094,22,88,161.0,0.564127653,0.57289098,502.7068386,0.015317567,0.061815391,12.53864255,1.998514029,0.471849166,1.733323264,2.653307889,60.00851092,-0.738260143,23.72613802,60.00851092,11.73862631,30.4579868,0.265590117,0.281327836,0.168247543,/Users/dharamkar.1/Library/CloudStorage/OneDrive-TheOhioStateUniversity/VSCode_image_processing_project/data/Step2_output/enhanced_sample_field/24.jpg,24,1.48,0.0,1
25.jpg,25,163.5257494,145.9316606,116.3675462,164.0,146.0,117,18.72411113,74.02525112,163.5257494,19,74,164.0,0.578583654,0.5799,166.6617553,0.023405121,0.099628877,11.32339764,1.397838479,0.512456864,2.206216188,2.757051937,61.35044463,1.857209165,18.09613251,61.35044463,12.78325196,23.58790094,0.286543345,0.296493021,0.208440308,/Users/dharamkar.1/Library/CloudStorage/OneDrive-TheOhioStateUniversity/VSCode_image_processing_project/data/Step2_output/enhanced_sample_field/25.jpg,25,2.12,0.0,1
26.jpg,26,141.9146604,127.7770249,93.29665577,142.0,128.0,93,21.16868622,89.33396445,141.9146604,21,87,142.0,0.50311858,0.503731373,632.2803692,0.014212813,0.049324139,12.67339259,1.857854202,0.632570192,1.822211164,1.911295685,53.94177624,-0.068358602,20.7221462,53.94177624,10.89858522,26.04073868,0.208199153,0.219197706,0.13556192,/Users/dharamkar.1/Library/CloudStorage/OneDrive-TheOhioStateUniversity/VSCode_image_processing_project/data/Step2_output/enhanced_sample_field/26.jpg,26,2.12,0.0,1
27.jpg,27,141.894591,127.7289939,92.82824458,142.0,128.0,93,21.29087612,90.24587452,141.894591,21,88,142.0,0.502834664,0.503731373,633.9340567,0.0139188,0.049341963,12.71577259,1.864536487,0.596571441,1.814196411,1.907125073,53.91775361,-0.111835973,20.95550546,53.91775361,10.94480709,26.30368716,0.207894627,0.218971923,0.134446027,/Users/dharamkar.1/Library/CloudStorage/OneDrive-TheOhioStateUniversity/VSCode_image_processing_project/data/Step2_output/enhanced_sample_field/27.jpg,27,2.12,0.0,1
28.jpg,28,153.7985292,139.0737404,112.0915378,154.0,140.0,113,19.6129823,69.90407765,153.7985292,20,69,154.0,0.550028789,0.553052157,339.387492,0.018800098,0.069928376,11.94103641,1.750271959,0.575721304,2.097414066,2.201644392,58.51755229,1.120355664,16.46758082,58.51755229,10.74261401,21.46389105,0.254610806,0.265095146,0.191272098,/Users/dharamkar.1/Library/CloudStorage/OneDrive-TheOhioStateUniversity/VSCode_image_processing_project/data/Step2_output/enhanced_sample_field/28.jpg,28,1.32,0.0,1
29.jpg,29,142.8822943,128.4347696,90.25001993,144.0,129.0,91,21.87930485,96.48114636,142.8822943,22,93,144.0,0.504908816,0.509036863,730.0973735,0.013122304,0.045574094,12.90531423,2.113918438,0.595493648,1.759354612,1.807602683,54.15870307,-0.426547233,22.75106242,54.15870307,11.34343011,28.36591704,0.209396822,0.221243586,0.128933763,/Users/dharamkar.1/Library/CloudStorage/OneDrive-TheOhioStateUniversity/VSCode_image_processing_project/data/Step2_output/enhanced_sample_field/29.jpg,29,1.32,0.0,1
30.jpg,30,165.5350167,157.12217,129.113082,167.0,158.0,130,23.08902663,58.38085938,165.5350167,23,56,167.0,0.615256646,0.621163137,1327.565523,0.009921881,0.034812707,13.6860115,1.932163686,0.212400477,1.606825651,1.103200527,64.80412871,-1.636707551,15.78423949,64.80412871,6.706452679,21.71672195,0.316758398,0.338007773,0.256579182,/Users/dharamkar.1/Library/CloudStorage/OneDrive-TheOhioStateUniversity/VSCode_image_processing_project/data/Step2_output/enhanced_sample_field/30.jpg,30,1.32,0.0,1
31.jpg,31,173.0173988,151.6491151,119.6129424,174.0,152.0,120,18.18496891,79.10285794,173.0173988,19,79,174.0,0.603451244,0.60678549,134.6242193,0.026151012,0.111004727,11.04777316,1.641681544,0.403724645,2.338577288,2.255117479,63.81675183,2.983005771,19.80325074,63.81675183,15.44577246,25.69532605,0.317756655,0.325767821,0.222554763,/Users/dharamkar.1/Library/CloudStorage/OneDrive-TheOhioStateUniversity/VSCode_image_processing_project/data/Step2_output/enhanced_sample_field/31.jpg,31,2.2,0.0,1
32.jpg,32,143.069874,128.627272,93.50171397,144.0,129.0,94,21.17490434,90.06299825,143.069874,21,88,144.0,0.506524597,0.509602353,545.3431694,0.015455193,0.052905897,12.44980918,2.090343029,0.637649617,1.824008229,2.125487546,54.28951531,-0.033851673,21.09028803,54.28951531,11.14222079,26.49608285,0.211392955,0.222483433,0.136506462,/Users/dharamkar.1/Library/CloudStorage/OneDrive-TheOhioStateUniversity/VSCode_image_processing_project/data/Step2_output/enhanced_sample_field/32.jpg,32,2.2,0.0,1
33.jpg,33,154.6015226,150.8132374,133.1600167,156.0,152.0,134,24.8852838,36.159658,154.6021405,26,35,156.0,0.589590003,0.593771765,758.8411675,0.01202257,0.045400701,13.11165732,1.658813442,0.125766098,1.437195173,0.71885773,62.25405458,-1.774780865,9.808162356,62.25405458,3.238689016,13.83556739,0.287217908,0.307005799,0.266546793,/Users/dharamkar.1/Library/CloudStorage/OneDrive-TheOhioStateUniversity/VSCode_image_processing_project/data/Step2_output/enhanced_sample_field/33.jpg,33,2.2,0.0,1
34.jpg,34,163.1113879,146.681521,114.8004624,164.0,148.0,116,19.57421875,76.23594946,163.1113879,20,75,164.0,0.579898994,0.584112157,240.3574231,0.019952162,0.085353439,11.75907869,1.39133379,0.500540293,2.037173742,2.517480503,61.48209028,1.055950258,19.14599189,61.48209028,12.17205893,25.01445112,0.285944237,0.298009437,0.204007961,/Users/dharamkar.1/Library/CloudStorage/OneDrive-TheOhioStateUniversity/VSCode_image_processing_project/data/Step2_output/enhanced_sample_field/34.jpg,34,1.49,0.0,1
35.jpg,35,148.82954,134.8623844,98.13723693,150.0,136.0,99,21.81734295,88.8082948,148.82954,22,86,150.0,0.530127537,0.534806275,636.5201393,0.013929442,0.050198422,12.74096371,2.082170118,0.521455838,1.762350224,2.347138528,56.63265881,-0.506504824,21.70339217,56.63265881,10.90890282,27.6287869,0.232193838,0.245483247,0.151011479,/Users/dharamkar.1/Library/CloudStorage/OneDrive-TheOhioStateUniversity/VSCode_image_processing_project/data/Step2_output/enhanced_sample_field/35.jpg,35,1.49,0.0,1
36.jpg,36,153.2465322,152.4035395,135.6382533,156.0,155.0,138,28.58677455,31.03214684,153.5837651,28,30,156.0,0.593623131,0.604993333,846.9474095,0.011001275,0.044726372,13.4094383,1.550136354,1.866475132,1.117068548,0.58651327,62.63537247,-2.746280817,8.939501036,62.63537247,1.421626252,12.87027149,0.288947391,0.311515655,0.276420153,/Users/dharamkar.1/Library/CloudStorage/OneDrive-TheOhioStateUniversity/VSCode_image_processing_project/data/Step2_output/enhanced_sample_field/36.jpg,36,1.49,0.0,1
37.jpg,37,136.729831,121.4729153,97.24087213,136.0,121.0,96,18.45717076,75.00952647,136.729831,18,74,136.0,0.482226979,0.478825098,426.69791,0.016789764,0.064316858,12.29190276,1.206550921,0.66637065,2.265381519,1.44892399,51.78485369,1.891812686,15.45180607,51.78485369,10.95433587,19.3885192,0.193362071,0.199537268,0.141978743,/Users/dharamkar.1/Library/CloudStorage/OneDrive-TheOhioStateUniversity/VSCode_image_processing_project/data/Step2_output/enhanced_sample_field/37.jpg,37,6.72,0.0,1
38.jpg,38,144.2184311,126.3279257,92.12898597,144.0,126.0,92,19.62129305,96.18090322,144.2184311,20,92,144.0,0.500642802,0.500620392,1176.88551,0.010355104,0.036533534,13.56136958,1.924703567,0.622207117,2.050132583,1.568965935,53.73985936,1.57393701,21.15370636,53.73985936,13.41415885,26.17499176,0.209802985,0.217304757,0.132411526,/Users/dharamkar.1/Library/CloudStorage/OneDrive-TheOhioStateUniversity/VSCode_image_processing_project/data/Step2_output/enhanced_sample_field/38.jpg,38,6.72,0.0,1
39.jpg,39,161.938915,152.2570552,127.9277742,163.0,153.0,129,21.45685188,56.3567044,161.938915,21,53,163.0,0.598275722,0.600699216,1758.413617,0.00866372,0.030680823,14.0290953,1.39018641,0.241304411,1.80349889,1.048673138,63.15419533,-0.56402636,14.10091343,63.15419533,7.287311746,19.24999371,0.300490406,0.317722409,0.249410384,/Users/dharamkar.1/Library/CloudStorage/OneDrive-TheOhioStateUniversity/VSCode_image_processing_project/data/Step2_output/enhanced_sample_field/39.jpg,39,6.72,0.0,1
40.jpg,40,164.8457031,142.5046237,106.6189214,165.0,143.0,107,18.45986129,90.79047752,164.8457031,18,90,165.0,0.567312721,0.568656078,223.503143,0.020191369,0.087330852,11.73770723,2.593214114,0.685434488,2.250695852,3.223579456,60.36810471,2.993696732,22.2278638,60.36810471,16.46925543,28.09387905,0.278673797,0.285339614,0.178407706,/Users/dharamkar.1/Library/CloudStorage/OneDrive-TheOhioStateUniversity/VSCode_image_processing_project/data/Step2_output/enhanced_sample_field/40.jpg,40,1.18,0.0,1
41.jpg,41,144.3629026,129.794025,91.50735411,146.0,131.0,93,21.842614,95.80610252,144.3629026,22,93,146.0,0.510311539,0.515198431,684.5396781,0.013352248,0.048612416,12.84977439,2.081617499,0.599703472,1.764390947,1.919228756,54.69690472,-0.40336381,22.78078864,54.69690472,11.42765258,28.48574924,0.214308747,0.226374358,0.132503736,/Users/dharamkar.1/Library/CloudStorage/OneDrive-TheOhioStateUniversity/VSCode_image_processing_project/data/Step2_output/enhanced_sample_field/41.jpg,41,1.18,0.0,1
42.jpg,42,169.8370336,165.8532765,144.1273717,171.0,167.0,146,25.3060228,40.14371413,169.8371134,24,38,171.0,0.64758191,0.653413725,1263.869415,0.009756581,0.03628265,13.70862727,1.641253785,0.09064454,1.372665599,0.715212375,67.8470484,-2.3633635,11.78008401,67.8470484,3.583996293,16.86372379,0.351949108,0.377649896,0.318643671,/Users/dharamkar.1/Library/CloudStorage/OneDrive-TheOhioStateUniversity/VSCode_image_processing_project/data/Step2_output/enhanced_sample_field/42.jpg,42,1.18,0.0,1
43.jpg,43,163.4334542,145.3028938,120.4803093,164.0,146.0,121,17.34843351,67.48413584,163.4334542,17,67,164.0,0.577905606,0.580174902,153.1295444,0.023711871,0.102470134,11.28687145,1.32791746,0.495532153,2.466001916,2.158370128,61.25920715,2.756346977,15.66195817,61.25920715,12.79345431,20.43562936,0.287842379,0.295445088,0.221037896,/Users/dharamkar.1/Library/CloudStorage/OneDrive-TheOhioStateUniversity/VSCode_image_processing_project/data/Step2_output/enhanced_sample_field/43.jpg,43,3.11,0.0,1
44.jpg,44,138.2390784,122.5823103,89.05510603,139.0,123.0,90,20.32513552,92.84811464,138.2390784,20,90,139.0,0.484282596,0.486072941,625.5081678,0.014409124,0.049845237,12.6241574,1.608397841,0.672724991,1.936160362,1.555403349,52.07280765,0.759866681,20.57595311,52.07280765,11.86956953,25.43064886,0.19357763,0.202091023,0.123416844,/Users/dharamkar.1/Library/CloudStorage/OneDrive-TheOhioStateUniversity/VSCode_image_processing_project/data/Step2_output/enhanced_sample_field/44.jpg,44,3.11,0.0,1
45.jpg,45,161.6602559,147.4004305,114.5570592,162.0,148.0,115,20.98491311,76.28156888,161.6602559,21,74,162.0,0.580637789,0.582162745,983.6926049,0.01149932,0.0403211,13.24298883,1.832162469,0.451013663,1.871066216,1.743983518,61.5388869,0.036534144,19.33765306,61.5388869,10.80353738,25.44344629,0.283965478,0.298665267,0.20350709,/Users/dharamkar.1/Library/CloudStorage/OneDrive-TheOhioStateUniversity/VSCode_image_processing_project/data/Step2_output/enhanced_sample_field/45.jpg,45,3.11,0.0,1
46.jpg,46,144.5408163,122.881816,85.92801339,146.0,124.0,87,18.83605708,110.2930086,144.5408163,19,103,146.0,0.489490135,0.494150196,1498.623078,0.008987425,0.03371542,13.93944029,1.73506347,0.643578852,2.175594114,1.766634273,52.7148878,2.894857712,23.31716138,52.7148878,16.22562368,28.07587025,0.203417959,0.207863654,0.117270654,/Users/dharamkar.1/Library/CloudStorage/OneDrive-TheOhioStateUniversity/VSCode_image_processing_project/data/Step2_output/enhanced_sample_field/46.jpg,46,1.38,46.78,1
47.jpg,47,149.6291853,126.8057239,85.96436543,151.0,128.0,87,19.15023119,115.5952647,149.6291853,19,108,151.0,0.504749206,0.509553725,1541.709741,0.008737454,0.033412655,14.01263731,1.638923608,0.672643896,2.121372004,1.794961846,54.29109522,2.861087521,25.45449797,54.29109522,17.29596018,30.61543325,0.217525926,0.222498436,0.119429098,/Users/dharamkar.1/Library/CloudStorage/OneDrive-TheOhioStateUniversity/VSCode_image_processing_project/data/Step2_output/enhanced_sample_field/47.jpg,47,1.38,46.78,1
48.jpg,48,128.1736886,109.8680445,77.10694356,128.0,109.0,77,19.26072226,108.227559,128.1736886,19,102,128.0,0.436846739,0.434839608,1093.050168,0.010091056,0.03872288,13.62981921,1.767255965,0.54058725,2.119409185,1.230061812,47.31909012,2.1893209,20.9526996,47.31909012,13.65754895,24.74186345,0.158335391,0.162640997,0.093442374,/Users/dharamkar.1/Library/CloudStorage/OneDrive-TheOhioStateUniversity/VSCode_image_processing_project/data/Step2_output/enhanced_sample_field/48.jpg,48,1.48,46.5,1
49.jpg,49,138.4635085,117.6654775,81.69475446,138.0,117.0,81,18.95402184,110.9052734,138.4635085,19,105,138.0,0.468594392,0.466695294,1229.134149,0.009627017,0.037212104,13.7689041,1.8747938,0.62503459,2.159107514,1.621931102,50.60111201,2.739183529,22.83062649,50.60111201,15.58461183,27.20328923,0.185089477,0.189265072,0.105978476,/Users/dharamkar.1/Library/CloudStorage/OneDrive-TheOhioStateUniversity/VSCode_image_processing_project/data/Step2_output/enhanced_sample_field/49.jpg,49,1.48,46.5,1
50.jpg,50,138.6976443,119.3676459,87.13903061,141.0,121.0,88,18.79444356,102.8048868,138.6976443,19,94,141.0,0.475104264,0.481280392,1312.78153,0.008810128,0.036952959,14.00057271,1.832079603,0.566437442,2.202363711,1.550449558,51.19286247,2.544134545,20.50542026,51.19286247,14.28769584,24.87521751,0.189639482,0.194354885,0.117965463,/Users/dharamkar.1/Library/CloudStorage/OneDrive-TheOhioStateUniversity/VSCode_image_processing_project/data/Step2_output/enhanced_sample_field/50.jpg,50,2.12,51.14,1
51.jpg,51,123.261639,106.8098693,75.73136559,122.0,106.0,75,19.60742188,105.7545839,123.261639,20,99,122.0,0.423784746,0.419406275,1187.733484,0.009728722,0.036586852,13.72347387,1.68526227,0.464837604,2.060690538,1.016479046,45.94048881,1.641100559,19.83771306,45.94048881,12.27455395,23.4325755,0.147391477,0.152247411,0.089489534,/Users/dharamkar.1/Library/CloudStorage/OneDrive-TheOhioStateUniversity/VSCode_image_processing_project/data/Step2_output/enhanced_sample_field/51.jpg,51,1.32,48.55,1
52.jpg,52,139.571887,119.7698701,85.39654416,139.0,119.0,85,19.03479751,106.0424107,139.571887,19,99,139.0,0.476468556,0.473452157,1479.852619,0.008827885,0.032263638,13.98275807,1.858550865,0.563481382,2.154072214,1.531173799,51.35783574,2.467874608,21.73731401,51.35783574,14.76721916,26.24130954,0.190878331,0.195789955,0.11448355,/Users/dharamkar.1/Library/CloudStorage/OneDrive-TheOhioStateUniversity/VSCode_image_processing_project/data/Step2_output/enhanced_sample_field/52.jpg,52,1.32,48.55,1
53.jpg,53,141.9511918,122.7099609,89.33238999,143.0,123.0,90,19.0474729,103.0620615,141.9511918,19,95,143.0,0.487812548,0.48968902,1628.568446,0.008186049,0.03201272,14.18941977,1.832225677,0.533039204,2.154524537,1.451034298,52.47365407,2.306646654,21.01651455,52.47365407,14.29466091,25.68298883,0.20011415,0.205682123,0.124377758,/Users/dharamkar.1/Library/CloudStorage/OneDrive-TheOhioStateUniversity/VSCode_image_processing_project/data/Step2_output/enhanced_sample_field/53.jpg,53,2.2,51.05,1
54.jpg,54,141.1315171,122.0413943,88.6615912,142.0,123.0,89,19.10608658,103.2376435,141.1315171,19,95,142.0,0.485064163,0.488037255,1581.36455,0.00831011,0.032005999,14.14739105,1.830447758,0.527907314,2.144937011,1.463100137,52.19698155,2.252022369,21.01611491,52.19698155,14.19459715,25.64800509,0.197607528,0.203198965,0.12255409,/Users/dharamkar.1/Library/CloudStorage/OneDrive-TheOhioStateUniversity/VSCode_image_processing_project/data/Step2_output/enhanced_sample_field/54.jpg,54,2.2,51.05,1
55.jpg,55,132.890346,117.4685308,86.41812819,135.0,119.0,88,20.02020886,95.0127551,132.890346,20,88,135.0,0.464733069,0.470967059,1113.238809,0.01011358,0.040302759,13.63469672,1.647762078,0.512519031,1.996207935,1.298189206,50.08387657,1.050514038,19.33637554,50.08387657,11.5560495,23.70657489,0.177683546,0.184889636,0.115229053,/Users/dharamkar.1/Library/CloudStorage/OneDrive-TheOhioStateUniversity/VSCode_image_processing_project/data/Step2_output/enhanced_sample_field/55.jpg,55,1.49,39.76,1
56.jpg,56,142.8477958,125.8485332,91.68859614,145.0,128.0,94,19.9256816,97.36595185,142.8477958,20,90,145.0,0.498031157,0.506781961,1255.451874,0.009505851,0.037202679,13.80573605,1.884649942,0.518030532,1.99800021,1.582728675,53.46776555,1.207205546,21.0171687,53.46776555,12.80861815,26.05162056,0.206612543,0.214771189,0.131082668,/Users/dharamkar.1/Library/CloudStorage/OneDrive-TheOhioStateUniversity/VSCode_image_processing_project/data/Step2_output/enhanced_sample_field/56.jpg,56,1.49,39.76,1
57.jpg,57,132.0369898,117.6761201,93.31058673,131.0,117.0,93,18.91131218,84.35875717,132.0369898,19,75,131.0,0.466553137,0.46393451,1917.988889,0.007342497,0.031008978,14.44095848,1.693164938,0.345412817,2.19117971,0.902743067,50.19885215,1.533581796,15.48489874,50.19885215,10.38134641,19.30783137,0.179514496,0.185856352,0.130669813,/Users/dharamkar.1/Library/CloudStorage/OneDrive-TheOhioStateUniversity/VSCode_image_processing_project/data/Step2_output/enhanced_sample_field/57.jpg,57,6.72,53.32,1
58.jpg,58,130.0918766,115.9597616,92.07089047,129.0,115.0,91,18.88813377,84.3511639,130.0918766,19,75,129.0,0.459766465,0.456977255,1920.873999,0.007400669,0.030316488,14.42854317,1.612676666,0.340840508,2.193797369,0.89256295,49.50715156,1.523324987,15.2289042,49.50715156,10.19973566,18.9324249,0.17395654,0.18009107,0.1269833,/Users/dharamkar.1/Library/CloudStorage/OneDrive-TheOhioStateUniversity/VSCode_image_processing_project/data/Step2_output/enhanced_sample_field/58.jpg,58,6.72,53.32,1
59.jpg,59,144.7016303,122.3955078,79.64644452,145.0,122.0,80,19.67311065,121.4832589,144.7016303,20,114,145.0,0.486483731,0.48631098,1357.413337,0.009260106,0.035395634,13.85401045,1.632013196,0.699259388,2.04725294,1.802034073,52.49118241,2.512003328,26.56302387,52.49118241,17.09867837,31.43985398,0.200681642,0.205840119,0.104350001,/Users/dharamkar.1/Library/CloudStorage/OneDrive-TheOhioStateUniversity/VSCode_image_processing_project/data/Step2_output/enhanced_sample_field/59.jpg,59,1.18,48.3,1
60.jpg,60,148.0205875,125.6330517,82.13446668,149.0,126.0,83,19.77618782,120.4148996,148.0205875,20,113,149.0,0.499035902,0.500858431,1426.716688,0.009017508,0.034080603,13.92473775,1.632995433,0.674010723,2.032262897,1.876995119,53.74802429,2.394737842,26.85779375,53.74802429,17.18651234,32.0309129,0.211591006,0.21738109,0.110885494,/Users/dharamkar.1/Library/CloudStorage/OneDrive-TheOhioStateUniversity/VSCode_image_processing_project/data/Step2_output/enhanced_sample_field/60.jpg,60,1.18,48.3,1
61.jpg,61,140.6910276,123.6332709,95.675283,142.0,124.0,96,18.65104831,88.1398876,140.6910276,19,81,142.0,0.49114617,0.494198824,1292.860426,0.008932083,0.036630783,13.96652374,1.561602153,0.540528522,2.226380314,1.354423456,52.72825931,2.092995383,17.7059432,52.72825931,12.41619085,22.06862103,0.201903186,0.207985025,0.139359337,/Users/dharamkar.1/Library/CloudStorage/OneDrive-TheOhioStateUniversity/VSCode_image_processing_project/data/Step2_output/enhanced_sample_field/61.jpg,61,3.11,58.85,1
62.jpg,62,137.1311185,120.6662149,92.5672433,138.0,121.0,93,18.98543128,89.51534598,137.1311185,19,83,138.0,0.478976749,0.480491765,1338.887712,0.009104057,0.035145145,13.92345283,1.481259598,0.521148732,2.179206489,1.301763196,51.5038031,1.858435532,17.77542398,51.5038031,12.03948298,22.02866231,0.190916921,0.197065571,0.130508509,/Users/dharamkar.1/Library/CloudStorage/OneDrive-TheOhioStateUniversity/VSCode_image_processing_project/data/Step2_output/enhanced_sample_field/62.jpg,62,3.11,58.85,1
63.jpg,63,135.4589644,117.5538106,86.9081832,137.0,119.0,88,18.98933753,99.77736368,135.4589644,19,91,137.0,0.467251396,0.471487843,1301.407771,0.008915489,0.036546399,13.98314857,1.663925851,0.557821011,2.173708375,1.401336509,50.3679364,2.167282232,19.47849436,50.3679364,13.2065762,23.69780498,0.182084487,0.187284129,0.116504053,/Users/dharamkar.1/Library/CloudStorage/OneDrive-TheOhioStateUniversity/VSCode_image_processing_project/data/Step2_output/enhanced_sample_field/63.jpg,63,3.11,58.85,1
64.jpg,64,150.6662946,129.6090761,80.78710938,152.0,130.0,81,21.05831473,126.478137,150.6662946,21,118,152.0,0.512014397,0.514580392,1710.913177,0.008193365,0.031533885,14.16383238,1.655696336,0.582658687,1.864613929,1.855681313,55.07318316,1.152098619,29.34781747,55.07318316,16.58061546,35.05623157,0.221091652,0.230008207,0.110155994,/Users/dharamkar.1/Library/CloudStorage/OneDrive-TheOhioStateUniversity/VSCode_image_processing_project/data/Step2_output/enhanced_sample_field/64.jpg,64,1.38,6.86,1
65.jpg,65,151.8234813,129.4415856,79.05195711,153.0,131.0,80,20.89732143,130.6741271,151.8234813,21,122,153.0,0.512018221,0.516247451,1677.845291,0.008269306,0.032188518,14.14361083,1.643292376,0.617167587,1.89038163,2.038112606,55.11541938,1.567199884,30.37366933,55.11541938,17.620782,35.98479094,0.222382203,0.230418507,0.106810902,/Users/dharamkar.1/Library/CloudStorage/OneDrive-TheOhioStateUniversity/VSCode_image_processing_project/data/Step2_output/enhanced_sample_field/65.jpg,65,1.38,6.86,1
66.jpg,66,148.1412229,127.4733937,82.14006696,149.0,128.0,83,20.65898039,119.4815649,148.1412229,21,113,149.0,0.504301077,0.50789098,1266.3539,0.009761273,0.036536588,13.72780103,1.564440222,0.695701127,1.91362668,1.912338151,54.26251451,1.407032051,27.5179118,54.26251451,16.09054249,33.00220941,0.214177841,0.22222714,0.111695738,/Users/dharamkar.1/Library/CloudStorage/OneDrive-TheOhioStateUniversity/VSCode_image_processing_project/data/Step2_output/enhanced_sample_field/66.jpg,66,1.48,7.21,1
67.jpg,67,154.6802256,132.7465322,83.66535794,156.0,134.0,85,20.82122927,123.1905891,154.6802256,21,116,156.0,0.524975253,0.529701176,1311.772542,0.009440712,0.035812261,13.81740287,1.65661568,0.685565686,1.896103346,2.22592103,56.36572945,1.438476713,29.49461261,56.36572945,17.19465355,35.44167922,0.233968791,0.242786685,0.117704139,/Users/dharamkar.1/Library/CloudStorage/OneDrive-TheOhioStateUniversity/VSCode_image_processing_project/data/Step2_output/enhanced_sample_field/67.jpg,67,1.48,7.21,1
68.jpg,68,144.3299187,123.7431441,81.14377392,146.0,126.0,83,20.22213807,124.2060746,144.3299187,20,111,146.0,0.490378114,0.497792941,1826.891856,0.007336518,0.031514047,14.44186811,1.640998593,0.465187205,1.976549614,1.561901953,52.84780498,1.75269638,26.17796897,52.84780498,15.87113249,31.27867139,0.202258664,0.209072219,0.107807602,/Users/dharamkar.1/Library/CloudStorage/OneDrive-TheOhioStateUniversity/VSCode_image_processing_project/data/Step2_output/enhanced_sample_field/68.jpg,68,2.12,12.83,1
69.jpg,69,152.8005222,130.4681122,84.37187101,155.0,133.0,86,20.25978555,124.5074338,152.8005222,20,113,155.0,0.517216511,0.526612941,1520.170263,0.007868788,0.03428331,14.26573768,1.624310995,0.52236222,1.975780323,1.753374148,55.57352025,1.982207241,28.05749926,55.57352025,17.29209471,33.71671051,0.227596747,0.234900081,0.117968356,/Users/dharamkar.1/Library/CloudStorage/OneDrive-TheOhioStateUniversity/VSCode_image_processing_project/data/Step2_output/enhanced_sample_field/69.jpg,69,2.12,12.83,1
70.jpg,70,152.5439055,129.7454759,80.78152902,153.0,131.0,82,20.57575335,127.783801,152.5439055,21,119,153.0,0.513960163,0.517921569,1691.525965,0.008400824,0.031696925,14.10769129,1.778574475,0.631947519,1.933530715,2.053647028,55.29572053,1.890578509,29.6713274,55.29572053,17.8203759,35.27840706,0.224773791,0.232175516,0.110369519,/Users/dharamkar.1/Library/CloudStorage/OneDrive-TheOhioStateUniversity/VSCode_image_processing_project/data/Step2_output/enhanced_sample_field/70.jpg,70,1.32,7.34,1
71.jpg,71,149.9001315,128.2323222,82.76785714,151.0,129.0,84,20.35293766,122.0276028,149.9001315,20,114,151.0,0.508073505,0.512608235,1795.176529,0.008295219,0.029940266,14.1312092,1.515759692,0.625009191,1.955319395,1.838508178,54.65328794,1.810487407,27.70624799,54.65328794,16.79691377,33.19696957,0.218617173,0.225955628,0.113442077,/Users/dharamkar.1/Library/CloudStorage/OneDrive-TheOhioStateUniversity/VSCode_image_processing_project/data/Step2_output/enhanced_sample_field/71.jpg,71,1.32,7.34,1
72.jpg,72,150.396863,129.3379903,85.67295121,153.0,132.0,88,20.27539063,118.3880939,150.396863,20,109,153.0,0.51241079,0.522445882,1655.634869,0.008175823,0.032551999,14.16699732,1.722060604,0.549748548,1.967164217,1.754154227,55.050791,1.727998189,26.61723828,55.050791,16.24002752,32.19069008,0.222127281,0.229790878,0.119980378,/Users/dharamkar.1/Library/CloudStorage/OneDrive-TheOhioStateUniversity/VSCode_image_processing_project/data/Step2_output/enhanced_sample_field/72.jpg,72,2.2,10.52,1
73.jpg,73,148.9572106,128.0640545,84.54171317,152.0,131.0,87,20.30556441,119.0257494,148.9572106,20,109,152.0,0.507317213,0.518769804,1617.234986,0.008233766,0.031781955,14.14327606,1.6224275,0.539493971,1.962418843,1.790423769,54.54329969,1.696951202,26.5622169,54.54329969,16.12260806,32.03591229,0.217361568,0.224902013,0.116928549,/Users/dharamkar.1/Library/CloudStorage/OneDrive-TheOhioStateUniversity/VSCode_image_processing_project/data/Step2_output/enhanced_sample_field/73.jpg,73,2.2,10.52,1
74.jpg,74,154.4303651,134.0498047,89.03728874,158.0,138.0,92,20.67370855,114.9191247,154.4303651,21,106,158.0,0.529942241,0.543731765,1383.357643,0.008770931,0.036126727,13.99949086,1.636354449,0.533514327,1.908827225,1.915886187,56.78119272,1.197247957,27.06999352,56.78119272,15.82737228,33.11361126,0.237456904,0.24699237,0.129733346,/Users/dharamkar.1/Library/CloudStorage/OneDrive-TheOhioStateUniversity/VSCode_image_processing_project/data/Step2_output/enhanced_sample_field/74.jpg,74,1.49,8.04,1
75.jpg,75,155.3753388,134.9455915,89.17942841,160.0,140.0,93,20.81281888,116.9101164,155.3753388,21,107,160.0,0.533283029,0.551823922,1682.628844,0.008308157,0.032035546,14.14622732,1.641582058,0.477037339,1.895170103,1.876134611,57.11814306,1.116449139,27.44544178,57.11814306,15.90606874,33.5866177,0.240573136,0.25043873,0.130547735,/Users/dharamkar.1/Library/CloudStorage/OneDrive-TheOhioStateUniversity/VSCode_image_processing_project/data/Step2_output/enhanced_sample_field/75.jpg,75,1.49,8.04,1
76.jpg,76,156.5037269,135.9689294,90.49750877,161.0,140.0,94,20.70541693,114.609953,156.5037269,21,106,161.0,0.537466998,0.552389412,1392.009489,0.008728792,0.036007099,14.01483696,1.649633195,0.525890802,1.905878405,1.910268541,57.52629202,1.177028073,27.26856508,57.52629202,15.9526602,33.47278739,0.244749762,0.254656067,0.134076039,/Users/dharamkar.1/Library/CloudStorage/OneDrive-TheOhioStateUniversity/VSCode_image_processing_project/data/Step2_output/enhanced_sample_field/76.jpg,76,1.49,8.04,1
77.jpg,77,144.5807159,122.0533323,80.58545918,145.0,122.0,81,19.39080437,127.5240354,144.5807159,19,113,145.0,0.485688501,0.487397255,2374.651886,0.006751494,0.027114807,14.65611076,1.665618514,0.501551549,2.099848826,1.446137149,52.40091705,2.759549996,25.91886743,52.40091705,17.16664427,30.72450547,0.200395594,0.205027353,0.106029877,/Users/dharamkar.1/Library/CloudStorage/OneDrive-TheOhioStateUniversity/VSCode_image_processing_project/data/Step2_output/enhanced_sample_field/77.jpg,77,6.72,12.25,1
78.jpg,78,143.7710061,119.787229,76.16256776,144.0,120.0,76,19.30187739,135.5762516,143.7710061,19,121,144.0,0.477405661,0.477366275,2341.944907,0.006782469,0.02785506,14.64672957,1.70138529,0.512860037,2.120671175,1.502242843,51.62805405,3.210325343,27.38452917,51.62805405,18.36969865,31.9193391,0.194632556,0.198155762,0.096647799,/Users/dharamkar.1/Library/CloudStorage/OneDrive-TheOhioStateUniversity/VSCode_image_processing_project/data/Step2_output/enhanced_sample_field/78.jpg,78,6.72,12.25,1
79.jpg,79,147.933514,124.598015,81.80482701,149.0,125.0,82,19.37625558,128.3770528,147.933514,19,114,149.0,0.495966352,0.497502353,2534.532952,0.006645943,0.026155158,14.700802,1.753129883,0.511007625,2.10401318,1.464567858,53.45211825,2.906988049,26.65886839,53.45211825,17.81389848,31.66558762,0.209996314,0.214626093,0.10978057,/Users/dharamkar.1/Library/CloudStorage/OneDrive-TheOhioStateUniversity/VSCode_image_processing_project/data/Step2_output/enhanced_sample_field/79.jpg,79,6.72,12.25,1
80.jpg,80,151.1367785,128.3945113,78.41739078,152.0,129.0,79,20.7294324,129.4386559,151.1367785,21,122,152.0,0.508328991,0.510346275,1371.75999,0.008893739,0.035869976,13.95919457,1.635421911,0.682839252,1.912590403,2.161013289,54.75265043,1.791276582,30.24916119,54.75265043,17.85726293,35.73069915,0.219494114,0.22691028,0.105080049,/Users/dharamkar.1/Library/CloudStorage/OneDrive-TheOhioStateUniversity/VSCode_image_processing_project/data/Step2_output/enhanced_sample_field/80.jpg,80,1.18,7.07,1
81.jpg,81,159.659379,135.308813,81.56144372,161.0,137.0,83,20.77909758,132.0314094,159.659379,21,123,161.0,0.535718129,0.542031373,1694.585122,0.008457533,0.031825528,14.09683903,1.631639201,0.675181432,1.90705552,2.409024813,57.51758801,1.942527159,32.19194576,57.51758801,19.19711402,38.25692015,0.246433959,0.254565639,0.115087234,/Users/dharamkar.1/Library/CloudStorage/OneDrive-TheOhioStateUniversity/VSCode_image_processing_project/data/Step2_output/enhanced_sample_field/81.jpg,81,1.18,7.07,1
82.jpg,82,159.744898,135.2384208,80.60829879,161.0,137.0,82,20.84267379,133.5554847,159.744898,21,125,161.0,0.535322413,0.541153333,1667.477779,0.00849781,0.031887559,14.08399892,1.661898657,0.673267459,1.898141765,2.440508456,57.49331139,1.923908968,32.67596585,57.49331139,19.36677751,38.71972194,0.246148256,0.254313538,0.11317784,/Users/dharamkar.1/Library/CloudStorage/OneDrive-TheOhioStateUniversity/VSCode_image_processing_project/data/Step2_output/enhanced_sample_field/82.jpg,82,1.18,7.07,1
83.jpg,83,155.5149673,130.4191645,86.11941964,158.0,133.0,88,19.12039621,123.3625239,155.5149673,19,113,158.0,0.519835337,0.529559412,1593.162336,0.007806648,0.03414744,14.2940207,1.782452366,0.57439807,2.138867508,1.726621592,55.85838628,3.37222302,27.51209058,55.85838628,19.12078465,32.94638637,0.23340237,0.237715999,0.121857862,/Users/dharamkar.1/Library/CloudStorage/OneDrive-TheOhioStateUniversity/VSCode_image_processing_project/data/Step2_output/enhanced_sample_field/83.jpg,83,3.11,14.96,1
84.jpg,84,152.4481425,129.5007175,88.92566167,155.0,132.0,91,19.11567283,114.5354951,152.4481425,19,105,155.0,0.515496407,0.525206275,1542.075232,0.00808515,0.034490628,14.19813227,1.772374578,0.561433053,2.13845283,1.705720459,55.3519736,2.892384109,25.23561937,55.3519736,17.34268123,30.58559371,0.227498317,0.232725517,0.1272586,/Users/dharamkar.1/Library/CloudStorage/OneDrive-TheOhioStateUniversity/VSCode_image_processing_project/data/Step2_output/enhanced_sample_field/84.jpg,84,3.11,14.96,1
85.jpg,85,152.3059232,129.6948541,87.30426897,156.0,134.0,90,19.54544005,119.60511,152.3059232,20,108,156.0,0.515464098,0.53053451,1991.788457,0.0074176,0.029592971,14.43392979,1.860562101,0.503640162,2.075970204,1.694390704,55.36297574,2.534208849,26.1513633,55.36297574,17.23580338,31.61376513,0.226815829,0.232833189,0.123789391,/Users/dharamkar.1/Library/CloudStorage/OneDrive-TheOhioStateUniversity/VSCode_image_processing_project/data/Step2_output/enhanced_sample_field/85.jpg,85,3.11,14.96,1
86.jpg,86,155.6067243,138.2521724,97.58185188,157.0,139.0,99,21.17006138,99.69529257,155.6067243,21,95,157.0,0.545128175,0.549353725,1465.669503,0.00921156,0.033280283,13.86428058,1.692642811,0.515442098,1.856040269,1.76239758,58.18205453,0.370584576,24.18840747,58.18205453,13.43267862,30.4593987,0.249442334,0.261530657,0.151828458,/Users/dharamkar.1/Library/CloudStorage/OneDrive-TheOhioStateUniversity/VSCode_image_processing_project/data/Step2_output/enhanced_sample_field/86.jpg,86,1.38,2.73,1
87.jpg,87,153.4893575,136.7697505,97.76584423,155.0,138.0,99,21.09687899,97.55618224,153.4893575,21,92,155.0,0.539256805,0.545997647,1608.946088,0.009005812,0.031180978,13.92134858,1.878120628,0.475379975,1.860070067,1.625447345,57.58271489,0.331562285,23.25533447,57.58271489,12.89902187,29.34244788,0.243362229,0.255242773,0.151388508,/Users/dharamkar.1/Library/CloudStorage/OneDrive-TheOhioStateUniversity/VSCode_image_processing_project/data/Step2_output/enhanced_sample_field/87.jpg,87,1.38,2.73,1
88.jpg,88,158.2756696,138.4934232,90.26919244,160.0,140.0,92,21.38032127,114.471321,158.2756696,21,109,160.0,0.545961504,0.55154902,1384.649504,0.009678148,0.034993039,13.75343567,1.677988003,0.556322348,1.821885192,2.130419545,58.37703593,0.500428019,28.52628432,58.37703593,15.59406153,35.08350255,0.251717381,0.263598317,0.134923015,/Users/dharamkar.1/Library/CloudStorage/OneDrive-TheOhioStateUniversity/VSCode_image_processing_project/data/Step2_output/enhanced_sample_field/88.jpg,88,1.48,5.1,1
89.jpg,89,166.3104074,147.794304,100.9580676,168.0,149.0,102,21.64588648,104.5440051,166.3104074,22,99,168.0,0.581772876,0.586843137,1535.263173,0.009122494,0.032577345,13.90486492,1.648348861,0.477631525,1.791789651,2.021038532,61.82280745,-0.016207583,27.30332519,61.82280745,14.57301826,34.55754161,0.286960536,0.301958121,0.166144289,/Users/dharamkar.1/Library/CloudStorage/OneDrive-TheOhioStateUniversity/VSCode_image_processing_project/data/Step2_output/enhanced_sample_field/89.jpg,89,1.48,5.1,1
90.jpg,90,164.5072545,146.3384287,99.95725048,166.0,148.0,102,21.70770886,104.3771923,164.5072545,22,99,166.0,0.575902828,0.582118039,1430.982323,0.00932945,0.032912516,13.83534705,1.63439374,0.48756281,1.784898563,2.011094705,61.2458921,-0.08768979,27.06373152,61.2458921,14.31513745,34.20907061,0.280444833,0.295292361,0.162647573,/Users/dharamkar.1/Library/CloudStorage/OneDrive-TheOhioStateUniversity/VSCode_image_processing_project/data/Step2_output/enhanced_sample_field/90.jpg,90,1.48,5.1,1
91.jpg,91,159.6640027,140.8299187,98.44913903,163.0,144.0,102,20.83139349,105.2404735,159.6640027,21,96,163.0,0.555986303,0.568425882,1608.266276,0.008035827,0.032634979,14.21993133,1.67803279,0.464807857,1.892723541,1.536643874,59.27856144,0.747004349,25.22523606,59.27856144,14.54098008,31.70427702,0.261561855,0.27330021,0.155608724,/Users/dharamkar.1/Library/CloudStorage/OneDrive-TheOhioStateUniversity/VSCode_image_processing_project/data/Step2_output/enhanced_sample_field/91.jpg,91,2.12,5.56,1
92.jpg,92,151.4877033,133.9027224,94.68871572,154.0,137.0,98,20.73666693,105.2407924,151.4877033,21,94,154.0,0.528675298,0.540059216,1941.737248,0.007407354,0.029971294,14.42378686,1.884743548,0.403303266,1.901642874,1.366757863,56.55618654,0.705551708,23.57987407,56.55618654,13.514467,29.45656766,0.234165985,0.244708682,0.142392268,/Users/dharamkar.1/Library/CloudStorage/OneDrive-TheOhioStateUniversity/VSCode_image_processing_project/data/Step2_output/enhanced_sample_field/92.jpg,92,2.12,5.56,1
93.jpg,93,153.7695313,135.2003548,91.778978,155.0,136.0,93,21.19622927,108.5104432,153.7695313,21,102,155.0,0.533394602,0.537008627,1604.215827,0.008966264,0.031834607,13.94340743,1.411239401,0.586553123,1.856984266,1.774299238,57.07656221,0.591875319,25.92480505,57.07656221,14.46141972,32.08993785,0.238970706,0.250011714,0.136386774,/Users/dharamkar.1/Library/CloudStorage/OneDrive-TheOhioStateUniversity/VSCode_image_processing_project/data/Step2_output/enhanced_sample_field/93.jpg,93,1.32,2.37,1
94.jpg,94,159.4185467,140.9376196,98.04567921,161.0,143.0,100,21.12374442,103.4165737,159.4185467,21,97,161.0,0.555969834,0.562510196,1758.296164,0.008713524,0.030007168,14.01511127,1.484967154,0.524094928,1.863289422,1.772010979,59.27752484,0.535216048,25.44259648,59.27752484,14.33286544,31.98207296,0.261040427,0.27328892,0.1546324,/Users/dharamkar.1/Library/CloudStorage/OneDrive-TheOhioStateUniversity/VSCode_image_processing_project/data/Step2_output/enhanced_sample_field/94.jpg,94,1.32,2.37,1
95.jpg,95,153.835499,136.3861607,95.17530293,156.0,139.0,97,21.24493782,103.3486926,153.835499,21,96,156.0,0.537736636,0.545997647,1524.702234,0.008694589,0.03195892,14.02222178,1.565717142,0.481726955,1.84794967,1.690854317,57.46458256,0.367878685,24.54894758,57.46458256,13.54243441,30.73030642,0.242276474,0.254015418,0.144919745,/Users/dharamkar.1/Library/CloudStorage/OneDrive-TheOhioStateUniversity/VSCode_image_processing_project/data/Step2_output/enhanced_sample_field/95.jpg,95,2.2,4.33,1
96.jpg,96,157.351144,140.5309311,100.482382,160.0,143.0,103,21.26520647,98.1301419,157.351144,21,91,160.0,0.553795004,0.56504,1679.813701,0.008441134,0.031372193,14.10156579,1.832337705,0.441019034,1.842440261,1.607494609,59.01651041,0.197015684,23.71183199,59.01651041,13.01780488,30.10414382,0.257530473,0.270455991,0.160396419,/Users/dharamkar.1/Library/CloudStorage/OneDrive-TheOhioStateUniversity/VSCode_image_processing_project/data/Step2_output/enhanced_sample_field/96.jpg,96,2.2,4.33,1
97.jpg,97,157.8844467,142.6561304,101.4842554,160.0,145.0,104,21.97050383,97.49057318,157.8844467,22,90,160.0,0.560484923,0.570100392,1678.68716,0.008187089,0.030228298,14.15149804,1.702486441,0.380015542,1.743809911,1.512366703,59.66152003,-0.632112508,24.02142588,59.66152003,12.00786055,30.71189697,0.262217626,0.27749248,0.164080057,/Users/dharamkar.1/Library/CloudStorage/OneDrive-TheOhioStateUniversity/VSCode_image_processing_project/data/Step2_output/enhanced_sample_field/97.jpg,97,1.49,2.79,1
98.jpg,98,162.5595105,147.1885762,107.3423748,166.0,151.0,111,21.7234933,92.91430166,162.5595105,22,85,166.0,0.578752897,0.592796471,1900.849896,0.007944389,0.028501807,14.24365562,1.870556123,0.351639837,1.776247958,1.452527188,61.42573089,-0.448349793,23.20609535,61.42573089,11.99854164,30.02966401,0.281493816,0.297359607,0.182573472,/Users/dharamkar.1/Library/CloudStorage/OneDrive-TheOhioStateUniversity/VSCode_image_processing_project/data/Step2_output/enhanced_sample_field/98.jpg,98,1.49,2.79,1
99.jpg,99,146.388074,128.0166614,88.94581075,148.0,130.0,90,20.38920998,112.0770289,146.388074,20,100,148.0,0.506288542,0.512623137,2274.733404,0.006973674,0.028345005,14.57476823,1.748453829,0.412685044,1.949176247,1.337202768,54.3549626,1.140892245,23.80585106,54.3549626,14.07189443,29.23138171,0.214457442,0.223105482,0.126132768,/Users/dharamkar.1/Library/CloudStorage/OneDrive-TheOhioStateUniversity/VSCode_image_processing_project/data/Step2_output/enhanced_sample_field/99.jpg,99,6.72,5.68,1
100.jpg,100,143.4782964,126.6409638,91.53675064,144.0,127.0,92,20.24164939,104.0108219,143.4782964,20,92,144.0,0.500736797,0.504021176,2355.142937,0.006919558,0.026369632,14.59769638,1.84246081,0.392550808,1.96912629,1.20900723,53.74363596,1.005805465,21.48224242,53.74363596,12.7606842,26.64406541,0.20865562,0.217340062,0.131124743,/Users/dharamkar.1/Library/CloudStorage/OneDrive-TheOhioStateUniversity/VSCode_image_processing_project/data/Step2_output/enhanced_sample_field/100.jpg,100,6.72,5.68,1
101.jpg,101,162.5590123,141.8915218,92.29725367,164.0,144.0,94,21.24043367,116.2724809,162.5590123,21,109,164.0,0.559637713,0.566387059,1722.391436,0.008634946,0.030692349,14.03987337,1.722036707,0.517935117,1.835234644,2.035033189,59.73745623,0.665066365,29.25144713,59.73745623,16.27576068,36.08044152,0.266163302,0.278328818,0.141608404,/Users/dharamkar.1/Library/CloudStorage/OneDrive-TheOhioStateUniversity/VSCode_image_processing_project/data/Step2_output/enhanced_sample_field/101.jpg,101,1.18,3.91,1
102.jpg,102,164.9670759,145.0447026,96.68476961,167.0,147.0,99,21.34893176,111.4954959,164.9670759,21,104,167.0,0.571731199,0.580681569,1951.113889,0.008338599,0.027434933,14.12308836,1.642962996,0.478114982,1.825475674,1.904649838,60.88618503,0.43670437,28.39024087,60.88618503,15.65664464,35.4554699,0.277859407,0.291186321,0.15385972,/Users/dharamkar.1/Library/CloudStorage/OneDrive-TheOhioStateUniversity/VSCode_image_processing_project/data/Step2_output/enhanced_sample_field/102.jpg,102,1.18,3.91,1
103.jpg,103,165.0045041,144.9208187,88.92562181,168.0,148.0,92,22.1491749,127.5933115,165.0045041,22,116,168.0,0.569220973,0.582326275,2642.350697,0.007265887,0.024945569,14.49627251,1.462851529,0.444325601,1.719392946,2.013245399,60.73542044,-0.32848976,32.39009411,60.73542044,16.24950699,39.68541103,0.274320004,0.289476733,0.135746199,/Users/dharamkar.1/Library/CloudStorage/OneDrive-TheOhioStateUniversity/VSCode_image_processing_project/data/Step2_output/enhanced_sample_field/103.jpg,103,1.18,3.91,1
104.jpg,104,155.2989278,135.3960858,92.49356266,159.0,139.0,95,20.51281489,111.5825694,155.2989278,20,102,159.0,0.535420266,0.548467843,1636.758708,0.008031837,0.033434017,14.22387203,1.574969553,0.507947568,1.930645957,1.707694413,57.28842806,1.216787274,25.83328353,57.28842806,15.34525363,31.90987067,0.242482004,0.25219255,0.138263094,/Users/dharamkar.1/Library/CloudStorage/OneDrive-TheOhioStateUniversity/VSCode_image_processing_project/data/Step2_output/enhanced_sample_field/104.jpg,104,3.11,10.48,1
105.jpg,105,153.9855309,135.8664102,96.14704241,157.0,139.0,99,20.62183115,103.6583426,153.9855309,21,94,157.0,0.536678263,0.548788235,1692.451834,0.007946936,0.031593517,14.25445723,1.807940808,0.43857271,1.91682074,1.532240433,57.35447998,0.841572395,23.86476567,57.35447998,13.90229358,29.8752658,0.242274442,0.252875038,0.147034686,/Users/dharamkar.1/Library/CloudStorage/OneDrive-TheOhioStateUniversity/VSCode_image_processing_project/data/Step2_output/enhanced_sample_field/105.jpg,105,3.11,10.48,1
106.jpg,106,163.0736408,140.7882454,89.21348852,168.0,145.0,93,21.02148438,128.0471939,163.0736408,21,114,168.0,0.556099419,0.573656863,2282.96921,0.006988887,0.027498165,14.59998102,1.550934179,0.465347175,1.874844239,1.850898298,59.44139858,1.158815375,30.55683042,59.44139858,17.54532187,37.2516365,0.264258143,0.275077599,0.134131195,/Users/dharamkar.1/Library/CloudStorage/OneDrive-TheOhioStateUniversity/VSCode_image_processing_project/data/Step2_output/enhanced_sample_field/106.jpg,106,3.11,10.48,1
107.jpg,107,149.5976762,128.3056242,80.61722736,151.0,129.0,81,20.79366629,125.2176738,149.5976762,21,117,151.0,0.507419027,0.510926667,1589.967229,0.008711834,0.032592263,14.01040364,1.706675437,0.643666737,1.894922754,1.904631341,54.60942698,1.403167993,28.83063551,54.60942698,16.68024869,34.38866094,0.217342904,0.225535076,0.109157617,/Users/dharamkar.1/Library/CloudStorage/OneDrive-TheOhioStateUniversity/VSCode_image_processing_project/data/Step2_output/enhanced_sample_field/107.jpg,107,1.38,0.75,1
108.jpg,108,157.8910435,134.7459343,81.60343591,159.0,136.0,83,21.02935666,131.2047393,157.8910435,21,122,159.0,0.532677239,0.538362745,1762.504825,0.008276452,0.030429136,14.14699994,1.664629284,0.625789139,1.872814607,2.323044987,57.19172942,1.494528707,31.72397347,57.19172942,18.30283842,37.81529523,0.24216314,0.251195618,0.114744903,/Users/dharamkar.1/Library/CloudStorage/OneDrive-TheOhioStateUniversity/VSCode_image_processing_project/data/Step2_output/enhanced_sample_field/108.jpg,108,1.38,0.75,1
109.jpg,109,167.2584702,140.2773238,79.34749681,170.0,143.0,82,20.82393973,143.8741231,167.2584702,21,133,170.0,0.555363831,0.566625098,2037.126541,0.007578458,0.028999188,14.38394523,1.85266416,0.602567973,1.889963752,2.444139709,59.57305946,2.265282355,36.07479654,59.57305946,21.50578071,42.39923865,0.268345633,0.276520316,0.113854164,/Users/dharamkar.1/Library/CloudStorage/OneDrive-TheOhioStateUniversity/VSCode_image_processing_project/data/Step2_output/enhanced_sample_field/109.jpg,109,1.38,0.75,1
110.jpg,110,161.2184511,138.3851244,86.30693957,163.0,140.0,88,20.98834104,124.314194,161.2184511,21,118,163.0,0.546989683,0.553483529,1501.835042,0.009146275,0.032994128,13.89363555,1.602981956,0.636438684,1.878174235,2.470900447,58.56999301,1.389518588,30.98665856,58.56999301,17.98378486,37.43970574,0.255786146,0.265655211,0.126468735,/Users/dharamkar.1/Library/CloudStorage/OneDrive-TheOhioStateUniversity/VSCode_image_processing_project/data/Step2_output/enhanced_sample_field/110.jpg,110,1.48,0.71,1
111.jpg,111,161.0831075,138.1767977,86.37352519,163.0,140.0,88,20.94399713,123.8296596,161.0831075,21,117,163.0,0.546311265,0.552918039,1459.420544,0.009327237,0.033446351,13.84464673,1.655316185,0.630126206,1.885574812,2.507582144,58.50168434,1.454161727,30.86136025,58.50168434,18.01907704,37.28622468,0.255240297,0.264925832,0.126497994,/Users/dharamkar.1/Library/CloudStorage/OneDrive-TheOhioStateUniversity/VSCode_image_processing_project/data/Step2_output/enhanced_sample_field/111.jpg,111,1.48,0.71,1
112.jpg,112,163.3921795,141.8009805,92.72811703,165.0,143.0,94,20.91270727,115.4814453,163.3921795,21,110,165.0,0.560199831,0.565813725,1476.779048,0.009234286,0.033694538,13.87280156,1.661711267,0.582901449,1.88202416,2.205087109,59.79966964,1.11678797,29.11274761,59.79966964,16.88639339,35.85909333,0.267924386,0.279015269,0.142642107,/Users/dharamkar.1/Library/CloudStorage/OneDrive-TheOhioStateUniversity/VSCode_image_processing_project/data/Step2_output/enhanced_sample_field/112.jpg,112,1.48,0.71,1
113.jpg,113,163.692343,142.0743981,92.77626754,165.0,143.0,94,20.94365832,115.816207,163.692343,21,110,165.0,0.561230652,0.565866275,1489.563981,0.009167272,0.033554321,13.89411202,1.660277943,0.556988726,1.878853069,2.283885692,59.90276163,1.098185571,29.22492387,59.90276163,16.9178601,36.00010825,0.268969589,0.28015525,0.142918516,/Users/dharamkar.1/Library/CloudStorage/OneDrive-TheOhioStateUniversity/VSCode_image_processing_project/data/Step2_output/enhanced_sample_field/113.jpg,113,1.48,0.71,1
114.jpg,114,159.0136121,139.2051778,94.53045281,163.0,143.0,98,20.86981824,112.1412428,159.0136121,21,102,163.0,0.549778127,0.563294902,1770.818986,0.007818344,0.030829637,14.29714373,1.527022716,0.476172354,1.890274001,1.621264421,58.71035714,0.907451009,26.63195384,58.71035714,15.37451073,33.08449466,0.256078523,0.267158176,0.145196157,/Users/dharamkar.1/Library/CloudStorage/OneDrive-TheOhioStateUniversity/VSCode_image_processing_project/data/Step2_output/enhanced_sample_field/114.jpg,114,2.12,0.85,1
115.jpg,115,154.8213688,135.0846421,90.7799147,158.0,138.0,93,20.82368064,113.3713728,154.8213688,21,104,158.0,0.533664022,0.544248627,1475.586243,0.008326611,0.035031775,14.12675376,1.533634587,0.517783459,1.894568553,1.706146553,57.12901108,0.986637899,26.56555909,57.12901108,15.32661651,32.69755369,0.240383865,0.250550419,0.134148973,/Users/dharamkar.1/Library/CloudStorage/OneDrive-TheOhioStateUniversity/VSCode_image_processing_project/data/Step2_output/enhanced_sample_field/115.jpg,115,2.12,0.85,1
116.jpg,116,149.1075614,129.1306999,85.20591518,150.0,130.0,86,20.6682677,114.0396006,149.1075614,21,109,150.0,0.510622769,0.514580392,1174.193486,0.010195877,0.037149444,13.59067464,1.381200628,0.718424307,1.911024027,1.894786755,54.86032532,1.23617671,26.6056672,54.86032532,15.50386649,32.23657376,0.219298868,0.227947828,0.118794995,/Users/dharamkar.1/Library/CloudStorage/OneDrive-TheOhioStateUniversity/VSCode_image_processing_project/data/Step2_output/enhanced_sample_field/116.jpg,116,1.32,0.69,1
117.jpg,117,148.1776945,128.9317203,86.10754145,149.0,130.0,87,20.83773119,112.1972058,148.1776945,21,106,149.0,0.509544575,0.514059608,1360.744875,0.009733366,0.034455273,13.71764533,1.388994275,0.679101094,1.899938123,1.764519586,54.73034825,1.052342556,25.91799804,54.73034825,14.9235735,31.53763185,0.217706462,0.226695773,0.12053212,/Users/dharamkar.1/Library/CloudStorage/OneDrive-TheOhioStateUniversity/VSCode_image_processing_project/data/Step2_output/enhanced_sample_field/117.jpg,117,1.32,0.69,1
118.jpg,118,169.5285993,144.8924585,88.94740513,172.0,148.0,91,20.98168447,129.2439015,169.5285993,21,120,172.0,0.572917647,0.582898824,2200.564502,0.007826273,0.028308876,14.30738083,1.602220735,0.568716715,1.882055171,2.438190383,61.162174,1.621064166,33.00757826,61.162174,19.45677411,39.99984468,0.2838655,0.294333299,0.136228947,/Users/dharamkar.1/Library/CloudStorage/OneDrive-TheOhioStateUniversity/VSCode_image_processing_project/data/Step2_output/enhanced_sample_field/118.jpg,118,1.32,0.69,1
119.jpg,119,146.5186344,126.8544723,84.98030931,148.0,128.0,86,20.43130182,112.8984176,146.5186344,20,107,148.0,0.502015606,0.506904902,1215.283292,0.009520354,0.035621967,13.770426,1.530621645,0.643483256,1.940580297,1.772668747,53.98061241,1.379245612,25.54194887,53.98061241,15.16114512,30.93498881,0.211563865,0.219563047,0.11711358,/Users/dharamkar.1/Library/CloudStorage/OneDrive-TheOhioStateUniversity/VSCode_image_processing_project/data/Step2_output/enhanced_sample_field/119.jpg,119,2.2,0.87,1
120.jpg,120,147.8927176,128.1778739,86.07780612,150.0,130.0,87,20.46767379,112.4697266,147.8927176,20,106,150.0,0.507183778,0.513479216,1225.275404,0.0094231,0.037301905,13.79719613,1.533206787,0.646225765,1.937786817,1.799261986,54.49576977,1.351509345,25.62439845,54.49576977,15.20428125,31.12820695,0.216190057,0.224447723,0.120115219,/Users/dharamkar.1/Library/CloudStorage/OneDrive-TheOhioStateUniversity/VSCode_image_processing_project/data/Step2_output/enhanced_sample_field/120.jpg,120,2.2,0.87,1
121.jpg,121,154.1804648,133.3738042,88.92558195,156.0,135.0,91,20.45529735,114.8155891,154.1804648,20,107,156.0,0.527805893,0.534753725,1568.484005,0.008675138,0.032091513,14.02627958,1.541092055,0.596154124,1.937057556,1.89194546,56.57154603,1.456106385,26.85539126,56.57154603,16.09047509,32.79771015,0.236001277,0.244864123,0.129153436,/Users/dharamkar.1/Library/CloudStorage/OneDrive-TheOhioStateUniversity/VSCode_image_processing_project/data/Step2_output/enhanced_sample_field/121.jpg,121,2.2,0.87,1
122.jpg,122,147.782665,130.0008171,90.08998326,150.0,132.0,92,20.83045679,106.3083546,147.782665,21,98,150.0,0.51334074,0.521337255,1439.286535,0.008762462,0.033601658,13.97084294,1.645589593,0.502062023,1.893994396,1.581913066,55.05351961,0.757029887,24.10742788,55.05351961,13.71467054,29.75317239,0.220058294,0.229817353,0.129669365,/Users/dharamkar.1/Library/CloudStorage/OneDrive-TheOhioStateUniversity/VSCode_image_processing_project/data/Step2_output/enhanced_sample_field/122.jpg,122,1.49,0.62,1
123.jpg,123,161.6867626,140.7984694,93.73226244,164.0,143.0,96,20.85347577,115.0657486,161.6867626,21,105,164.0,0.556250032,0.565828627,1738.651325,0.007960856,0.031268191,14.2285217,1.575493286,0.494106523,1.890055636,1.7273307,59.38259837,1.062030198,27.99360842,59.38259837,16.27099836,34.62017965,0.263408228,0.274434901,0.144334109,/Users/dharamkar.1/Library/CloudStorage/OneDrive-TheOhioStateUniversity/VSCode_image_processing_project/data/Step2_output/enhanced_sample_field/123.jpg,123,1.49,0.62,1
124.jpg,124,159.5556043,141.0300941,99.35307717,162.0,144.0,102,20.89756059,102.230967,159.5556043,21,95,162.0,0.556713145,0.567525098,1645.237388,0.00849965,0.032551639,14.0630844,1.613318936,0.509847173,1.890856319,1.621869759,59.33829977,0.700945766,24.80201041,59.33829977,14.28172488,31.26103612,0.262072326,0.27395137,0.157969857,/Users/dharamkar.1/Library/CloudStorage/OneDrive-TheOhioStateUniversity/VSCode_image_processing_project/data/Step2_output/enhanced_sample_field/124.jpg,124,1.49,0.62,1
125.jpg,125,145.5165617,126.0551658,86.58914621,147.0,127.0,87,20.04617746,115.1855469,145.5165617,20,103,147.0,0.49939299,0.502562745,2085.757527,0.007104002,0.028634109,14.52127691,1.725176014,0.449366704,1.993299958,1.411144848,53.69109225,1.591170345,24.24345798,53.69109225,14.86019389,29.48460542,0.209401302,0.216849211,0.120091048,/Users/dharamkar.1/Library/CloudStorage/OneDrive-TheOhioStateUniversity/VSCode_image_processing_project/data/Step2_output/enhanced_sample_field/125.jpg,125,6.72,1.03,1
126.jpg,126,139.8386679,122.0569595,86.11810427,141.0,123.0,87,20.00462372,109.9255022,139.8386679,20,98,141.0,0.483311298,0.486653333,2127.348495,0.007158459,0.028821339,14.49823598,1.839764918,0.420091446,1.997540457,1.297058266,52.02784413,1.366310334,22.21779936,52.02784413,13.479766,27.08096871,0.194393354,0.201690831,0.116955951,/Users/dharamkar.1/Library/CloudStorage/OneDrive-TheOhioStateUniversity/VSCode_image_processing_project/data/Step2_output/enhanced_sample_field/126.jpg,126,6.72,1.03,1
127.jpg,127,146.7417092,126.766183,86.77975526,149.0,128.0,88,19.94658801,117.5979751,146.7417092,20,104,149.0,0.502462592,0.509036863,2356.819787,0.006831219,0.02710202,14.63280204,1.722300305,0.447143738,2.011220242,1.435159221,54.00902139,1.73762534,24.57517204,54.00902139,15.24824389,29.86435729,0.212572593,0.219830553,0.12090588,/Users/dharamkar.1/Library/CloudStorage/OneDrive-TheOhioStateUniversity/VSCode_image_processing_project/data/Step2_output/enhanced_sample_field/127.jpg,127,6.72,1.03,1
128.jpg,128,162.5983937,140.1209742,88.84454719,164.0,142.0,90,20.99593431,122.4063098,162.5983937,21,115,164.0,0.553727041,0.559778627,1891.465347,0.008390238,0.029276749,14.11031709,1.655881954,0.586882772,1.878014269,2.264788022,59.21019793,1.286115895,30.45290319,59.21019793,17.66624853,37.06990576,0.262152075,0.272556301,0.132943104,/Users/dharamkar.1/Library/CloudStorage/OneDrive-TheOhioStateUniversity/VSCode_image_processing_project/data/Step2_output/enhanced_sample_field/128.jpg,128,1.18,0.68,1
129.jpg,129,163.5931322,140.8216677,88.41196987,165.0,142.0,90,21.04185268,123.6192203,163.5931322,21,116,165.0,0.556399469,0.561579608,1792.423447,0.008510947,0.029779125,14.07374633,1.630204366,0.58637656,1.870210174,2.30591355,59.48837192,1.277206697,31.06040883,59.48837192,17.94193993,37.74502209,0.265038385,0.275591748,0.132429672,/Users/dharamkar.1/Library/CloudStorage/OneDrive-TheOhioStateUniversity/VSCode_image_processing_project/data/Step2_output/enhanced_sample_field/129.jpg,129,1.18,0.68,1
130.jpg,130,155.6548948,133.4512117,83.25697545,157.0,134.0,84,20.93259726,125.1421795,155.6548948,21,118,157.0,0.52764898,0.53053451,1659.050428,0.008891903,0.031510872,13.96226278,1.78743251,0.637581082,1.886178619,2.221075233,56.64620478,1.421701712,30.09330336,56.64620478,17.45332589,36.10341878,0.236649351,0.245620621,0.117278014,/Users/dharamkar.1/Library/CloudStorage/OneDrive-TheOhioStateUniversity/VSCode_image_processing_project/data/Step2_output/enhanced_sample_field/130.jpg,130,1.18,0.68,1
131.jpg,131,158.6738481,137.9236089,96.46623884,161.0,141.0,99,19.96651786,106.7639509,158.6738481,20,99,161.0,0.546446895,0.556895294,1506.372217,0.00850084,0.034343964,14.08609769,1.621416524,0.545323066,2.002916815,1.876385358,58.36485445,1.707570992,25.10279735,58.36485445,15.81392154,31.22450345,0.254442669,0.263468822,0.149211965,/Users/dharamkar.1/Library/CloudStorage/OneDrive-TheOhioStateUniversity/VSCode_image_processing_project/data/Step2_output/enhanced_sample_field/131.jpg,131,3.11,0.98,1
132.jpg,132,157.7781808,135.6442722,90.61619101,161.0,139.0,93,20.14128268,117.2641901,157.7781808,20,107,161.0,0.537651777,0.549056078,1651.377903,0.007994075,0.032725103,14.24071496,1.662772375,0.543357615,1.987969645,1.869011999,57.56394474,1.915228755,27.27597767,57.56394474,17.04010632,33.34131666,0.246834204,0.255047494,0.134308638,/Users/dharamkar.1/Library/CloudStorage/OneDrive-TheOhioStateUniversity/VSCode_image_processing_project/data/Step2_output/enhanced_sample_field/132.jpg,132,3.11,0.98,1
133.jpg,133,159.5723852,137.9953962,94.12201052,163.0,141.0,97,20.12701291,112.8608299,159.5723852,20,103,163.0,0.546734256,0.558283137,1666.793822,0.007990277,0.031925037,14.24721606,1.694921248,0.536975799,1.987684729,1.770446405,58.43046814,1.769498188,26.50221808,58.43046814,16.55382259,32.72365968,0.255260166,0.26416683,0.143697226,/Users/dharamkar.1/Library/CloudStorage/OneDrive-TheOhioStateUniversity/VSCode_image_processing_project/data/Step2_output/enhanced_sample_field/133.jpg,133,3.11,0.98,1
134.jpg,134,142.1470225,117.559092,68.15519372,142.0,117.0,67,20.15324059,142.3399833,142.1470225,20,134,142.0,0.467537279,0.466070196,1699.650685,0.008440006,0.030115556,14.1048234,1.913149955,0.709954982,1.999197494,1.83766853,50.73085912,2.945244051,30.64861096,50.73085912,19.21811355,34.82768068,0.186559662,0.190373363,0.081840515,/Users/dharamkar.1/Library/CloudStorage/OneDrive-TheOhioStateUniversity/VSCode_image_processing_project/data/Step2_output/enhanced_sample_field/134.jpg,134,1.38,19.4,1
135.jpg,135,152.7097816,128.6840721,80.52144452,154.0,130.0,81,20.08882733,129.884646,152.7097816,20,120,154.0,0.511047098,0.515145882,2061.914898,0.007763457,0.027497209,14.3203678,1.825961098,0.635820193,2.002925289,1.948217964,55.02034315,2.532820494,29.46864507,55.02034315,18.64730249,34.88586132,0.223587904,0.229495583,0.109406175,/Users/dharamkar.1/Library/CloudStorage/OneDrive-TheOhioStateUniversity/VSCode_image_processing_project/data/Step2_output/enhanced_sample_field/135.jpg,135,1.38,19.4,1
136.jpg,136,151.5737006,126.3138951,77.97612404,152.0,127.0,79,19.80871333,130.7357302,151.5737006,20,123,152.0,0.502731178,0.505330588,1521.290299,0.009121462,0.03274847,13.91683637,2.004377501,0.737041264,2.046535195,2.071200376,54.22518087,3.110723618,29.83606423,54.22518087,19.56225034,34.93713468,0.217452369,0.22187309,0.103383709,/Users/dharamkar.1/Library/CloudStorage/OneDrive-TheOhioStateUniversity/VSCode_image_processing_project/data/Step2_output/enhanced_sample_field/136.jpg,136,1.48,19.86,1
137.jpg,137,139.83524,116.7746931,72.40555246,140.0,117.0,73,19.71942761,130.1287468,139.83524,20,123,140.0,0.464611938,0.465817255,1351.4791,0.009675404,0.034438771,13.76246221,1.500366676,0.779897387,2.041800905,1.634844986,50.34076441,2.79846354,27.7624632,50.34076441,17.78281239,32.05904609,0.183060454,0.187054192,0.088449836,/Users/dharamkar.1/Library/CloudStorage/OneDrive-TheOhioStateUniversity/VSCode_image_processing_project/data/Step2_output/enhanced_sample_field/137.jpg,137,1.48,19.86,1
138.jpg,138,162.5911193,131.3907645,73.97700096,165.0,133.0,75,19.30309311,147.3547712,162.5911193,19,138,165.0,0.525024735,0.532118824,1908.893918,0.00824657,0.029816234,14.17995336,1.778269596,0.801391212,2.092297325,2.684679829,56.66070007,4.694625497,35.25308929,56.66070007,24.46154548,40.31953844,0.24425751,0.245767678,0.099298964,/Users/dharamkar.1/Library/CloudStorage/OneDrive-TheOhioStateUniversity/VSCode_image_processing_project/data/Step2_output/enhanced_sample_field/138.jpg,138,1.48,19.86,1
139.jpg,139,140.0151865,119.4820233,84.80002392,140.0,120.0,85,18.78736846,110.4939015,140.0151865,19,101,140.0,0.475861758,0.47709098,1821.198451,0.007839946,0.030768837,14.3076545,1.838987967,0.531295366,2.200921351,1.471343686,51.31192834,2.749397725,22.02505101,51.31192834,15.29668032,26.48528858,0.191041965,0.195389908,0.113153859,/Users/dharamkar.1/Library/CloudStorage/OneDrive-TheOhioStateUniversity/VSCode_image_processing_project/data/Step2_output/enhanced_sample_field/139.jpg,139,2.12,5.03,1
140.jpg,140,140.9127272,118.3973214,78.82547433,141.0,118.0,78,18.98547114,126.0759327,140.9127272,19,114,141.0,0.471877314,0.471985882,2139.749359,0.007130735,0.029267006,14.54248657,1.651969045,0.531187878,2.171937212,1.439225864,50.99999877,3.048600366,25.02568001,50.99999877,17.04596415,29.4712153,0.189003755,0.192686113,0.100854274,/Users/dharamkar.1/Library/CloudStorage/OneDrive-TheOhioStateUniversity/VSCode_image_processing_project/data/Step2_output/enhanced_sample_field/140.jpg,140,2.12,5.03,1
141.jpg,141,139.0050223,118.1263154,78.47486846,139.0,118.0,78,19.55309311,124.4437779,139.0050223,20,112,139.0,0.469428123,0.46947098,2105.365871,0.00722146,0.029643673,14.51008876,1.693690938,0.511788518,2.079148649,1.398399945,50.7267285,2.329829661,24.83228047,50.7267285,15.90210884,29.35868665,0.185342683,0.190338013,0.099928431,/Users/dharamkar.1/Library/CloudStorage/OneDrive-TheOhioStateUniversity/VSCode_image_processing_project/data/Step2_output/enhanced_sample_field/141.jpg,141,2.12,5.03,1
142.jpg,142,149.114198,125.2862125,78.86910077,149.0,125.0,78,19.87723214,126.7342953,149.114198,20,121,149.0,0.498050924,0.496624314,1475.716388,0.009176656,0.03264376,13.89459794,1.839837709,0.725068336,2.028537183,1.898723427,53.71130401,2.711332035,28.64314521,53.71130401,18.41322505,33.73483009,0.211922811,0.217037937,0.104430526,/Users/dharamkar.1/Library/CloudStorage/OneDrive-TheOhioStateUniversity/VSCode_image_processing_project/data/Step2_output/enhanced_sample_field/142.jpg,142,1.32,1.81,1
143.jpg,143,154.6189214,129.4449936,81.40583147,155.0,130.0,82,19.76558514,129.0719667,154.6189214,20,121,155.0,0.515022862,0.516797647,1931.461103,0.008076235,0.028513916,14.22376804,2.12708749,0.674189688,2.049900773,1.94440503,55.43132484,3.026457398,29.54423996,55.43132484,19.45196136,34.95649601,0.228546614,0.233502829,0.111655879,/Users/dharamkar.1/Library/CloudStorage/OneDrive-TheOhioStateUniversity/VSCode_image_processing_project/data/Step2_output/enhanced_sample_field/143.jpg,143,1.32,1.81,1
144.jpg,144,153.6031768,128.9515705,81.79049745,154.0,129.0,82,19.76901307,127.4341916,153.6031768,20,119,154.0,0.512900876,0.514007451,1942.946128,0.008093188,0.028660356,14.2168291,1.966052385,0.667903791,2.04760352,1.938124613,55.20194934,2.904154771,29.02079764,55.20194934,19.02196783,34.41204161,0.226105407,0.231260619,0.112114399,/Users/dharamkar.1/Library/CloudStorage/OneDrive-TheOhioStateUniversity/VSCode_image_processing_project/data/Step2_output/enhanced_sample_field/144.jpg,144,1.32,1.81,1
145.jpg,145,150.2485651,128.0741191,85.42502392,153.0,130.0,87,19.69854114,119.5033482,150.2485651,20,109,153.0,0.50867133,0.517363137,1901.90643,0.007873587,0.030082189,14.29359986,1.68246066,0.582866175,2.046667236,1.793764552,54.68812407,2.348759151,26.28289775,54.68812407,16.95972973,31.65071162,0.220094309,0.22629002,0.118891497,/Users/dharamkar.1/Library/CloudStorage/OneDrive-TheOhioStateUniversity/VSCode_image_processing_project/data/Step2_output/enhanced_sample_field/145.jpg,145,2.2,4.12,1
146.jpg,146,142.839784,122.9769013,84.48180405,145.0,125.0,86,19.71546158,114.1105309,142.839784,20,104,145.0,0.48793046,0.495530196,1960.570267,0.007814883,0.029217905,14.31645959,1.781841732,0.54094422,2.03855517,1.632716426,52.5466725,1.933397722,23.88247459,52.5466725,15.08710729,28.82376815,0.199996075,0.206340826,0.114136648,/Users/dharamkar.1/Library/CloudStorage/OneDrive-TheOhioStateUniversity/VSCode_image_processing_project/data/Step2_output/enhanced_sample_field/146.jpg,146,2.2,4.12,1
147.jpg,147,150.3342235,127.2465322,81.21149554,153.0,129.0,83,20.02690529,127.8907844,150.3342235,20,117,153.0,0.50522957,0.513702353,1960.265455,0.007657868,0.029478713,14.35952676,1.736136272,0.593602456,2.010528662,1.85292807,54.40335332,2.384917258,28.25565804,54.40335332,17.84568451,33.57641873,0.217542358,0.22356616,0.109933734,/Users/dharamkar.1/Library/CloudStorage/OneDrive-TheOhioStateUniversity/VSCode_image_processing_project/data/Step2_output/enhanced_sample_field/147.jpg,147,2.2,4.12,1
148.jpg,148,145.015904,124.0925542,81.9744898,146.0,125.0,82,20.02357701,120.8449657,145.015904,20,111,146.0,0.492164916,0.494407059,1979.15591,0.00780453,0.028555589,14.30116183,1.550613346,0.595782694,1.997295801,1.629240326,53.02542006,1.946868148,25.9561604,53.02542006,16.07178282,31.05321107,0.204215815,0.210694504,0.109663932,/Users/dharamkar.1/Library/CloudStorage/OneDrive-TheOhioStateUniversity/VSCode_image_processing_project/data/Step2_output/enhanced_sample_field/148.jpg,148,1.49,2.36,1
149.jpg,149,149.4920679,127.7977519,83.8473573,150.0,128.0,84,20.08258929,121.1627471,149.4920679,20,112,150.0,0.506819493,0.509252157,1869.901085,0.007888931,0.029667451,14.26576638,1.646656396,0.600097101,1.990103023,1.696340307,54.512019,1.999624716,26.91818082,54.512019,16.71509495,32.33253407,0.217719715,0.224602964,0.11542255,/Users/dharamkar.1/Library/CloudStorage/OneDrive-TheOhioStateUniversity/VSCode_image_processing_project/data/Step2_output/enhanced_sample_field/149.jpg,149,1.49,2.36,1
150.jpg,150,132.4382374,110.6893335,76.7194874,131.0,109.0,75,18.23359774,121.9432797,132.4382374,18,110,131.0,0.442595097,0.435597647,2093.362828,0.007144491,0.030315309,14.52182269,1.774997062,0.482116342,2.30169801,1.290654952,47.97501516,3.535057934,22.11997784,47.97501516,16.13569623,25.81364802,0.165650182,0.167747951,0.09332684,/Users/dharamkar.1/Library/CloudStorage/OneDrive-TheOhioStateUniversity/VSCode_image_processing_project/data/Step2_output/enhanced_sample_field/150.jpg,150,6.72,25.64,1
151.jpg,151,134.1554129,111.1959303,75.47205835,132.0,109.0,73,18.14614557,128.2211217,134.1554129,18,114,132.0,0.445094624,0.435322745,2433.297986,0.006778893,0.028051365,14.66970901,1.702167628,0.497522814,2.326239258,1.27332806,48.27027148,3.84809049,23.25571704,48.27027148,17.11774858,26.9648479,0.168487709,0.170081249,0.091351225,/Users/dharamkar.1/Library/CloudStorage/OneDrive-TheOhioStateUniversity/VSCode_image_processing_project/data/Step2_output/enhanced_sample_field/151.jpg,151,6.72,25.64,1
152.jpg,152,130.6450694,111.4869061,80.79043766,129.0,109.0,78,18.4373007,111.4806282,130.6450694,19,99,129.0,0.444489413,0.436185882,2271.837904,0.006998843,0.028259273,14.58173575,1.787102763,0.44668196,2.264810398,1.129590074,48.08831721,2.79628233,19.88403348,48.08831721,14.08857142,23.64451262,0.165205026,0.168640794,0.10126108,/Users/dharamkar.1/Library/CloudStorage/OneDrive-TheOhioStateUniversity/VSCode_image_processing_project/data/Step2_output/enhanced_sample_field/152.jpg,152,6.72,25.64,1
153.jpg,153,148.3475167,121.8851842,70.81674506,149.0,123.0,72,19.84972895,140.0024514,148.3475167,20,133,149.0,0.485593707,0.489599608,1357.37522,0.009646771,0.033978169,13.75656032,1.86526355,0.859935222,2.037820981,2.108339684,52.58970554,3.490853039,31.63344818,52.58970554,20.6574097,36.12996452,0.203533095,0.206729687,0.088469749,/Users/dharamkar.1/Library/CloudStorage/OneDrive-TheOhioStateUniversity/VSCode_image_processing_project/data/Step2_output/enhanced_sample_field/153.jpg,153,1.18,22.42,1
154.jpg,154,154.9745297,126.8060029,73.46412628,156.0,128.0,74,19.64180086,140.9520886,154.9745297,20,133,156.0,0.505670061,0.51027098,1477.694166,0.009242388,0.033136518,13.87255548,1.73014831,0.892511987,2.057902464,2.313487995,54.64041294,3.880615067,32.87979933,54.64041294,22.00949264,37.75750171,0.22295863,0.225832125,0.095671101,/Users/dharamkar.1/Library/CloudStorage/OneDrive-TheOhioStateUniversity/VSCode_image_processing_project/data/Step2_output/enhanced_sample_field/154.jpg,154,1.18,22.42,1
155.jpg,155,147.2827846,124.613361,75.0558235,149.0,126.0,76,20.73060826,132.1378149,147.2827846,21,124,149.0,0.493558883,0.498581569,1429.599796,0.009300861,0.03353335,13.85525333,1.772202261,0.722312547,1.916931232,2.180953412,53.28554946,1.892774012,30.16329012,53.28554946,17.80345967,35.26287749,0.206406754,0.213085564,0.096904737,/Users/dharamkar.1/Library/CloudStorage/OneDrive-TheOhioStateUniversity/VSCode_image_processing_project/data/Step2_output/enhanced_sample_field/155.jpg,155,1.18,22.42,1
156.jpg,156,143.9930046,121.5675024,80.61613122,145.0,122.0,80,19.29657605,123.6114278,143.9930046,19,113,145.0,0.483844423,0.485172157,1987.602659,0.007464887,0.029235251,14.42570349,1.640557984,0.585901537,2.106131379,1.516833098,52.20944916,2.784100787,25.64272902,52.20944916,17.06120541,30.40026835,0.198782302,0.20331043,0.105843383,/Users/dharamkar.1/Library/CloudStorage/OneDrive-TheOhioStateUniversity/VSCode_image_processing_project/data/Step2_output/enhanced_sample_field/156.jpg,156,3.11,23.27,1
157.jpg,157,142.5615633,122.7547433,87.02174346,143.0,123.0,87,19.22002551,110.469308,142.5615633,19,100,143.0,0.487793503,0.490117059,2116.965147,0.00733929,0.029296796,14.47715724,1.909203919,0.49213868,2.117729881,1.477067534,52.50342691,2.250605817,22.38201193,52.50342691,14.85344865,27.17047461,0.200260088,0.205950536,0.119392798,/Users/dharamkar.1/Library/CloudStorage/OneDrive-TheOhioStateUniversity/VSCode_image_processing_project/data/Step2_output/enhanced_sample_field/157.jpg,157,3.11,23.27,1
158.jpg,158,137.7577129,118.6651786,85.92946827,138.0,119.0,86,18.90120775,107.084383,137.7577129,19,97,138.0,0.472008225,0.472871765,2059.624359,0.007436284,0.028817769,14.44716014,1.804273632,0.497543769,2.179365123,1.36123476,50.88346869,2.388129765,20.7700067,50.88346869,14.1651201,25.13962936,0.186753658,0.19168247,0.115028104,/Users/dharamkar.1/Library/CloudStorage/OneDrive-TheOhioStateUniversity/VSCode_image_processing_project/data/Step2_output/enhanced_sample_field/158.jpg,158,3.11,23.27,1
159.jpg,159,154.2984096,133.7152423,87.63643973,156.0,136.0,89,20.78681043,117.3159279,154.2984096,21,109,156.0,0.528497583,0.535341961,1835.589606,0.00841704,0.029360722,14.10470207,1.61758122,0.578094432,1.895203984,1.923519906,56.65457163,1.168738395,27.67676431,56.65457163,16.04185333,33.71981798,0.236160143,0.245705497,0.126497678,/Users/dharamkar.1/Library/CloudStorage/OneDrive-TheOhioStateUniversity/VSCode_image_processing_project/data/Step2_output/enhanced_sample_field/159.jpg,159,1.38,3.03,1
160.jpg,160,153.8520408,131.4536033,81.58587771,155.0,133.0,83,20.85072545,126.49147,153.8520408,21,119,155.0,0.520069836,0.525779608,1533.665799,0.009018119,0.031888193,13.91580356,1.725257432,0.658169563,1.899796394,2.227587489,55.90134432,1.583765451,30.02487807,55.90134432,17.58417007,35.82952105,0.229835219,0.238142585,0.11283992,/Users/dharamkar.1/Library/CloudStorage/OneDrive-TheOhioStateUniversity/VSCode_image_processing_project/data/Step2_output/enhanced_sample_field/160.jpg,160,1.38,3.03,1
161.jpg,161,158.2329998,136.1934192,87.26600367,160.0,138.0,89,20.78429927,120.8074179,158.2329998,21,113,160.0,0.53862417,0.545655294,1616.587024,0.008786168,0.032454808,13.98981959,1.695482357,0.606506792,1.902797079,2.163035273,57.70259372,1.430485744,29.30200907,57.70259372,17.23375777,35.54708496,0.247096332,0.256492309,0.127205524,/Users/dharamkar.1/Library/CloudStorage/OneDrive-TheOhioStateUniversity/VSCode_image_processing_project/data/Step2_output/enhanced_sample_field/161.jpg,161,1.38,3.03,1
162.jpg,162,167.3793248,144.5259487,91.12372449,170.0,147.0,94,21.12998246,122.5745974,167.3793248,21,115,170.0,0.570713689,0.58093451,1790.171244,0.008527188,0.029243125,14.07407327,1.614718294,0.563620354,1.857092657,2.380456554,60.88902668,1.132108531,31.4521482,60.88902668,18.03339909,38.48183132,0.279640801,0.291218608,0.140707952,/Users/dharamkar.1/Library/CloudStorage/OneDrive-TheOhioStateUniversity/VSCode_image_processing_project/data/Step2_output/enhanced_sample_field/162.jpg,162,1.48,2.6,1
163.jpg,163,163.7767658,141.8091916,91.70167012,165.0,143.0,93,20.94897959,117.3541534,163.7767658,21,111,165.0,0.560253133,0.565568627,1361.873679,0.009330792,0.034028155,13.83673839,1.725055952,0.588189884,1.879058239,2.309365617,59.82252131,1.162429928,29.7078834,59.82252131,17.2178968,36.4683441,0.268277935,0.279267693,0.140313657,/Users/dharamkar.1/Library/CloudStorage/OneDrive-TheOhioStateUniversity/VSCode_image_processing_project/data/Step2_output/enhanced_sample_field/163.jpg,163,1.48,2.6,1
164.jpg,164,177.0750359,152.5947664,95.29157366,181.0,156.0,99,21.14200016,124.8583984,177.0750359,21,116,181.0,0.602608876,0.617314902,2163.66696,0.008021888,0.02686372,14.24225977,1.723289939,0.486660064,1.855501948,2.294698264,64.03033012,1.250773133,33.39861497,64.03033012,19.35977026,41.12453002,0.31553229,0.32838995,0.155695018,/Users/dharamkar.1/Library/CloudStorage/OneDrive-TheOhioStateUniversity/VSCode_image_processing_project/data/Step2_output/enhanced_sample_field/164.jpg,164,1.48,2.6,1
165.jpg,165,153.931262,132.965043,87.31409439,157.0,136.0,90,20.5859375,120.8833705,153.931262,21,110,157.0,0.525995809,0.537529412,1940.471753,0.007495948,0.030236514,14.40861759,1.649490422,0.493447542,1.929534934,1.71317914,56.40983798,1.395060817,27.5318751,56.40983798,16.28569429,33.47547111,0.234297559,0.243230907,0.125423322,/Users/dharamkar.1/Library/CloudStorage/OneDrive-TheOhioStateUniversity/VSCode_image_processing_project/data/Step2_output/enhanced_sample_field/165.jpg,165,2.12,5.03,1
166.jpg,166,151.6717754,133.1429169,90.80056202,155.0,136.0,93,20.95928332,112.4277942,151.6717754,21,101,155.0,0.525597708,0.537023529,2061.061819,0.007440285,0.028693797,14.42778439,1.65906478,0.455477993,1.880174825,1.512633297,56.29827534,0.734476947,25.41299696,56.29827534,14.37352917,31.37408927,0.231747677,0.242108393,0.133020899,/Users/dharamkar.1/Library/CloudStorage/OneDrive-TheOhioStateUniversity/VSCode_image_processing_project/data/Step2_output/enhanced_sample_field/166.jpg,166,2.12,5.03,1
167.jpg,167,153.4089804,135.9676539,92.56020807,157.0,139.0,95,21.51524633,112.4115115,153.4089804,22,100,157.0,0.535467682,0.546823922,2284.838405,0.007089447,0.027635959,14.55757211,1.652688286,0.408469965,1.81349196,1.48537349,57.26480559,0.103524155,25.73131108,57.26480559,13.68248613,32.01537339,0.23970533,0.251948767,0.138515953,/Users/dharamkar.1/Library/CloudStorage/OneDrive-TheOhioStateUniversity/VSCode_image_processing_project/data/Step2_output/enhanced_sample_field/167.jpg,167,2.12,5.03,1
168.jpg,168,164.0293766,143.8191566,95.98901865,166.0,145.0,98,21.18072385,111.0111806,164.0293766,21,105,166.0,0.567314805,0.573671765,1715.054372,0.008866084,0.02977353,13.98039972,1.633275949,0.516859536,1.846284374,1.998639818,60.45627289,0.638155964,28.19493557,60.45627289,15.82964131,35.12583723,0.27373121,0.286329043,0.151453432,/Users/dharamkar.1/Library/CloudStorage/OneDrive-TheOhioStateUniversity/VSCode_image_processing_project/data/Step2_output/enhanced_sample_field/168.jpg,168,1.32,1.81,1
169.jpg,169,170.5571987,149.0913584,97.93759965,173.0,151.0,100,21.20663265,114.0530134,170.5571987,21,107,173.0,0.588096719,0.596620784,1784.338185,0.008531488,0.029782848,14.07345629,1.6240044,0.489582712,1.841190862,2.141876175,62.51949354,0.704748954,29.92573186,62.51949354,16.87846855,37.33901687,0.296624554,0.310140513,0.159603815,/Users/dharamkar.1/Library/CloudStorage/OneDrive-TheOhioStateUniversity/VSCode_image_processing_project/data/Step2_output/enhanced_sample_field/169.jpg,169,1.32,1.81,1
170.jpg,170,158.6512077,138.4134447,91.2585499,160.0,140.0,92,21.06706393,112.9642658,158.6512077,21,108,160.0,0.546329809,0.55074549,1362.943646,0.009668443,0.034709677,13.74279265,1.533223492,0.602466508,1.859774518,2.055959949,58.4073205,0.816507315,28.03051031,58.4073205,15.84143735,34.51349839,0.252769209,0.263920441,0.137159804,/Users/dharamkar.1/Library/CloudStorage/OneDrive-TheOhioStateUniversity/VSCode_image_processing_project/data/Step2_output/enhanced_sample_field/170.jpg,170,1.32,1.81,1
171.jpg,171,162.8484136,140.938078,93.96922832,166.0,144.0,97,20.515625,114.2053372,162.8484136,21,106,166.0,0.557676746,0.568901961,1599.488189,0.008552062,0.032016122,14.06505819,1.663704351,0.558312351,1.93669714,2.050483233,59.5354945,1.50361488,28.08364406,59.5354945,16.97493012,34.65635703,0.266085257,0.276108173,0.145072396,/Users/dharamkar.1/Library/CloudStorage/OneDrive-TheOhioStateUniversity/VSCode_image_processing_project/data/Step2_output/enhanced_sample_field/171.jpg,171,2.2,4.12,1
172.jpg,172,165.8181401,142.6444914,92.92103795,169.0,146.0,96,20.5605668,119.4102559,165.8181401,21,110,169.0,0.564642474,0.577593333,1721.737268,0.008165486,0.031707006,14.1917556,1.66669509,0.548734759,1.937203084,2.107289541,60.26261556,1.700923459,29.64955339,60.26261556,18.03122698,36.39156046,0.274298737,0.284158807,0.143746086,/Users/dharamkar.1/Library/CloudStorage/OneDrive-TheOhioStateUniversity/VSCode_image_processing_project/data/Step2_output/enhanced_sample_field/172.jpg,172,2.2,4.12,1
173.jpg,173,165.676419,144.2248485,94.58870775,171.0,149.0,99,21.02385603,118.6235451,165.676419,21,107,171.0,0.569429575,0.589358039,2023.063261,0.007629805,0.029544181,14.38517929,1.596813288,0.452311055,1.872186218,1.858098729,60.69924388,0.951729166,29.30242287,60.69924388,16.80742424,36.27235644,0.277129677,0.289067509,0.148454332,/Users/dharamkar.1/Library/CloudStorage/OneDrive-TheOhioStateUniversity/VSCode_image_processing_project/data/Step2_output/enhanced_sample_field/173.jpg,173,2.2,4.12,1
174.jpg,174,157.8702766,139.3364955,94.41585619,159.0,141.0,96,21.41320552,108.3900869,157.8702766,22,102,159.0,0.549161357,0.554667059,1520.098074,0.008824457,0.032399025,13.98345689,1.523526793,0.534905445,1.825819146,1.770565723,58.63537884,0.337544574,26.57656675,58.63537884,14.51191766,33.12406543,0.253959808,0.266354634,0.14488141,/Users/dharamkar.1/Library/CloudStorage/OneDrive-TheOhioStateUniversity/VSCode_image_processing_project/data/Step2_output/enhanced_sample_field/174.jpg,174,1.49,2.36,1
175.jpg,175,164.8631816,144.5511798,94.78497688,168.0,147.0,97,21.38293208,115.9605588,164.8631816,21,107,168.0,0.56972289,0.580666667,1950.180153,0.00795422,0.028619707,14.26250485,1.661426031,0.465729798,1.818195264,1.905954879,60.71279332,0.449800796,29.19794939,60.71279332,16.02102011,36.26700753,0.276018993,0.289220733,0.149008099,/Users/dharamkar.1/Library/CloudStorage/OneDrive-TheOhioStateUniversity/VSCode_image_processing_project/data/Step2_output/enhanced_sample_field/175.jpg,175,1.49,2.36,1
176.jpg,176,159.46307,141.6351842,98.75968591,162.0,144.0,101,21.38426738,104.3893495,159.46307,22,96,162.0,0.558165829,0.568396078,1937.707619,0.007986903,0.029104924,14.24734568,1.548149117,0.459931259,1.833452307,1.631361552,59.48296866,0.253913892,25.31940066,59.48296866,13.88196178,31.93868394,0.262499062,0.275532574,0.156764568,/Users/dharamkar.1/Library/CloudStorage/OneDrive-TheOhioStateUniversity/VSCode_image_processing_project/data/Step2_output/enhanced_sample_field/176.jpg,176,1.49,2.36,1
177.jpg,177,149.8735651,131.2092235,95.10728237,152.0,133.0,97,19.7094029,101.6217116,149.8735651,20,93,152.0,0.519891946,0.525824314,1837.025525,0.007575879,0.030152889,14.35772791,1.839473543,0.441999773,2.039810537,1.43728208,55.67490604,1.59017034,22.1468777,55.67490604,14.05034664,27.57160295,0.227695655,0.235899722,0.14202879,/Users/dharamkar.1/Library/CloudStorage/OneDrive-TheOhioStateUniversity/VSCode_image_processing_project/data/Step2_output/enhanced_sample_field/177.jpg,177,6.72,7.26,1
178.jpg,178,146.1228675,126.0731425,87.2319037,147.0,127.0,88,19.71886958,114.8284439,146.1228675,20,103,147.0,0.500130415,0.503381176,2244.352959,0.007000375,0.027406755,14.57009774,1.807238663,0.464857523,2.043955947,1.397493678,53.76663047,1.918693937,23.99204339,53.76663047,15.22371389,29.17047861,0.210762899,0.217555104,0.121530335,/Users/dharamkar.1/Library/CloudStorage/OneDrive-TheOhioStateUniversity/VSCode_image_processing_project/data/Step2_output/enhanced_sample_field/178.jpg,178,6.72,7.26,1
179.jpg,179,143.2408921,125.0908801,89.3477559,144.0,126.0,90,19.84070073,107.6832549,143.2408921,20,96,144.0,0.495571288,0.500620392,2255.044002,0.007000732,0.027822815,14.56960881,1.834036516,0.427702947,2.024893215,1.312274112,53.25389645,1.504038316,22.06823749,53.25389645,13.70493656,27.10558379,0.205326594,0.212793654,0.125509796,/Users/dharamkar.1/Library/CloudStorage/OneDrive-TheOhioStateUniversity/VSCode_image_processing_project/data/Step2_output/enhanced_sample_field/179.jpg,179,6.72,7.26,1
180.jpg,180,152.0955238,130.3940729,80.04842953,154.0,132.0,82,21.05600287,126.2144252,152.0955238,21,119,154.0,0.515198864,0.522676471,1131.237828,0.010241087,0.037863028,13.58435115,1.839027747,0.690541194,1.863620304,2.347452293,55.41666934,1.254168266,30.21534125,55.41666934,17.1291386,35.96683358,0.224522913,0.233359136,0.109182614,/Users/dharamkar.1/Library/CloudStorage/OneDrive-TheOhioStateUniversity/VSCode_image_processing_project/data/Step2_output/enhanced_sample_field/180.jpg,180,1.18,3.23,1
181.jpg,181,160.6244619,139.0780254,88.33549904,163.0,141.0,91,21.12984295,120.8928571,160.6244619,21,113,163.0,0.549012184,0.55798549,1570.890735,0.009008582,0.031579318,13.93784069,1.66872588,0.576519457,1.851302736,2.234832385,58.73036033,0.965884409,30.07869055,58.73036033,16.98502934,36.65083213,0.256422797,0.267372823,0.13113013,/Users/dharamkar.1/Library/CloudStorage/OneDrive-TheOhioStateUniversity/VSCode_image_processing_project/data/Step2_output/enhanced_sample_field/181.jpg,181,1.18,3.23,1
182.jpg,182,163.3632215,142.0922154,90.5859375,166.0,145.0,93,21.29735332,119.5011559,163.3632215,21,112,166.0,0.560387065,0.570874118,1389.21847,0.009202604,0.034409467,13.88485097,1.697753276,0.543509556,1.827901595,2.242431599,59.84154612,0.708336085,30.32944545,59.84154612,16.81921628,37.19946844,0.267365904,0.279477961,0.137874631,/Users/dharamkar.1/Library/CloudStorage/OneDrive-TheOhioStateUniversity/VSCode_image_processing_project/data/Step2_output/enhanced_sample_field/182.jpg,182,1.18,3.23,1
183.jpg,183,152.5990912,134.0196907,92.0299147,155.0,136.0,94,20.85795998,109.2786392,152.5990912,21,101,155.0,0.529177845,0.538162353,1579.669022,0.008095058,0.032576887,14.20569127,1.628579389,0.481403667,1.88808227,1.608623494,56.6473149,0.784970166,25.20279954,56.6473149,14.38002487,31.20561491,0.235225902,0.245631881,0.136312878,/Users/dharamkar.1/Library/CloudStorage/OneDrive-TheOhioStateUniversity/VSCode_image_processing_project/data/Step2_output/enhanced_sample_field/183.jpg,183,3.11,4.43,1
184.jpg,184,151.4845344,133.2805923,91.64520886,154.0,136.0,94,20.94276148,110.4345105,151.4845344,21,100,154.0,0.526066741,0.536152549,1706.669042,0.007664158,0.032535508,14.34966843,1.700393365,0.450955021,1.879402072,1.504277641,56.33248096,0.679111393,24.98421085,56.33248096,14.10258502,30.93568446,0.231952667,0.242452193,0.134991951,/Users/dharamkar.1/Library/CloudStorage/OneDrive-TheOhioStateUniversity/VSCode_image_processing_project/data/Step2_output/enhanced_sample_field/184.jpg,184,3.11,4.43,1
185.jpg,185,150.9735332,133.1305006,91.82973932,154.0,136.0,94,21.02748326,109.4496373,150.9735332,21,99,154.0,0.525272001,0.536137647,1725.199972,0.007707529,0.031667873,14.33804697,1.745660554,0.446734415,1.869918319,1.53320761,56.24589011,0.568476211,24.75860193,56.24589011,13.83376482,30.70068318,0.230876728,0.2415825,0.135302089,/Users/dharamkar.1/Library/CloudStorage/OneDrive-TheOhioStateUniversity/VSCode_image_processing_project/data/Step2_output/enhanced_sample_field/185.jpg,185,3.11,4.43,1
186.jpg,186,154.6326531,136.0218033,92.21924825,156.0,137.0,94,21.20284598,108.8816964,154.6326531,21,102,156.0,0.53654292,0.541465882,1529.452234,0.008698172,0.032020168,14.0123758,1.547383903,0.547639996,1.85298529,1.749901671,57.39001802,0.551941517,26.10582394,57.39001802,14.51060979,32.3484723,0.241961747,0.253242747,0.137861654,/Users/dharamkar.1/Library/CloudStorage/OneDrive-TheOhioStateUniversity/VSCode_image_processing_project/data/Step2_output/enhanced_sample_field/186.jpg,186,1.38,0.82,1
187.jpg,187,139.3576212,121.9363042,81.83543925,141.0,123.0,83,21.03914222,113.3550502,139.3576212,21,104,141.0,0.481361026,0.486608627,1656.257908,0.008656779,0.031243325,14.01856163,1.572835732,0.542609339,1.87187369,1.485390179,51.87194118,0.702375451,24.42959093,51.87194118,13.51370709,29.49720078,0.191760675,0.200307331,0.10803796,/Users/dharamkar.1/Library/CloudStorage/OneDrive-TheOhioStateUniversity/VSCode_image_processing_project/data/Step2_output/enhanced_sample_field/187.jpg,187,1.38,0.82,1
188.jpg,188,148.5117387,130.2952009,87.76343272,150.0,132.0,90,21.205397,110.6638034,148.5117387,21,103,150.0,0.514116371,0.521337255,1505.984205,0.009182975,0.031967149,13.88409299,1.405220404,0.614782499,1.85820265,1.777274017,55.16412649,0.622638756,25.56575005,55.16412649,14.1857069,31.34049185,0.220795281,0.230892274,0.12472225,/Users/dharamkar.1/Library/CloudStorage/OneDrive-TheOhioStateUniversity/VSCode_image_processing_project/data/Step2_output/enhanced_sample_field/188.jpg,188,1.48,0.74,1
189.jpg,189,145.2549426,126.7716438,85.96837133,148.0,129.0,88,20.66450096,115.7495815,145.2549426,21,103,148.0,0.501009525,0.510405882,2125.944146,0.007303325,0.028466779,14.47179229,1.656721407,0.462127195,1.920148938,1.428753347,53.8515108,0.998808142,24.79699339,53.8515108,14.27197383,30.20986013,0.209607517,0.218350124,0.119053756,/Users/dharamkar.1/Library/CloudStorage/OneDrive-TheOhioStateUniversity/VSCode_image_processing_project/data/Step2_output/enhanced_sample_field/189.jpg,189,2.12,0.85,1
190.jpg,190,144.5935706,126.2952607,85.88572226,147.0,129.0,88,20.66470026,115.7867706,144.5935706,21,103,147.0,0.499098525,0.509557647,2329.194607,0.007121695,0.027249907,14.53766986,1.620862541,0.462667025,1.920665128,1.427024004,53.65488011,0.974048219,24.57430645,53.65488011,14.12028854,29.9441138,0.207796944,0.216511356,0.118619837,/Users/dharamkar.1/Library/CloudStorage/OneDrive-TheOhioStateUniversity/VSCode_image_processing_project/data/Step2_output/enhanced_sample_field/190.jpg,190,2.12,0.85,1
191.jpg,191,154.9829002,134.2055365,89.48983578,156.0,136.0,91,20.50275032,113.5814931,154.9829002,20,107,156.0,0.530967546,0.537008627,1522.984966,0.009118133,0.032104409,13.91059086,1.49256648,0.645941621,1.931258639,2.011638798,56.88446101,1.398095638,26.96419839,56.88446101,16.08254658,32.98458707,0.238921181,0.248045225,0.130859101,/Users/dharamkar.1/Library/CloudStorage/OneDrive-TheOhioStateUniversity/VSCode_image_processing_project/data/Step2_output/enhanced_sample_field/191.jpg,191,1.32,0.74,1
192.jpg,192,158.5456792,137.4663385,91.5952846,160.0,139.0,93,20.58219069,113.7312859,158.5456792,21,107,160.0,0.543679982,0.549294118,1708.568686,0.008667281,0.030519488,14.03489812,1.585991251,0.598313201,1.921411424,1.972937679,58.1465342,1.337076188,27.50617209,58.1465342,16.34797854,33.81175238,0.251348574,0.261155153,0.137466644,/Users/dharamkar.1/Library/CloudStorage/OneDrive-TheOhioStateUniversity/VSCode_image_processing_project/data/Step2_output/enhanced_sample_field/192.jpg,192,1.32,0.74,1
193.jpg,193,150.9848932,134.0439055,94.94373804,155.0,138.0,98,21.02212213,103.2519531,150.9848932,21,93,155.0,0.528724483,0.54402549,2008.652967,0.007825965,0.028301304,14.30105477,1.780313192,0.431881498,1.871400995,1.487234777,56.55165838,0.446163077,23.4225228,56.55165838,13.06825262,29.33430647,0.233541456,0.244662869,0.143022467,/Users/dharamkar.1/Library/CloudStorage/OneDrive-TheOhioStateUniversity/VSCode_image_processing_project/data/Step2_output/enhanced_sample_field/193.jpg,193,2.2,0.91,1
194.jpg,194,156.3808992,138.1225486,96.1922433,161.0,142.0,100,21.00968591,106.8941327,156.3808992,21,96,161.0,0.545016757,0.561386275,2133.131486,0.007643489,0.027941399,14.37510324,1.665272552,0.440135395,1.876059043,1.562563683,58.19540558,0.597316463,24.99122902,58.19540558,14.13309883,31.29190154,0.250107467,0.26167189,0.148429375,/Users/dharamkar.1/Library/CloudStorage/OneDrive-TheOhioStateUniversity/VSCode_image_processing_project/data/Step2_output/enhanced_sample_field/194.jpg,194,2.2,0.91,1
195.jpg,195,153.2808115,135.7073501,94.94349888,157.0,140.0,99,21.08260922,105.723015,153.2808115,21,95,157.0,0.535304459,0.550492549,1944.69793,0.007852613,0.029582428,14.30303887,1.738463832,0.451075687,1.867585167,1.513669187,57.22301889,0.484351584,24.34980932,57.22301889,13.60094037,30.44999624,0.240162522,0.251517914,0.143996325,/Users/dharamkar.1/Library/CloudStorage/OneDrive-TheOhioStateUniversity/VSCode_image_processing_project/data/Step2_output/enhanced_sample_field/195.jpg,195,2.2,0.91,1
196.jpg,196,152.7063935,135.0537309,92.96069834,155.0,137.0,95,21.3300582,107.5200893,152.7063935,21,98,155.0,0.532431428,0.540945098,1963.464446,0.008053351,0.028385058,14.22408175,1.592061039,0.501773181,1.841058641,1.600132817,56.95564645,0.364345294,25.09142178,56.95564645,13.74603098,31.22491621,0.237273837,0.248772724,0.138957868,/Users/dharamkar.1/Library/CloudStorage/OneDrive-TheOhioStateUniversity/VSCode_image_processing_project/data/Step2_output/enhanced_sample_field/196.jpg,196,1.49,0.67,1
197.jpg,197,152.7241709,133.896604,89.30060188,154.0,135.0,91,21.2370456,114.3742427,152.7243503,21,105,154.0,0.52816506,0.533622745,1858.865431,0.007949508,0.030082279,14.25569383,1.622891841,0.518179571,1.84679529,1.607453035,56.57947406,0.58434669,26.6309209,56.57947406,14.72395938,32.73758696,0.234119308,0.244944382,0.130094672,/Users/dharamkar.1/Library/CloudStorage/OneDrive-TheOhioStateUniversity/VSCode_image_processing_project/data/Step2_output/enhanced_sample_field/197.jpg,197,1.49,0.67,1
198.jpg,198,135.7725008,120.2401547,87.99689094,137.0,121.0,88,20.19333945,103.5489676,135.7725008,20,90,137.0,0.475357015,0.478244706,2517.982703,0.006783532,0.025326723,14.65777237,1.860369755,0.352712886,1.979971761,1.086588007,51.16486855,0.904896033,19.92562013,51.16486855,11.70515229,24.54792487,0.186233154,0.194112069,0.119949418,/Users/dharamkar.1/Library/CloudStorage/OneDrive-TheOhioStateUniversity/VSCode_image_processing_project/data/Step2_output/enhanced_sample_field/198.jpg,198,6.72,0.99,1
199.jpg,199,137.0716877,121.3791653,89.14134247,138.0,122.0,90,20.13402822,102.5590721,137.0716877,20,89,138.0,0.479958742,0.482463922,2523.527787,0.006742213,0.025883883,14.66988893,1.787667154,0.357123096,1.98730806,1.10112785,51.62837171,0.960215047,19.91217815,51.62837171,11.80938275,24.59539679,0.190211129,0.198158554,0.123025194,/Users/dharamkar.1/Library/CloudStorage/OneDrive-TheOhioStateUniversity/VSCode_image_processing_project/data/Step2_output/enhanced_sample_field/199.jpg,199,6.72,0.99,1
200.jpg,200,124.3194356,111.4128468,84.44965721,124.0,111.0,84,20.38787468,93.10245934,124.3194356,20,82,124.0,0.440044906,0.439326667,1938.503183,0.007568734,0.029154838,14.35035569,1.735880073,0.312692095,1.964248644,0.969853529,47.51534056,0.602663669,16.87495398,47.51534056,9.609506829,20.6964435,0.157059879,0.164157952,0.10818945,/Users/dharamkar.1/Library/CloudStorage/OneDrive-TheOhioStateUniversity/VSCode_image_processing_project/data/Step2_output/enhanced_sample_field/200.jpg,200,6.72,0.99,1
201.jpg,201,137.6531409,121.6770767,89.30235571,138.0,122.0,90,20.0221022,103.4261998,137.6531409,20,90,138.0,0.4813246,0.483252549,2499.730001,0.006702403,0.025672631,14.68555903,1.765528687,0.369884249,2.004238629,1.09072387,51.77009407,1.059209893,20.01962732,51.77009407,12.00886958,24.7169674,0.191599542,0.199406953,0.123548502,/Users/dharamkar.1/Library/CloudStorage/OneDrive-TheOhioStateUniversity/VSCode_image_processing_project/data/Step2_output/enhanced_sample_field/201.jpg,201,6.72,0.99,1
202.jpg,202,149.5169404,131.8965242,88.30279416,152.0,134.0,90,21.58721301,110.7124322,149.5169404,22,103,152.0,0.519599038,0.527483922,1431.691344,0.00909526,0.033916512,13.90828684,1.539063899,0.546921335,1.810636802,1.771630441,55.70864966,0.217196393,25.99312184,55.70864966,13.83691747,31.97247707,0.2250061,0.236233055,0.126702887,/Users/dharamkar.1/Library/CloudStorage/OneDrive-TheOhioStateUniversity/VSCode_image_processing_project/data/Step2_output/enhanced_sample_field/202.jpg,202,1.18,0.76,1
203.jpg,203,163.0755341,143.0896046,95.1526427,165.0,145.0,97,21.26245615,112.7895408,163.0755341,21,105,165.0,0.564236705,0.573403922,1805.228119,0.008295013,0.029497063,14.14532551,1.67843675,0.470892757,1.836060591,1.945826684,60.15566049,0.543025273,28.24427566,60.15566049,15.68645161,35.13844146,0.270286622,0.282964921,0.148978174,/Users/dharamkar.1/Library/CloudStorage/OneDrive-TheOhioStateUniversity/VSCode_image_processing_project/data/Step2_output/enhanced_sample_field/203.jpg,203,1.18,0.76,1
204.jpg,204,144.2889031,127.4100566,92.31752232,147.0,130.0,95,20.19463489,102.621293,144.2889031,20,91,147.0,0.503790744,0.514327451,2092.471373,0.007336477,0.02827229,14.47239021,1.853834389,0.405440743,1.973949772,1.337678055,54.04747296,1.015089097,21.45851055,54.04747296,12.78487843,26.6650556,0.211404793,0.22019297,0.133317857,/Users/dharamkar.1/Library/CloudStorage/OneDrive-TheOhioStateUniversity/VSCode_image_processing_project/data/Step2_output/enhanced_sample_field/204.jpg,204,3.11,0.84,1
205.jpg,205,153.550283,135.4009088,97.07334184,158.0,139.0,100,20.30949059,105.777842,153.550283,20,93,158.0,0.535271503,0.549621569,2529.642897,0.006799995,0.026358859,14.67415189,1.709462503,0.391439238,1.959796488,1.328522293,57.20320721,1.034693717,23.13925678,57.20320721,13.83083977,29.01721005,0.241223834,0.251313813,0.149041421,/Users/dharamkar.1/Library/CloudStorage/OneDrive-TheOhioStateUniversity/VSCode_image_processing_project/data/Step2_output/enhanced_sample_field/205.jpg,205,3.11,0.84,1
206.jpg,206,156.0999283,137.1046118,99.86356027,164.0,144.0,104,19.91191008,106.3816964,156.1028579,20,93,164.0,0.54296485,0.570204118,3358.87504,0.006344292,0.027692258,14.88932414,1.703841973,0.378448074,2.03902903,1.302367847,57.95856223,1.504458978,22.62738648,57.95856223,14.32168508,28.47832054,0.24984122,0.259173988,0.157050655,/Users/dharamkar.1/Library/CloudStorage/OneDrive-TheOhioStateUniversity/VSCode_image_processing_project/data/Step2_output/enhanced_sample_field/206.jpg,206,2.05,13.26,2
207.jpg,207,163.1478795,143.172154,104.341199,172.0,150.0,109,19.83298788,105.5716279,163.1496931,20,93,172.0,0.567126603,0.595113529,3914.075813,0.006176197,0.025057913,14.94238786,1.684722398,0.363976615,2.043463834,1.328364812,60.34341767,1.631033527,23.43258237,60.34341767,15.06138546,29.71981839,0.274992654,0.285062984,0.17237712,/Users/dharamkar.1/Library/CloudStorage/OneDrive-TheOhioStateUniversity/VSCode_image_processing_project/data/Step2_output/enhanced_sample_field/207.jpg,207,2.05,13.26,2
208.jpg,208,161.3709144,141.7857342,103.266183,170.0,148.5,108,19.92508371,105.9760443,161.3725686,20,93,170.0,0.561452256,0.588263922,3874.891816,0.006156536,0.025531555,14.95509075,1.685027572,0.377401568,2.030898981,1.309646333,59.78346169,1.526453133,23.25300629,59.78346169,14.78292861,29.45345664,0.268758355,0.278836325,0.168648162,/Users/dharamkar.1/Library/CloudStorage/OneDrive-TheOhioStateUniversity/VSCode_image_processing_project/data/Step2_output/enhanced_sample_field/208.jpg,208,2.05,13.26,2
209.jpg,209,158.6043128,139.1347457,100.7397561,165.0,144.0,104,19.93269691,109.2850566,158.609096,20,94,165.0,0.550995098,0.57060549,4345.502162,0.005918854,0.02425569,15.03932931,1.688152449,0.383682394,2.044042642,1.224433258,58.76113282,1.529462239,23.25013286,58.76113282,14.71291035,29.2918048,0.258084101,0.267703255,0.160493896,/Users/dharamkar.1/Library/CloudStorage/OneDrive-TheOhioStateUniversity/VSCode_image_processing_project/data/Step2_output/enhanced_sample_field/209.jpg,209,2.05,13.26,2
210.jpg,210,160.8079759,141.1913664,101.5319874,168.0,147.0,105,20.05632175,109.359953,160.8094507,20,95,168.0,0.558825313,0.583256078,4209.498178,0.006019613,0.024317139,15.00048839,1.610431816,0.382876595,2.025238347,1.313905103,59.53882135,1.404523822,23.88115305,59.53882135,14.88784903,30.1402199,0.265878476,0.276144657,0.163750621,/Users/dharamkar.1/Library/CloudStorage/OneDrive-TheOhioStateUniversity/VSCode_image_processing_project/data/Step2_output/enhanced_sample_field/210.jpg,210,2.05,13.26,2
211.jpg,211,162.0340202,142.5553651,103.8967634,170.0,150.0,108,19.96580038,106.0125359,162.0360132,20,93,170.0,0.56434233,0.592238039,4038.225837,0.00609249,0.025677932,14.97788902,1.68521234,0.368730007,2.031991088,1.281995185,60.06454914,1.454518978,23.28868918,60.06454914,14.71496445,29.55029193,0.271567995,0.281950532,0.17077179,/Users/dharamkar.1/Library/CloudStorage/OneDrive-TheOhioStateUniversity/VSCode_image_processing_project/data/Step2_output/enhanced_sample_field/211.jpg,211,2.05,13.26,2
212.jpg,212,153.4504544,136.4442761,99.52499203,160.0,142.0,103,20.67522321,105.6810029,153.4575494,20,91,160.0,0.538808661,0.561386275,3928.776125,0.006025885,0.025125002,15.0052021,1.764762525,0.405281493,1.975335767,1.209725185,57.52259729,0.722187802,22.19053941,57.52259729,12.95455125,28.07453019,0.243664734,0.254617679,0.155640746,/Users/dharamkar.1/Library/CloudStorage/OneDrive-TheOhioStateUniversity/VSCode_image_processing_project/data/Step2_output/enhanced_sample_field/212.jpg,212,2.05,13.26,2
213.jpg,213,156.0948063,137.9242865,102.5467953,164.0,144.0,107,19.8500279,101.7488241,156.0976363,20,89,164.0,0.546018843,0.57091098,3721.278387,0.006194727,0.025074206,14.94489063,1.741809203,0.3695144,2.054653019,1.245491921,58.22994286,1.390420876,21.48816641,58.22994286,13.6269464,27.25941035,0.252319862,0.262037478,0.164380974,/Users/dharamkar.1/Library/CloudStorage/OneDrive-TheOhioStateUniversity/VSCode_image_processing_project/data/Step2_output/enhanced_sample_field/213.jpg,213,2.05,13.26,2
214.jpg,214,146.2017498,129.538345,99.5739198,151.0,132.0,101,20.31186224,96.32142857,146.2822864,19,83,151.0,0.513407386,0.523911765,4189.38521,0.005822668,0.027999951,15.08757262,1.642917766,0.593665819,2.222964374,0.96744393,54.95353926,1.584061893,18.58551416,54.95353926,12.27288904,23.46077377,0.220911069,0.228848581,0.151988763,/Users/dharamkar.1/Library/CloudStorage/OneDrive-TheOhioStateUniversity/VSCode_image_processing_project/data/Step2_output/enhanced_sample_field/214.jpg,214,2.05,13.26,2
215.jpg,215,152.5920161,133.2743543,100.9978276,159.0,137.0,103,19.27893814,98.3040896,152.6055684,19,86,159.0,0.529616548,0.54459098,3599.42691,0.006008868,0.02785228,14.99342555,1.668788623,0.40650631,2.177900641,1.082476097,56.6080672,2.334218667,20.11941618,56.6080672,14.20816971,25.29480607,0.238341912,0.245233988,0.157858484,/Users/dharamkar.1/Library/CloudStorage/OneDrive-TheOhioStateUniversity/VSCode_image_processing_project/data/Step2_output/enhanced_sample_field/215.jpg,215,2.05,13.26,2
216.jpg,216,152.842056,133.024135,100.4450136,159.0,137.0,102,19.01500717,100.4287309,152.8506657,19,88,159.0,0.528966622,0.546495686,3476.120536,0.00604224,0.02913465,14.98228982,1.66805497,0.385778919,2.21228102,1.110866177,56.55362175,2.506252269,20.36247145,56.55362175,14.57145038,25.53078361,0.238199876,0.244682733,0.156344696,/Users/dharamkar.1/Library/CloudStorage/OneDrive-TheOhioStateUniversity/VSCode_image_processing_project/data/Step2_output/enhanced_sample_field/216.jpg,216,2.05,13.26,2
217.jpg,217,154.6618104,134.6553731,102.1081194,161.0,139.0,104,18.88817363,99.78176818,154.6663146,19,87,161.0,0.535529741,0.552434118,3607.042861,0.006034906,0.027530998,14.98757532,1.657739226,0.375993815,2.220717498,1.120733638,57.2013529,2.567226242,20.32685821,57.2013529,14.68684306,25.56804713,0.244725753,0.251294715,0.161562686,/Users/dharamkar.1/Library/CloudStorage/OneDrive-TheOhioStateUniversity/VSCode_image_processing_project/data/Step2_output/enhanced_sample_field/217.jpg,217,2.05,13.26,2
218.jpg,218,158.005102,139.1981824,104.685228,164.0,144.0,109,19.36405851,103.6552336,158.0057597,19,86,164.0,0.551789289,0.57209451,3316.648042,0.006166342,0.029537002,14.95483733,1.654494345,0.340206039,2.129732927,1.080475361,58.7949953,1.752537611,21.08077934,58.7949953,13.9884261,26.80503661,0.258967588,0.268067183,0.170862168,/Users/dharamkar.1/Library/CloudStorage/OneDrive-TheOhioStateUniversity/VSCode_image_processing_project/data/Step2_output/enhanced_sample_field/218.jpg,218,2.29,13.35,2
219.jpg,219,156.8299984,138.7041813,105.8496692,163.0,144.0,109,19.27814094,100.6278101,156.8305564,19,83,163.0,0.549753361,0.569515294,3348.44769,0.006129396,0.029404361,14.96703421,1.709696829,0.336388267,2.151312512,1.053060573,58.57333243,1.696935437,20.10930094,58.57333243,13.41417617,25.66819705,0.256551887,0.265690903,0.173677628,/Users/dharamkar.1/Library/CloudStorage/OneDrive-TheOhioStateUniversity/VSCode_image_processing_project/data/Step2_output/enhanced_sample_field/219.jpg,219,2.29,13.35,2
220.jpg,220,158.2009925,138.8392658,103.6137795,164.0,143.0,107,19.25522162,106.4905931,158.2013911,19,89,164.0,0.550642648,0.569229412,3822.320207,0.006000876,0.026879623,15.01888232,1.698621134,0.353086384,2.149793285,1.157581702,58.6963993,1.893899987,21.55146802,58.6963993,14.41714728,27.30084193,0.258288408,0.267008468,0.167835935,/Users/dharamkar.1/Library/CloudStorage/OneDrive-TheOhioStateUniversity/VSCode_image_processing_project/data/Step2_output/enhanced_sample_field/220.jpg,220,2.29,13.35,2
221.jpg,221,160.6058873,140.6575255,104.5837054,167.0,146.0,108,19.2267618,106.8901467,160.6067243,19,90,167.0,0.558022078,0.578180784,3628.217989,0.006111717,0.027405759,14.98158219,1.662664782,0.374875103,2.151125742,1.155839872,59.43201303,2.004087701,22.03634593,59.43201303,14.86430455,27.93542703,0.26621812,0.274974946,0.171541312,/Users/dharamkar.1/Library/CloudStorage/OneDrive-TheOhioStateUniversity/VSCode_image_processing_project/data/Step2_output/enhanced_sample_field/221.jpg,221,2.29,13.35,2
222.jpg,222,159.6346261,139.8553093,104.3414979,166.0,145.0,108,19.16669324,106.6446309,159.6350247,19,89,166.0,0.554893601,0.576823137,3846.421625,0.006028494,0.026802335,15.01371551,1.618385257,0.357989297,2.167393682,1.113921136,59.11966504,2.016754702,21.73640777,59.11966504,14.71462893,27.54750163,0.2629755,0.271573232,0.170407115,/Users/dharamkar.1/Library/CloudStorage/OneDrive-TheOhioStateUniversity/VSCode_image_processing_project/data/Step2_output/enhanced_sample_field/222.jpg,222,2.29,13.35,2
223.jpg,223,152.8904456,134.428691,99.96623884,158.0,138.0,103,19.43146126,108.9087412,152.8906051,19,89,158.0,0.532812043,0.548482745,3088.986887,0.006166001,0.032167372,14.95388126,1.670353889,0.32981115,2.133898989,1.094496479,56.92989764,1.674339695,21.13947743,56.92989764,13.7791307,26.62296091,0.239995112,0.248509413,0.15577101,/Users/dharamkar.1/Library/CloudStorage/OneDrive-TheOhioStateUniversity/VSCode_image_processing_project/data/Step2_output/enhanced_sample_field/223.jpg,223,2.29,13.35,2
224.jpg,224,149.0190529,130.784658,97.60684391,153.0,134.0,99,19.21755421,110.9740115,149.0196708,19,90,153.0,0.518695477,0.529526667,3005.068606,0.006227892,0.033628807,14.94031541,1.658048479,0.344090432,2.176911903,1.030818032,55.52416994,1.793893185,20.51901442,55.52416994,13.55334055,25.69739784,0.226715985,0.234414521,0.147853183,/Users/dharamkar.1/Library/CloudStorage/OneDrive-TheOhioStateUniversity/VSCode_image_processing_project/data/Step2_output/enhanced_sample_field/224.jpg,224,2.29,13.35,2
225.jpg,225,159.4474649,140.0474729,103.0629185,165.0,145.0,107,19.55036272,109.5515984,159.4475845,19,91,165.0,0.554915235,0.574229412,3907.227719,0.00600161,0.027149064,15.02927265,1.592042746,0.34989428,2.107071794,1.129830936,59.12982836,1.667356451,22.46101392,59.12982836,14.56042416,28.4372197,0.262236223,0.271683474,0.167075246,/Users/dharamkar.1/Library/CloudStorage/OneDrive-TheOhioStateUniversity/VSCode_image_processing_project/data/Step2_output/enhanced_sample_field/225.jpg,225,2.29,13.35,2
226.jpg,226,157.3766342,139.1652384,102.7378827,164.0,145.0,107,19.85584742,107.5346181,157.3773517,20,89,164.0,0.55062254,0.572317647,3717.758869,0.006034923,0.027941469,15.0174734,1.651696195,0.334559435,2.069448895,1.077735179,58.69014429,1.255929592,22.01958682,58.69014429,13.7207524,27.95374495,0.256700766,0.266941396,0.165597344,/Users/dharamkar.1/Library/CloudStorage/OneDrive-TheOhioStateUniversity/VSCode_image_processing_project/data/Step2_output/enhanced_sample_field/226.jpg,226,2.29,13.35,2
227.jpg,227,157.035794,138.7540657,102.1118862,163.5,144.0,106,19.85239955,108.7312261,157.0361129,20,90,163.5,0.549007968,0.570636078,3577.627703,0.006077325,0.028529172,15.00039879,1.618597837,0.335638795,2.073971188,1.114927993,58.53512958,1.262413903,22.15630846,58.53512958,13.78564871,28.0840351,0.255127355,0.265282783,0.163724487,/Users/dharamkar.1/Library/CloudStorage/OneDrive-TheOhioStateUniversity/VSCode_image_processing_project/data/Step2_output/enhanced_sample_field/227.jpg,227,2.29,13.35,2
228.jpg,228,158.1793886,139.3155891,101.2574538,164.0,145.0,105,19.90427695,110.4799904,158.1796277,20,92,164.0,0.551294725,0.572056863,3724.1662,0.006021211,0.026736625,15.01356598,1.559182349,0.347927612,2.068703025,1.165061282,58.77916652,1.316731149,22.97844154,58.77916652,14.27564763,29.03300394,0.257761408,0.267897026,0.161877761,/Users/dharamkar.1/Library/CloudStorage/OneDrive-TheOhioStateUniversity/VSCode_image_processing_project/data/Step2_output/enhanced_sample_field/228.jpg,228,2.29,13.35,2
229.jpg,229,159.2932677,140.412508,102.3510244,166.0,146.0,106,19.91250797,109.857661,159.2942044,20,92,166.0,0.555609555,0.578166275,3672.142497,0.006065708,0.027928111,14.99925947,1.542956177,0.353705535,2.069392277,1.19595997,59.20059335,1.309245419,22.94984675,59.20059335,14.28062804,29.06697616,0.262107932,0.272451896,0.165363962,/Users/dharamkar.1/Library/CloudStorage/OneDrive-TheOhioStateUniversity/VSCode_image_processing_project/data/Step2_output/enhanced_sample_field/229.jpg,229,2.29,13.35,2
230.jpg,230,177.9884606,148.7399753,105.2230349,187.0,156.0,111,17.92871094,114.6350048,177.9884606,18,103,187.0,0.595363557,0.625157255,2226.280429,0.007336299,0.031826332,14.52657694,1.664425251,0.518147914,2.36440971,1.661030493,63.26209579,4.827173204,27.07027887,63.26209579,21.79068355,33.5824952,0.316257526,0.319023508,0.179128678,/Users/dharamkar.1/Library/CloudStorage/OneDrive-TheOhioStateUniversity/VSCode_image_processing_project/data/Step2_output/enhanced_sample_field/230.jpg,230,1.92,8.89,2
231.jpg,231,175.2034837,147.3722298,104.2714047,184.0,155.0,110,18.23058833,114.4390745,175.2034837,18,103,184.0,0.588936477,0.618705882,2187.313821,0.007230639,0.03387362,14.55779253,1.643125064,0.493462215,2.311592375,1.621444916,62.61500574,4.312832995,26.6896067,62.61500574,20.77747017,33.16092366,0.307297258,0.311273668,0.175548597,/Users/dharamkar.1/Library/CloudStorage/OneDrive-TheOhioStateUniversity/VSCode_image_processing_project/data/Step2_output/enhanced_sample_field/231.jpg,231,1.92,8.89,2
232.jpg,232,167.5001794,140.0434072,99.49382175,174.0,146.0,105,17.8233817,114.820452,167.5004584,18,102,174.0,0.560605279,0.584855294,2401.216848,0.007245727,0.030887789,14.56865087,1.555663378,0.563596058,2.390844059,1.76573541,59.84406341,4.598280159,25.53246626,59.84406341,20.40575077,31.3711103,0.27703046,0.279505791,0.158609038,/Users/dharamkar.1/Library/CloudStorage/OneDrive-TheOhioStateUniversity/VSCode_image_processing_project/data/Step2_output/enhanced_sample_field/232.jpg,232,1.92,8.89,2
233.jpg,233,166.1894731,139.7785595,92.25589923,173.0,146.0,96,19.20729034,128.4340322,166.1894731,19,114,173.0,0.556723509,0.580361176,2951.407451,0.006471675,0.027036062,14.81545899,1.640954107,0.504244113,2.148583256,1.711128217,59.5233705,3.375358102,29.06877043,59.5233705,20.1924242,35.30080308,0.270550447,0.275975242,0.14082821,/Users/dharamkar.1/Library/CloudStorage/OneDrive-TheOhioStateUniversity/VSCode_image_processing_project/data/Step2_output/enhanced_sample_field/233.jpg,233,1.92,8.89,2
234.jpg,234,170.8999522,143.0019133,94.01875399,179.0,150.0,99,19.02588887,127.4933235,170.8999522,19,115,179.0,0.570190434,0.595749804,2550.293482,0.006901058,0.030716603,14.66912385,1.615687774,0.523544737,2.170451235,1.785482485,60.87165084,3.777309149,29.93471817,60.87165084,21.31914974,36.38914402,0.286175137,0.291021219,0.147009475,/Users/dharamkar.1/Library/CloudStorage/OneDrive-TheOhioStateUniversity/VSCode_image_processing_project/data/Step2_output/enhanced_sample_field/234.jpg,234,1.92,8.89,2
235.jpg,235,169.0630381,141.6997967,93.08143335,177.0,149.0,98,19.12073501,128.6387516,169.0630381,19,115,177.0,0.564741575,0.592415686,2886.31224,0.006661543,0.029621728,14.76153075,1.586254976,0.494588983,2.16476158,1.742063464,60.33059512,3.61896904,29.71308756,60.33059512,20.92716879,36.08136374,0.279842231,0.284919371,0.143973483,/Users/dharamkar.1/Library/CloudStorage/OneDrive-TheOhioStateUniversity/VSCode_image_processing_project/data/Step2_output/enhanced_sample_field/235.jpg,235,1.92,8.89,2
236.jpg,236,168.9709622,142.1222098,96.09857302,179.0,151.0,102,18.8685228,122.0331832,168.9709821,19,110,179.0,0.566703002,0.600779608,2553.285614,0.007181028,0.031088635,14.60622703,1.659341412,0.512133777,2.208024111,1.759900434,60.48207966,3.675499062,28.26123203,60.48207966,20.3670685,34.58953955,0.281636715,0.28661908,0.151357859,/Users/dharamkar.1/Library/CloudStorage/OneDrive-TheOhioStateUniversity/VSCode_image_processing_project/data/Step2_output/enhanced_sample_field/236.jpg,236,1.92,8.89,2
237.jpg,237,175.8468391,147.8673469,96.19427615,186.0,156.0,102,19.38703763,128.4136639,175.8468391,19,116,186.0,0.588577885,0.621236471,3314.764114,0.006691482,0.027564305,14.7639276,1.722082346,0.484792259,2.108407133,1.868466784,62.67620593,3.41633205,31.16897763,62.67620593,21.5111863,38.10971382,0.305600689,0.312001195,0.155226283,/Users/dharamkar.1/Library/CloudStorage/OneDrive-TheOhioStateUniversity/VSCode_image_processing_project/data/Step2_output/enhanced_sample_field/237.jpg,237,1.92,8.89,2
238.jpg,238,167.6662946,141.3709144,92.84881218,176.0,148.0,97,19.39544802,129.6561304,167.6662946,19,115,176.0,0.562589173,0.588702353,3340.587804,0.006260016,0.027313532,14.89835157,1.573305888,0.47358965,2.119444488,1.620422218,60.10186476,3.183184408,29.51835344,60.10186476,20.16469991,35.92238406,0.276269333,0.282365692,0.143128909,/Users/dharamkar.1/Library/CloudStorage/OneDrive-TheOhioStateUniversity/VSCode_image_processing_project/data/Step2_output/enhanced_sample_field/238.jpg,238,1.92,8.89,2
239.jpg,239,171.824996,144.4930246,94.08436304,182.0,153.0,99,19.36868224,129.2301698,171.824996,19,117,182.0,0.575163153,0.607201961,2475.014254,0.006819652,0.031909712,14.6978184,1.63606045,0.464977859,2.116630811,1.770137505,61.35816812,3.3518693,30.54119037,61.35816812,21.00078369,37.20142762,0.290478949,0.296581845,0.148010478,/Users/dharamkar.1/Library/CloudStorage/OneDrive-TheOhioStateUniversity/VSCode_image_processing_project/data/Step2_output/enhanced_sample_field/239.jpg,239,1.92,8.89,2
240.jpg,240,172.0515784,143.346879,92.67143654,181.0,151.0,97,19.08035714,132.7224171,172.0515784,19,119,181.0,0.571736973,0.601568235,3668.786115,0.006316468,0.027808718,14.88794789,1.599768348,0.49833432,2.166539637,1.745318473,61.05575801,3.932486822,30.92324779,61.05575801,22.01442461,37.40835174,0.288612552,0.293117213,0.144143622,/Users/dharamkar.1/Library/CloudStorage/OneDrive-TheOhioStateUniversity/VSCode_image_processing_project/data/Step2_output/enhanced_sample_field/240.jpg,240,1.92,8.89,2
241.jpg,241,179.8871971,150.9802296,98.00372688,190.0,159.0,104,19.35074538,127.8500478,179.8871971,19,116,190.0,0.601189625,0.634905098,2924.047966,0.006991653,0.029746127,14.6557833,1.66656024,0.491765478,2.108847745,1.901115427,63.91738066,3.600081774,31.86385146,63.91738066,22.22552489,39.04718072,0.320652022,0.327001508,0.161756693,/Users/dharamkar.1/Library/CloudStorage/OneDrive-TheOhioStateUniversity/VSCode_image_processing_project/data/Step2_output/enhanced_sample_field/241.jpg,241,1.92,8.89,2
242.jpg,242,171.4870057,143.7937859,96.69029018,179.0,151.0,102,18.85247927,120.9628308,171.4870057,19,110,179.0,0.5736566,0.600779608,2285.790599,0.00760704,0.030398831,14.45732222,1.772422349,0.540255091,2.196215737,1.968028684,61.1815911,3.877000953,28.89243509,61.1815911,21.02569195,35.34737942,0.289868798,0.294555553,0.1538913,/Users/dharamkar.1/Library/CloudStorage/OneDrive-TheOhioStateUniversity/VSCode_image_processing_project/data/Step2_output/enhanced_sample_field/242.jpg,242,1.92,8.89,2
243.jpg,243,177.3977997,149.3973214,98.29528061,186.0,157.0,105,19.37191087,123.8240195,177.3977997,19,112,186.0,0.594756729,0.626032157,1991.451814,0.007674701,0.034809524,14.42418182,1.669703739,0.491511695,2.10502381,1.862210032,63.26322014,3.452033225,30.82033268,63.26322014,21.466053,37.8626102,0.312519983,0.319037085,0.161370597,/Users/dharamkar.1/Library/CloudStorage/OneDrive-TheOhioStateUniversity/VSCode_image_processing_project/data/Step2_output/enhanced_sample_field/243.jpg,243,1.92,8.89,2
244.jpg,244,183.8625239,156.5098852,107.5064971,194.0,165.0,114,19.21839126,115.3894093,183.8625239,19,105,194.0,0.622702654,0.656775686,2523.381706,0.007465786,0.031283103,14.50344334,1.623019229,0.452973602,2.128461877,1.643182374,65.90069036,3.266990483,29.39110826,65.90069036,20.76794874,36.88655131,0.343897555,0.351956281,0.190280091,/Users/dharamkar.1/Library/CloudStorage/OneDrive-TheOhioStateUniversity/VSCode_image_processing_project/data/Step2_output/enhanced_sample_field/244.jpg,244,1.92,8.89,2
245.jpg,245,172.9827208,145.2928292,98.29101563,181.0,152.0,104,18.84598214,119.7905971,172.9827208,19,109,181.0,0.579561178,0.606941176,2256.382547,0.007623367,0.030781027,14.4427299,1.703741023,0.521048663,2.198192384,1.864948707,61.7502854,3.854745974,28.78551273,61.7502854,20.99746525,35.34949663,0.296190378,0.301114735,0.158760757,/Users/dharamkar.1/Library/CloudStorage/OneDrive-TheOhioStateUniversity/VSCode_image_processing_project/data/Step2_output/enhanced_sample_field/245.jpg,245,1.92,8.89,2
246.jpg,246,183.7239517,153.4908123,107.2066526,196.0,164.0,115,18.06843909,116.8295599,183.7239517,18,106,196.0,0.614032418,0.655949412,2224.367112,0.007546276,0.034613589,14.49205477,1.552681001,0.471705927,2.342329247,1.546813793,65.09514976,4.824519703,28.49895457,65.09514976,22.635012,35.45634428,0.33838315,0.341673009,0.187755572,/Users/dharamkar.1/Library/CloudStorage/OneDrive-TheOhioStateUniversity/VSCode_image_processing_project/data/Step2_output/enhanced_sample_field/246.jpg,246,1.92,8.89,2
247.jpg,247,166.370456,141.515346,95.39315609,177.0,150.0,101,19.39194037,123.5987325,166.3704959,19,110,177.0,0.56263391,0.597125882,2868.514334,0.006598436,0.030351176,14.79803483,1.562703702,0.445196914,2.134365036,1.606826634,60.05448099,2.834467272,28.04319848,60.05448099,18.97367503,34.44765921,0.274887934,0.281838587,0.149093689,/Users/dharamkar.1/Library/CloudStorage/OneDrive-TheOhioStateUniversity/VSCode_image_processing_project/data/Step2_output/enhanced_sample_field/247.jpg,247,1.92,8.89,2
248.jpg,248,170.9925263,145.1396086,95.98389668,182.0,154.0,102,19.59438776,126.1972258,170.9925263,20,113,182.0,0.576820497,0.612619608,3006.008728,0.006641872,0.031105191,14.78133817,1.66670172,0.439926527,2.082642428,1.653169948,61.47798299,2.847323639,29.64962503,61.47798299,19.85519968,36.40727723,0.290509735,0.297962048,0.152802967,/Users/dharamkar.1/Library/CloudStorage/OneDrive-TheOhioStateUniversity/VSCode_image_processing_project/data/Step2_output/enhanced_sample_field/248.jpg,248,1.92,8.89,2
249.jpg,249,172.836376,146.7041414,96.78117028,183.0,155.0,103,19.63679847,125.9290697,172.836376,20,113,183.0,0.582971745,0.61812549,3042.706819,0.006672619,0.029077413,14.77016751,1.659025702,0.44331006,2.075987483,1.724018489,62.08458392,2.849434459,30.03417566,62.08458392,20.08967297,36.92950322,0.297333749,0.305015517,0.155738363,/Users/dharamkar.1/Library/CloudStorage/OneDrive-TheOhioStateUniversity/VSCode_image_processing_project/data/Step2_output/enhanced_sample_field/249.jpg,249,1.92,8.89,2
250.jpg,250,159.2425263,136.6790298,92.99868463,167.0,143.0,97,19.80143893,123.9182876,159.2433833,20,108,167.0,0.542448706,0.567819216,3554.673487,0.006047875,0.027782676,14.98115121,1.567977533,0.412798219,2.067166434,1.391466164,58.02506199,2.2334633,26.58776066,58.02506199,17.23809393,32.64579909,0.252225498,0.259873725,0.140401409,/Users/dharamkar.1/Library/CloudStorage/OneDrive-TheOhioStateUniversity/VSCode_image_processing_project/data/Step2_output/enhanced_sample_field/250.jpg,250,1.92,8.89,2
251.jpg,251,157.2653261,135.2440808,91.95063377,164.0,141.0,95,19.87396365,124.5090282,157.2655054,20,108,164.0,0.536478972,0.559584706,3291.092629,0.006135703,0.028425126,14.95183202,1.624575284,0.400037899,2.060136916,1.368729428,57.42827255,2.07381805,26.35280113,57.42827255,16.8439789,32.31640584,0.24584617,0.253638961,0.137117516,/Users/dharamkar.1/Library/CloudStorage/OneDrive-TheOhioStateUniversity/VSCode_image_processing_project/data/Step2_output/enhanced_sample_field/251.jpg,251,1.92,8.89,2
252.jpg,252,184.307099,157.6471421,109.1326132,191.0,163.0,113,19.39496971,110.3416773,184.307099,19,103,191.0,0.626723472,0.648947451,2289.150885,0.008916073,0.033246371,14.1239344,1.73441935,0.436730544,2.105778492,1.962872406,66.26730653,3.01470408,29.00109255,66.26730653,20.23347597,36.57878334,0.347757236,0.356703908,0.195545952,/Users/dharamkar.1/Library/CloudStorage/OneDrive-TheOhioStateUniversity/VSCode_image_processing_project/data/Step2_output/enhanced_sample_field/252.jpg,252,2.5,7.68,3
253.jpg,253,185.905971,158.1224091,108.9813656,193.0,164.0,114,19.14347497,112.1480389,185.905971,19,105,193.0,0.629346458,0.654573333,2145.10418,0.008891813,0.033888385,14.13172982,1.612191818,0.438467584,2.139398973,1.906512789,66.54146268,3.399292061,29.46956007,66.54146268,21.06020382,37.05873518,0.352346637,0.360281958,0.195567868,/Users/dharamkar.1/Library/CloudStorage/OneDrive-TheOhioStateUniversity/VSCode_image_processing_project/data/Step2_output/enhanced_sample_field/253.jpg,253,2.5,7.68,3
254.jpg,254,176.2930285,150.4132454,103.5788026,186.0,158.0,109,19.30432876,115.594308,176.2930285,19,105,186.0,0.598180141,0.629384314,3116.236787,0.007334046,0.028079324,14.58698591,1.589723027,0.449867495,2.12035304,1.781466225,63.50907203,3.014094932,28.25867875,63.50907203,19.64967055,35.28448952,0.314212215,0.322014988,0.175415203,/Users/dharamkar.1/Library/CloudStorage/OneDrive-TheOhioStateUniversity/VSCode_image_processing_project/data/Step2_output/enhanced_sample_field/254.jpg,254,2.5,7.68,3
255.jpg,255,174.4454321,148.9897361,103.2425263,183.0,156.0,109,19.28282446,114.7994659,174.4454321,19,104,183.0,0.592551756,0.621496471,2920.252643,0.007130903,0.028061025,14.61755279,1.714523061,0.447783197,2.120832813,1.656158985,62.95010555,2.987689237,27.67749904,62.95010555,19.28972009,34.56176906,0.307617727,0.315271111,0.173571788,/Users/dharamkar.1/Library/CloudStorage/OneDrive-TheOhioStateUniversity/VSCode_image_processing_project/data/Step2_output/enhanced_sample_field/255.jpg,255,2.5,7.68,3
256.jpg,256,169.171596,144.1864039,99.11120855,179.0,153.0,106,19.26654177,120.2735371,169.1718152,19,105,179.0,0.573513081,0.606993725,3247.256026,0.006561373,0.026397395,14.80884687,1.638761038,0.447311749,2.162216769,1.565270599,61.09921305,2.956668291,27.41919796,61.09921305,18.96245902,33.95700866,0.286585818,0.293613397,0.159866285,/Users/dharamkar.1/Library/CloudStorage/OneDrive-TheOhioStateUniversity/VSCode_image_processing_project/data/Step2_output/enhanced_sample_field/256.jpg,256,2.5,7.68,3
257.jpg,257,170.9491191,146.0093072,100.4868264,182.0,155.0,107,19.3263911,118.9112524,170.949139,19,105,182.0,0.580497437,0.616741176,3467.829116,0.006576641,0.028275902,14.81484251,1.619537096,0.432562451,2.136273081,1.540762957,61.77805484,2.852520024,27.58565276,61.77805484,18.94411961,34.28005125,0.293883048,0.30143749,0.164473365,/Users/dharamkar.1/Library/CloudStorage/OneDrive-TheOhioStateUniversity/VSCode_image_processing_project/data/Step2_output/enhanced_sample_field/257.jpg,257,2.5,7.68,3
258.jpg,258,184.4828205,157.958805,109.7337572,191.0,164.0,114,19.39911511,109.7228954,184.4828205,19,103,191.0,0.627914244,0.651447451,2231.379584,0.008866729,0.032727336,14.13790273,1.750470032,0.423552856,2.108153817,1.888838102,66.37550655,2.985912065,28.82158931,66.37550655,20.11387398,36.4071201,0.349035374,0.358113198,0.197455211,/Users/dharamkar.1/Library/CloudStorage/OneDrive-TheOhioStateUniversity/VSCode_image_processing_project/data/Step2_output/enhanced_sample_field/258.jpg,258,2.5,7.68,3
259.jpg,259,181.5543288,156.2952208,108.0088887,193.0,166.0,115,19.70729034,112.3746014,181.5543288,20,103,193.0,0.620318968,0.657929412,2553.849295,0.008465905,0.035546879,14.32317206,1.594002825,0.386534386,2.063984723,1.710867182,65.6328418,2.485768438,28.72853974,65.6328418,19.25500018,36.27820913,0.338322672,0.348514441,0.191306841,/Users/dharamkar.1/Library/CloudStorage/OneDrive-TheOhioStateUniversity/VSCode_image_processing_project/data/Step2_output/enhanced_sample_field/259.jpg,259,2.5,7.68,3
260.jpg,260,180.4293487,155.3077766,107.1549147,191.0,165.0,114,19.73447465,113.2168367,180.4294683,20,103,191.0,0.616369762,0.654573333,2592.11445,0.007815858,0.032921575,14.45082225,1.573222363,0.398584992,2.059591565,1.697907864,65.25241369,2.461191301,28.67249828,65.25241369,19.16044998,36.15536488,0.333577824,0.343664637,0.188249854,/Users/dharamkar.1/Library/CloudStorage/OneDrive-TheOhioStateUniversity/VSCode_image_processing_project/data/Step2_output/enhanced_sample_field/260.jpg,260,2.5,7.68,3
261.jpg,261,170.9154377,147.9211974,100.9655014,184.0,159.0,108,20.1545161,119.0496652,170.9154377,20,105,184.0,0.585968501,0.629339608,3466.235106,0.00653271,0.027843684,14.83195696,1.562517936,0.378776287,2.010166455,1.487496277,62.29070782,1.839843112,27.99283053,62.29070782,17.66920246,35.01467001,0.297015542,0.307437394,0.166691571,/Users/dharamkar.1/Library/CloudStorage/OneDrive-TheOhioStateUniversity/VSCode_image_processing_project/data/Step2_output/enhanced_sample_field/261.jpg,261,2.5,7.68,3
262.jpg,262,166.0764708,143.4128268,98.40802376,176.0,152.0,104,20.03039302,116.6809232,166.0769093,20,105,176.0,0.568564725,0.602246667,2945.412636,0.007285112,0.031225723,14.63260605,1.691890416,0.422971385,2.027794632,1.815544654,60.58267719,2.003406176,27.07327186,60.58267719,17.34375877,33.68336016,0.278509202,0.287751546,0.157403318,/Users/dharamkar.1/Library/CloudStorage/OneDrive-TheOhioStateUniversity/VSCode_image_processing_project/data/Step2_output/enhanced_sample_field/262.jpg,262,2.5,7.68,3
263.jpg,263,175.6537588,150.3011599,102.7180525,184.0,157.0,107,19.60985332,114.825295,175.6537588,20,106,184.0,0.597089589,0.623498431,2534.509009,0.008254961,0.03275662,14.34662534,1.632951614,0.444642956,2.083054901,2.001766332,63.40381118,2.71147825,28.57719004,63.40381118,19.33545443,35.66980582,0.312154562,0.320737748,0.173008485,/Users/dharamkar.1/Library/CloudStorage/OneDrive-TheOhioStateUniversity/VSCode_image_processing_project/data/Step2_output/enhanced_sample_field/263.jpg,263,2.5,7.68,3
264.jpg,264,175.1003667,150.1629863,102.8515824,185.0,159.0,109,19.66420201,115.849709,175.1003667,20,105,185.0,0.596278539,0.630523137,2602.591268,0.007692735,0.031588087,14.49172456,1.640224126,0.415041197,2.071472701,1.746774629,63.31644931,2.571577885,28.38067018,63.31644931,19.02707391,35.47090621,0.310754662,0.319680264,0.173228481,/Users/dharamkar.1/Library/CloudStorage/OneDrive-TheOhioStateUniversity/VSCode_image_processing_project/data/Step2_output/enhanced_sample_field/264.jpg,264,2.5,7.68,3
265.jpg,265,168.6297832,144.604552,99.49629305,180.0,154.0,105,19.54691486,117.7769452,168.6297832,19,106,180.0,0.574343561,0.610915294,3287.721152,0.006768924,0.028800564,14.76330107,1.563981597,0.427547797,2.087676814,1.632490554,61.16445197,2.542259725,27.28355249,61.16445197,18.28905419,33.90677169,0.286244374,0.294359367,0.160996801,/Users/dharamkar.1/Library/CloudStorage/OneDrive-TheOhioStateUniversity/VSCode_image_processing_project/data/Step2_output/enhanced_sample_field/265.jpg,265,2.5,7.68,3
266.jpg,266,165.0561424,142.7078284,96.32720823,175.0,151.0,102,20.22666215,124.9063098,165.0563616,20,106,175.0,0.565148245,0.597967059,4050.63543,0.006078528,0.026972626,14.98335925,1.587949625,0.38158381,2.00967526,1.422417432,60.26133281,1.724420899,27.77589065,60.26133281,17.22560098,34.42813269,0.274343489,0.284144468,0.151817388,/Users/dharamkar.1/Library/CloudStorage/OneDrive-TheOhioStateUniversity/VSCode_image_processing_project/data/Step2_output/enhanced_sample_field/266.jpg,266,2.5,7.68,3
267.jpg,267,175.8112444,151.0103037,104.8907246,187.0,160.0,112,19.48565051,115.3761958,175.8112444,19,103,187.0,0.599824635,0.637800784,3396.724576,0.006985388,0.027562402,14.70270426,1.631369534,0.399968917,2.107645184,1.599862436,63.642368,2.636260743,27.71084767,63.642368,18.83788503,34.79065197,0.314748879,0.323637267,0.179202601,/Users/dharamkar.1/Library/CloudStorage/OneDrive-TheOhioStateUniversity/VSCode_image_processing_project/data/Step2_output/enhanced_sample_field/267.jpg,267,2.5,7.68,3
268.jpg,268,179.0794802,153.7779416,106.4736527,188.0,162.0,112,19.56128428,112.6054289,179.0794802,19,104,188.0,0.610760311,0.64202,2397.139734,0.008222783,0.034430845,14.35145716,1.628251491,0.414727943,2.084669371,1.824118109,64.7102468,2.659453886,28.30802644,64.7102468,19.24210384,35.62299687,0.327546188,0.336831003,0.185373923,/Users/dharamkar.1/Library/CloudStorage/OneDrive-TheOhioStateUniversity/VSCode_image_processing_project/data/Step2_output/enhanced_sample_field/268.jpg,268,2.5,7.68,3
269.jpg,269,136.5585738,116.7372648,74.22933275,135.0,116.0,73,20.60104432,120.9175303,136.5585738,21,118,135.0,0.462292043,0.458271765,1045.181895,0.011746719,0.040932817,13.26880788,1.22947359,0.801526298,1.932995062,1.305660439,50.02659028,1.570044899,26.27425452,50.02659028,15.36246386,30.78574672,0.178192307,0.184409225,0.091381272,/Users/dharamkar.1/Library/CloudStorage/OneDrive-TheOhioStateUniversity/VSCode_image_processing_project/data/Step2_output/enhanced_sample_field/269.jpg,269,2.05,0.0,2
270.jpg,270,137.4880823,118.8940411,80.05357143,137.0,118.0,79,20.14790373,109.9330745,137.4880823,20,107,137.0,0.470764224,0.468950196,945.6078768,0.012483876,0.044961004,13.08105529,1.571541435,0.730736213,1.960467602,1.439212893,50.8144141,1.413661951,24.02376852,50.8144141,14.25068067,28.73145787,0.184312467,0.191089369,0.103151591,/Users/dharamkar.1/Library/CloudStorage/OneDrive-TheOhioStateUniversity/VSCode_image_processing_project/data/Step2_output/enhanced_sample_field/270.jpg,270,2.05,0.0,2
271.jpg,271,119.6610132,109.1000877,79.02425462,120.0,109.0,79,22.22189892,88.47937261,119.661073,22,87,120.0,0.428140458,0.428700784,446.9298727,0.017136375,0.065068937,12.22455396,2.962782651,0.384608278,1.70076865,0.602544006,46.30197541,-0.823974276,18.3350191,46.30197541,8.265321905,22.35821055,0.14590363,0.15492856,0.096214959,/Users/dharamkar.1/Library/CloudStorage/OneDrive-TheOhioStateUniversity/VSCode_image_processing_project/data/Step2_output/enhanced_sample_field/271.jpg,271,2.05,0.0,2
272.jpg,272,133.9261998,114.8788664,75.26267538,133.0,113.0,74,20.24455915,120.1455676,133.9261998,20,114,133.0,0.455176852,0.449878039,1834.352598,0.009066363,0.031948215,13.96560159,1.567827825,0.554796011,1.965411094,1.340630666,49.26303406,1.595295721,24.65746105,49.26303406,14.63347993,29.01294245,0.17216071,0.178085194,0.09232472,/Users/dharamkar.1/Library/CloudStorage/OneDrive-TheOhioStateUniversity/VSCode_image_processing_project/data/Step2_output/enhanced_sample_field/272.jpg,272,2.29,0.0,2
273.jpg,273,128.2927475,110.5655022,79.03820801,129.0,112.0,79,19.11436081,110.8056297,128.2927475,19,98,129.0,0.439448721,0.442645098,1837.665159,0.007507256,0.034000076,14.4739841,1.809162149,0.481618216,2.147219276,1.245002186,47.56193807,2.08168022,20.15765693,47.56193807,13.17037817,23.97596651,0.159962379,0.164519517,0.097352552,/Users/dharamkar.1/Library/CloudStorage/OneDrive-TheOhioStateUniversity/VSCode_image_processing_project/data/Step2_output/enhanced_sample_field/273.jpg,273,2.29,0.0,2
274.jpg,274,106.6364397,97.28587372,72.3119021,106.0,96.0,71,21.95912388,85.33946508,106.6364397,22,83,106.0,0.382244101,0.379119216,562.1675408,0.015430435,0.061537071,12.56725222,1.314758342,0.162052454,1.751259118,0.425176857,41.49754194,-0.528531342,15.62095815,41.49754194,7.138125105,18.62963596,0.115008724,0.121779411,0.079273532,/Users/dharamkar.1/Library/CloudStorage/OneDrive-TheOhioStateUniversity/VSCode_image_processing_project/data/Step2_output/enhanced_sample_field/274.jpg,274,2.29,0.0,2
275.jpg,275,137.589784,114.3553691,67.94114716,136.0,113.0,66,20.05536511,138.0539501,137.589784,20,132,136.0,0.454691046,0.448181569,1932.1247,0.008977587,0.030939382,13.98742031,2.247404809,0.671053025,2.004962522,1.422220974,49.37566151,2.727582323,28.98235688,49.37566151,18.06077452,32.97339481,0.175131094,0.179008775,0.079906165,/Users/dharamkar.1/Library/CloudStorage/OneDrive-TheOhioStateUniversity/VSCode_image_processing_project/data/Step2_output/enhanced_sample_field/275.jpg,275,1.92,0.0,2
276.jpg,276,141.4838568,119.3060826,76.59821429,140.0,117.0,74,19.70820711,124.7541255,141.4838568,20,120,140.0,0.474273029,0.466129804,2012.847614,0.00902043,0.030235447,13.98194029,1.377203442,0.7231383,2.040484661,1.486054078,51.27052467,2.528601731,26.63742261,51.27052467,17.02455256,31.23907507,0.190261751,0.195029576,0.09707311,/Users/dharamkar.1/Library/CloudStorage/OneDrive-TheOhioStateUniversity/VSCode_image_processing_project/data/Step2_output/enhanced_sample_field/276.jpg,276,1.92,0.0,2
277.jpg,277,120.0549665,106.2929887,73.51263552,120.0,106.0,73,21.15902025,103.087492,120.0549665,21,100,120.0,0.41903508,0.417456863,858.7703395,0.012809383,0.047001605,13.02078554,2.522946731,0.434550097,1.841303077,0.763710615,45.43354353,0.245056845,20.40151437,45.43354353,10.56647228,24.17760516,0.141574922,0.148539765,0.085123332,/Users/dharamkar.1/Library/CloudStorage/OneDrive-TheOhioStateUniversity/VSCode_image_processing_project/data/Step2_output/enhanced_sample_field/277.jpg,277,1.92,0.0,2
278.jpg,278,132.9319196,111.4324179,68.74214764,134.0,112.0,69,19.95457988,126.0106824,132.9319196,20,123,134.0,0.442835661,0.444557647,583.3058336,0.015038678,0.053461734,12.54822836,1.266560132,1.039437111,2.008015981,1.075428058,48.09809343,2.41598665,26.82967832,48.09809343,16.58226826,30.69252401,0.164605137,0.16871798,0.079763037,/Users/dharamkar.1/Library/CloudStorage/OneDrive-TheOhioStateUniversity/VSCode_image_processing_project/data/Step2_output/enhanced_sample_field/278.jpg,278,2.5,0.0,3
279.jpg,279,132.4969906,111.3895089,69.98658721,133.0,112.0,70,19.88803412,122.9180485,132.4969906,20,120,133.0,0.442704699,0.443173725,549.1009769,0.015546686,0.055518125,12.4441007,1.337011615,0.999234106,2.020977115,1.050206021,48.06111873,2.381431856,26.07260645,48.06111873,16.21628272,29.96948535,0.164261764,0.168426176,0.081762012,/Users/dharamkar.1/Library/CloudStorage/OneDrive-TheOhioStateUniversity/VSCode_image_processing_project/data/Step2_output/enhanced_sample_field/279.jpg,279,2.5,0.0,3
280.jpg,280,123.1233458,109.3210499,77.56792092,124.0,110.0,78,20.79832988,95.84496572,123.1233458,21,94,124.0,0.431233871,0.433158039,298.6282231,0.019949214,0.077664437,11.77254,3.774064137,0.587199974,1.87073502,0.515258338,46.67181166,0.357325232,19.73680752,46.67181166,10.52625457,23.69502641,0.150488547,0.157704026,0.093760165,/Users/dharamkar.1/Library/CloudStorage/OneDrive-TheOhioStateUniversity/VSCode_image_processing_project/data/Step2_output/enhanced_sample_field/280.jpg,280,2.5,0.0,3
281.jpg,281,101.6096739,92.51959104,72.95906409,85.0,75.0,55,20.76137994,96.14006696,101.6098135,21,89,85.0,0.364866352,0.296766275,2518.654328,0.008587778,0.037128368,14.36202784,1.81031799,0.139690431,1.924064349,0.465493199,39.62666044,0.210419147,12.59949832,39.62666044,6.611517236,14.97590834,0.105088768,0.110274474,0.078693455,/Users/dharamkar.1/Library/CloudStorage/OneDrive-TheOhioStateUniversity/VSCode_image_processing_project/data/Step2_output/enhanced_sample_field/281.jpg,281,2.05,47.79,2
282.jpg,282,104.599988,94.48471381,75.8334662,87.0,76.0,57,19.65555246,92.67189493,104.599988,19,87,87.0,0.373684136,0.302116471,2859.969771,0.008620906,0.037267588,14.39290441,1.794798393,0.156277004,2.087592143,0.46468726,40.55820698,0.78490943,12.18312585,40.55820698,7.211845701,14.53853705,0.111234489,0.115907872,0.084565061,/Users/dharamkar.1/Library/CloudStorage/OneDrive-TheOhioStateUniversity/VSCode_image_processing_project/data/Step2_output/enhanced_sample_field/282.jpg,282,2.05,47.79,2
283.jpg,283,111.9011878,100.5722258,76.92299107,96.0,84.0,59,20.46418607,98.97437022,111.9012077,20,98,96.0,0.397154982,0.332060392,2157.035854,0.009170048,0.043714866,14.22815624,1.651807839,0.16246973,1.960839596,0.537486962,43.05994152,0.502473436,15.07020577,43.05994152,8.345403368,18.09284012,0.126186417,0.131979072,0.088876689,/Users/dharamkar.1/Library/CloudStorage/OneDrive-TheOhioStateUniversity/VSCode_image_processing_project/data/Step2_output/enhanced_sample_field/283.jpg,283,2.05,47.79,2
284.jpg,284,113.3334263,102.5834064,79.29549984,98.0,87.0,62,20.88089923,106.894611,113.3349809,20,91,98.0,0.404661677,0.342716078,4677.377562,0.006606873,0.024391813,14.89511506,1.64057109,0.177271235,1.92700465,0.587510204,43.82854943,0.287394675,14.72647359,43.82854943,7.947785219,17.86146591,0.130840154,0.13719916,0.094105053,/Users/dharamkar.1/Library/CloudStorage/OneDrive-TheOhioStateUniversity/VSCode_image_processing_project/data/Step2_output/enhanced_sample_field/284.jpg,284,2.05,47.79,2
285.jpg,285,103.7128707,95.14138233,79.58288823,86.0,77.0,61,19.59853316,85.77132494,103.7128707,20,73,86.0,0.375847279,0.304907059,4925.558536,0.00724332,0.026236599,14.75224478,1.859706377,0.136081343,2.113247322,0.412424865,40.75003836,0.61326014,10.1590127,40.75003836,6.028939833,12.3084948,0.112130887,0.117091268,0.091761204,/Users/dharamkar.1/Library/CloudStorage/OneDrive-TheOhioStateUniversity/VSCode_image_processing_project/data/Step2_output/enhanced_sample_field/285.jpg,285,2.05,47.79,2
286.jpg,286,101.8746853,96.00613593,80.11546177,88.0,82.0,66,22.1780011,74.71731435,101.8762587,22,62,88.0,0.376892098,0.322878039,3182.234448,0.007733295,0.031481524,14.52108167,1.967604625,0.104619921,1.746210643,0.380719228,40.84087732,-0.599491222,9.936043388,40.84087732,4.373053636,12.26271549,0.111008153,0.117654448,0.09295806,/Users/dharamkar.1/Library/CloudStorage/OneDrive-TheOhioStateUniversity/VSCode_image_processing_project/data/Step2_output/enhanced_sample_field/286.jpg,286,2.05,47.79,2
287.jpg,287,122.1324139,114.2675981,96.72197864,115.0,107.0,89,21.00657685,76.90656888,122.1328324,21,56,115.0,0.449701303,0.420649412,5583.316744,0.005681686,0.019141792,15.16237471,1.842622645,0.14259434,1.918379275,0.476729685,48.38649919,-0.09521261,10.83218685,48.38649919,5.745148555,13.91762121,0.162368516,0.171005654,0.136836013,/Users/dharamkar.1/Library/CloudStorage/OneDrive-TheOhioStateUniversity/VSCode_image_processing_project/data/Step2_output/enhanced_sample_field/287.jpg,287,2.29,52.65,2
288.jpg,288,109.8768933,103.2427655,90.33850845,102.0,95.0,83,20.03160874,66.66189015,109.8768933,20,49,102.0,0.406753415,0.37641098,5318.296084,0.006039188,0.019034617,15.00560919,1.792506104,0.117266279,2.049536169,0.380250711,43.94497821,0.213554121,8.224404061,43.94497821,4.671959156,10.3700136,0.131491977,0.138001705,0.117167989,/Users/dharamkar.1/Library/CloudStorage/OneDrive-TheOhioStateUniversity/VSCode_image_processing_project/data/Step2_output/enhanced_sample_field/288.jpg,288,2.29,52.65,2
289.jpg,289,102.7098613,97.69433594,84.07778619,97.0,92.0,79,22.17313058,63.20368304,102.7114756,22,49,97.0,0.383444635,0.361260392,3059.920624,0.006868357,0.025501259,14.63739034,1.852700012,0.100956912,1.747284371,0.349847648,41.51056337,-0.572998365,8.479865008,41.51056337,3.716870746,10.62076115,0.115024992,0.121862167,0.101473154,/Users/dharamkar.1/Library/CloudStorage/OneDrive-TheOhioStateUniversity/VSCode_image_processing_project/data/Step2_output/enhanced_sample_field/289.jpg,289,2.29,52.65,2
290.jpg,290,123.6392498,105.9083825,74.82334184,119.0,101.0,69,19.03784678,122.6303611,123.6396684,19,106,119.0,0.42131357,0.403169412,3487.221352,0.006397746,0.021174304,14.82055006,1.711810326,0.36629247,2.187069051,0.998984775,45.70760962,2.217608013,20.06563742,45.70760962,13.15079339,23.51925523,0.146689263,0.150536635,0.087560234,/Users/dharamkar.1/Library/CloudStorage/OneDrive-TheOhioStateUniversity/VSCode_image_processing_project/data/Step2_output/enhanced_sample_field/290.jpg,290,1.92,45.85,2
291.jpg,291,111.4296277,96.68040497,75.59030214,106.0,91.0,70,17.54653619,101.8740234,111.4296875,18,87,106.0,0.385466739,0.363425098,3464.931354,0.006780917,0.02235042,14.66871745,1.675936915,0.302819374,2.424466981,0.680920491,41.86738281,2.412917394,14.23544989,41.86738281,10.40848413,16.68121074,0.121453271,0.12414452,0.085175634,/Users/dharamkar.1/Library/CloudStorage/OneDrive-TheOhioStateUniversity/VSCode_image_processing_project/data/Step2_output/enhanced_sample_field/291.jpg,291,1.92,45.85,2
292.jpg,292,113.7234136,101.3863799,78.31317761,110.0,97.0,74,19.51259566,93.30044244,113.7234136,20,83,110.0,0.401350673,0.385578431,2162.347494,0.007598988,0.028109511,14.36231674,1.510512982,0.251012611,2.081090725,0.645187538,43.50194036,1.017355853,14.87244312,43.50194036,8.966690002,17.8488149,0.129812275,0.134964459,0.091859277,/Users/dharamkar.1/Library/CloudStorage/OneDrive-TheOhioStateUniversity/VSCode_image_processing_project/data/Step2_output/enhanced_sample_field/292.jpg,292,1.92,45.85,2
293.jpg,293,110.9156768,98.75878906,76.86375957,108.0,96.0,74,19.27391582,96.90908004,110.9156768,19,81,108.0,0.391229396,0.378874118,3028.037236,0.006863191,0.022535961,14.62064773,1.575635697,0.245904447,2.139353801,0.692602227,42.43959727,1.139365234,14.2439879,42.43959727,8.76367041,16.99208949,0.123187311,0.12786382,0.088130927,/Users/dharamkar.1/Library/CloudStorage/OneDrive-TheOhioStateUniversity/VSCode_image_processing_project/data/Step2_output/enhanced_sample_field/293.jpg,293,2.5,57.41,3
294.jpg,294,108.6506497,99.16380341,81.80389031,105.0,96.0,78,19.63420759,76.39016661,108.6506497,20,65,105.0,0.391874935,0.378010196,2902.85432,0.007258948,0.023920456,14.47599111,1.919696468,0.205309351,2.103616222,0.515515996,42.44568567,0.686990368,11.24725191,42.44568567,6.736429211,13.71435604,0.122565984,0.127903788,0.097644405,/Users/dharamkar.1/Library/CloudStorage/OneDrive-TheOhioStateUniversity/VSCode_image_processing_project/data/Step2_output/enhanced_sample_field/294.jpg,294,2.5,57.41,3
295.jpg,295,103.0092674,95.99483817,77.75179369,99.0,92.0,74,21.87531888,73.79456314,103.0092674,22,65,99.0,0.377137572,0.362078824,1714.563,0.008284619,0.031447006,14.13100328,1.888462827,0.143970481,1.775961713,0.481011658,40.88952321,-0.498908241,11.45442964,40.88952321,5.228839417,13.97956996,0.111431454,0.117956781,0.088489023,/Users/dharamkar.1/Library/CloudStorage/OneDrive-TheOhioStateUniversity/VSCode_image_processing_project/data/Step2_output/enhanced_sample_field/295.jpg,295,2.5,57.41,3
296.jpg,296,113.6550941,94.63091916,61.77333785,113.0,94.0,61,19.00882892,123.1902702,113.6550941,19,117,113.0,0.377664803,0.375398039,949.9443266,0.011973325,0.044194918,13.24038441,1.867976272,0.409878449,2.164207828,0.740541525,41.24519331,2.806545478,21.66841339,41.24519331,14.17958986,24.06937612,0.118172696,0.120183019,0.062208982,/Users/dharamkar.1/Library/CloudStorage/OneDrive-TheOhioStateUniversity/VSCode_image_processing_project/data/Step2_output/enhanced_sample_field/296.jpg,296,2.05,27.86,2
297.jpg,297,73.69461496,61.77224171,40.18331473,73.0,61.0,39,19.2267618,122.9035395,73.69461496,19,118,73.0,0.246075233,0.242429804,463.2078996,0.017841235,0.063358065,12.16986375,1.720907535,0.099782872,2.119401206,0.334430241,26.78871197,1.618679747,15.20731919,26.78871197,8.284276629,14.88351471,0.048970768,0.050189593,0.027340972,/Users/dharamkar.1/Library/CloudStorage/OneDrive-TheOhioStateUniversity/VSCode_image_processing_project/data/Step2_output/enhanced_sample_field/297.jpg,297,2.05,27.86,2
298.jpg,298,96.83484136,85.39413265,59.89391342,97.0,85.0,60,20.93508849,104.5763114,96.83484136,21,98,97.0,0.337202814,0.336845098,725.0122918,0.012911527,0.050440522,13.0225553,1.460716458,0.145611837,1.902083381,0.394401084,36.77510971,0.457521421,16.60385678,36.77510971,8.488295482,18.6276029,0.090047093,0.094170194,0.056023945,/Users/dharamkar.1/Library/CloudStorage/OneDrive-TheOhioStateUniversity/VSCode_image_processing_project/data/Step2_output/enhanced_sample_field/298.jpg,298,2.05,27.86,2
299.jpg,299,100.0921755,87.00793208,59.9559949,100.0,87.0,60,20.42109774,109.1759606,100.0921755,20,103,100.0,0.34446231,0.344643529,790.0942104,0.012920665,0.048976412,13.02077385,1.835565577,0.177123024,1.971844962,0.41635554,37.58712778,0.97385748,17.7029215,37.58712778,9.689302296,19.77897207,0.094891558,0.098584235,0.056706705,/Users/dharamkar.1/Library/CloudStorage/OneDrive-TheOhioStateUniversity/VSCode_image_processing_project/data/Step2_output/enhanced_sample_field/299.jpg,299,2.05,27.86,2
300.jpg,300,98.6408243,79.21436543,48.46008052,99.0,79.0,48,18.38942921,137.029556,98.6408243,19,130,99.0,0.318137663,0.317154902,686.2288397,0.013481223,0.050487178,12.85037371,1.890152469,0.253562085,2.271924664,0.464841999,34.94935164,3.64588099,21.16257847,34.94935164,14.24937623,21.85073452,0.084612181,0.084730939,0.040353292,/Users/dharamkar.1/Library/CloudStorage/OneDrive-TheOhioStateUniversity/VSCode_image_processing_project/data/Step2_output/enhanced_sample_field/300.jpg,300,2.29,29.46,2
301.jpg,301,68.84839365,57.60371492,38.92059949,69.0,57.0,39,18.84337133,116.2709263,68.84839365,19,112,69.0,0.229984928,0.228990588,338.3778027,0.020764118,0.069720891,11.7089888,1.811694846,0.095414972,2.218998647,0.302658684,24.92759794,1.771649291,13.4696219,24.92759794,7.573697269,12.91718401,0.043016234,0.043921261,0.025331968,/Users/dharamkar.1/Library/CloudStorage/OneDrive-TheOhioStateUniversity/VSCode_image_processing_project/data/Step2_output/enhanced_sample_field/301.jpg,301,2.29,29.46,2
302.jpg,302,102.2869699,88.95990115,62.81437341,103.0,90.0,63,20.07932079,104.7202049,102.2869699,20,98,103.0,0.352575728,0.355284314,739.621837,0.012759351,0.049130671,13.01188223,1.575333357,0.205317294,2.023972057,0.430415706,38.44035904,1.175424153,17.15118324,38.44035904,9.799839505,19.37146696,0.099732659,0.103368681,0.061440055,/Users/dharamkar.1/Library/CloudStorage/OneDrive-TheOhioStateUniversity/VSCode_image_processing_project/data/Step2_output/enhanced_sample_field/302.jpg,302,2.29,29.46,2
303.jpg,303,128.0233179,109.9318997,76.2540059,128.0,110.0,76,19.44100765,108.820173,128.0233179,19,103,128.0,0.436659412,0.437875294,1059.130525,0.010508221,0.04136705,13.5240095,1.832474673,0.547249539,2.080351117,1.200093894,47.30624174,1.979596887,21.42607851,47.30624174,13.57499763,25.26747031,0.157878111,0.162542011,0.091876573,/Users/dharamkar.1/Library/CloudStorage/OneDrive-TheOhioStateUniversity/VSCode_image_processing_project/data/Step2_output/enhanced_sample_field/303.jpg,303,2.29,29.46,2
304.jpg,304,125.7191287,97.60947465,50.60809949,125.0,97.0,49,18.7602838,162.8410993,125.7191287,19,155,125.0,0.392917557,0.389014902,1484.037856,0.009647976,0.034827961,13.81728112,1.829211022,0.687013933,2.218423941,1.137971625,43.23144514,5.462911586,30.76455478,43.23144514,21.7471586,32.11497466,0.13483592,0.133132172,0.049454924,/Users/dharamkar.1/Library/CloudStorage/OneDrive-TheOhioStateUniversity/VSCode_image_processing_project/data/Step2_output/enhanced_sample_field/304.jpg,304,1.92,28.31,2
305.jpg,305,90.81228077,73.71364796,44.6205955,90.0,73.0,43,18.90913983,139.0507215,90.81242028,19,132,90.0,0.295096072,0.290277255,841.4436059,0.013399693,0.048072433,12.96324341,1.624348147,0.197944646,2.185991765,0.506202861,32.39376956,2.89030639,20.04971565,32.39376956,12.45273605,20.3102505,0.07192201,0.072609658,0.034664704,/Users/dharamkar.1/Library/CloudStorage/OneDrive-TheOhioStateUniversity/VSCode_image_processing_project/data/Step2_output/enhanced_sample_field/305.jpg,305,1.92,28.31,2
306.jpg,306,133.1910874,112.2915338,72.31297832,134.0,113.0,73,19.64756059,126.5136918,133.1910874,20,117,134.0,0.44647151,0.450443529,1726.825492,0.008742189,0.03227283,14.06325346,1.643010762,0.62565131,2.055833092,1.482141407,48.4205218,2.426169304,25.23030979,48.4205218,15.9671827,29.23022948,0.167098133,0.171276882,0.086085988,/Users/dharamkar.1/Library/CloudStorage/OneDrive-TheOhioStateUniversity/VSCode_image_processing_project/data/Step2_output/enhanced_sample_field/306.jpg,306,1.92,28.31,2
307.jpg,307,100.9974091,85.21992586,54.41701212,101.0,85.0,54,19.79077647,127.2992068,100.9977081,20,119,101.0,0.338634318,0.337068235,946.1805333,0.011710036,0.045419836,13.31890651,1.700166222,0.253144919,2.034428584,0.557262246,37.05742398,1.773920592,20.3523744,37.05742398,11.75560437,22.02103484,0.093082918,0.09568955,0.048972717,/Users/dharamkar.1/Library/CloudStorage/OneDrive-TheOhioStateUniversity/VSCode_image_processing_project/data/Step2_output/enhanced_sample_field/307.jpg,307,1.92,28.31,2
308.jpg,308,125.4611767,102.6949338,64.79416454,125.0,102.0,64,18.67376834,129.6444515,125.4611767,19,124,125.0,0.410980843,0.407306275,1110.953335,0.01084856,0.039740067,13.45931262,1.664307259,0.675374887,2.204828389,1.115734526,44.82191049,3.72742311,24.753288,44.82191049,17.18050009,27.6673752,0.142934966,0.144147198,0.069978404,/Users/dharamkar.1/Library/CloudStorage/OneDrive-TheOhioStateUniversity/VSCode_image_processing_project/data/Step2_output/enhanced_sample_field/308.jpg,308,2.5,25.85,3
309.jpg,309,83.84845344,68.23616869,41.66316566,83.0,68.0,41,19.03814573,135.7319834,83.84845344,19,129,83.0,0.273089669,0.270967059,583.2956438,0.015337491,0.056164929,12.5107481,1.804628973,0.133434976,2.184344726,0.390725804,29.92583253,2.624325658,18.55511087,29.92583253,11.18420447,18.39179403,0.061361297,0.06205791,0.030330254,/Users/dharamkar.1/Library/CloudStorage/OneDrive-TheOhioStateUniversity/VSCode_image_processing_project/data/Step2_output/enhanced_sample_field/309.jpg,309,2.5,25.85,3
310.jpg,310,132.4040179,113.0604074,74.1589206,133.0,113.0,74,19.9948581,119.3466598,132.4040179,20,112,133.0,0.448494617,0.449342353,1320.225056,0.009735249,0.036877446,13.76814578,1.591952461,0.618001595,1.997391501,1.341283693,48.58503318,1.844680165,24.37834281,48.58503318,14.79788257,28.53978358,0.167326623,0.17259241,0.08954799,/Users/dharamkar.1/Library/CloudStorage/OneDrive-TheOhioStateUniversity/VSCode_image_processing_project/data/Step2_output/enhanced_sample_field/310.jpg,310,2.5,25.85,3
311.jpg,311,114.1314373,97.08884726,61.80102041,114.0,97.0,62,20.15638951,124.0411551,114.1314373,20,117,114.0,0.384965276,0.384394902,924.078075,0.011339637,0.04405266,13.33941687,1.802478507,0.398068493,1.970381891,0.779916492,41.99727138,1.565592025,22.63014741,41.99727138,12.96963448,25.38823501,0.121037852,0.124982359,0.063024031,/Users/dharamkar.1/Library/CloudStorage/OneDrive-TheOhioStateUniversity/VSCode_image_processing_project/data/Step2_output/enhanced_sample_field/311.jpg,311,2.5,25.85,3
312.jpg,312,139.5923748,118.0806362,78.97568559,139.0,118.0,78,19.27979512,116.9679129,139.5923748,19,111,139.0,0.469931034,0.468950196,1402.194086,0.00934147,0.035369522,13.83560585,1.729656504,0.664617226,2.104899664,1.577973709,50.78185012,2.670580876,24.63212444,50.78185012,16.30774564,29.10160518,0.186453989,0.190810106,0.100912587,/Users/dharamkar.1/Library/CloudStorage/OneDrive-TheOhioStateUniversity/VSCode_image_processing_project/data/Step2_output/enhanced_sample_field/312.jpg,312,2.05,12.44,2
313.jpg,313,101.2412109,84.66515864,55.00342793,101.0,84.0,54,19.28557478,124.1799267,101.2412109,19,117,101.0,0.337446898,0.335096078,842.534333,0.011968722,0.045026524,13.16196567,1.785326545,0.29512117,2.125752655,0.516850946,36.93220237,2.29448699,19.84564046,36.93220237,12.22373375,21.43115022,0.093059678,0.095013633,0.049575926,/Users/dharamkar.1/Library/CloudStorage/OneDrive-TheOhioStateUniversity/VSCode_image_processing_project/data/Step2_output/enhanced_sample_field/313.jpg,313,2.05,12.44,2
314.jpg,314,128.1848095,110.9095384,74.48078763,129.0,111.0,75,20.3123007,114.5569396,128.1848095,20,107,129.0,0.439035375,0.440986275,1398.363749,0.009350968,0.034559279,13.83013699,1.764581003,0.513738713,1.953321297,1.241130013,47.56495169,1.265842197,22.78868941,47.56495169,13.20011687,26.8418134,0.158570786,0.164542918,0.089026674,/Users/dharamkar.1/Library/CloudStorage/OneDrive-TheOhioStateUniversity/VSCode_image_processing_project/data/Step2_output/enhanced_sample_field/314.jpg,314,2.05,12.44,2
315.jpg,315,140.4693479,120.4482223,78.65116789,142.0,122.0,80,20.28386081,121.1216119,140.4693479,20,112,142.0,0.477212329,0.482910196,1765.505926,0.008325155,0.031919121,14.13418613,1.568186172,0.585698752,1.965321367,1.645982428,51.51646341,1.662357139,25.78199223,51.51646341,15.43802094,30.61238991,0.19064027,0.19717647,0.101303456,/Users/dharamkar.1/Library/CloudStorage/OneDrive-TheOhioStateUniversity/VSCode_image_processing_project/data/Step2_output/enhanced_sample_field/315.jpg,315,2.05,12.44,2
316.jpg,316,124.4021445,106.0168407,74.73114636,123.0,105.0,74,18.92667809,108.4183873,124.4021445,19,102,123.0,0.422227526,0.41801451,1219.650865,0.009704201,0.036747156,13.71313309,1.738283362,0.518344669,2.180146745,1.19895339,45.81395101,2.478464912,20.2741812,45.81395101,13.61497212,23.70566435,0.147872555,0.151316241,0.087483587,/Users/dharamkar.1/Library/CloudStorage/OneDrive-TheOhioStateUniversity/VSCode_image_processing_project/data/Step2_output/enhanced_sample_field/316.jpg,316,2.29,13.59,2
317.jpg,317,88.81881776,73.03597337,47.59400909,88.0,72.0,47,18.55397003,126.7040816,88.81881776,18,120,88.0,0.292374361,0.289168235,716.5780349,0.01281968,0.048843916,12.93162274,1.732740484,0.180543646,2.250445306,0.378103216,32.02248385,2.716369098,17.71543962,32.02248385,11.28767844,18.21738574,0.070126924,0.070951224,0.037519037,/Users/dharamkar.1/Library/CloudStorage/OneDrive-TheOhioStateUniversity/VSCode_image_processing_project/data/Step2_output/enhanced_sample_field/317.jpg,317,2.29,13.59,2
318.jpg,318,136.5147082,116.663644,78.83836894,136.0,116.0,79,19.6063058,115.5465561,136.5147082,20,108,136.0,0.463352129,0.461672549,1639.254604,0.008583379,0.033766028,14.05111093,1.803819727,0.551439547,2.053747939,1.48720463,50.07886064,2.123381587,23.73635742,50.07886064,15.06278958,28.15291717,0.179650812,0.184847538,0.099858362,/Users/dharamkar.1/Library/CloudStorage/OneDrive-TheOhioStateUniversity/VSCode_image_processing_project/data/Step2_output/enhanced_sample_field/318.jpg,318,2.29,13.59,2
319.jpg,319,145.9495177,123.2259247,79.40260284,146.0,123.0,79,19.74581473,124.4216159,145.9495177,20,116,146.0,0.489784419,0.489599608,1727.798166,0.008218749,0.032273507,14.16593497,1.651913884,0.630678491,2.045608032,1.748969341,52.83965523,2.556954282,27.17114181,52.83965523,17.46339148,32.11417854,0.203826089,0.208997982,0.104325025,/Users/dharamkar.1/Library/CloudStorage/OneDrive-TheOhioStateUniversity/VSCode_image_processing_project/data/Step2_output/enhanced_sample_field/319.jpg,319,2.29,13.59,2
320.jpg,320,144.0091079,115.1404855,64.95543686,143.0,114.0,64,19.03904257,148.8527583,144.0091079,19,141,143.0,0.461398925,0.457921569,1658.721933,0.008814767,0.032725314,14.01660319,1.757916093,0.821714105,2.156537893,1.792856578,50.22291794,4.862143484,31.8150637,50.22291794,22.41914039,35.34168458,0.186035291,0.186059124,0.076042567,/Users/dharamkar.1/Library/CloudStorage/OneDrive-TheOhioStateUniversity/VSCode_image_processing_project/data/Step2_output/enhanced_sample_field/320.jpg,320,1.92,14.31,2
321.jpg,321,108.2202049,87.31572864,52.23469388,106.0,86.0,50,18.74912309,142.4910515,108.2202049,19,135,106.0,0.349916028,0.343325686,1276.40611,0.010245059,0.036718372,13.6103936,1.86868355,0.384105172,2.203524921,0.799176741,38.41113648,3.620930713,23.52193384,38.41113648,15.65056208,24.87872119,0.102704486,0.103202311,0.047266951,/Users/dharamkar.1/Library/CloudStorage/OneDrive-TheOhioStateUniversity/VSCode_image_processing_project/data/Step2_output/enhanced_sample_field/321.jpg,321,1.92,14.31,2
322.jpg,322,148.816486,124.1216319,77.40202487,150.0,125.0,78,19.6609933,131.8194754,148.816486,20,122,150.0,0.494120803,0.499392157,2100.342969,0.00800079,0.028656116,14.27111249,1.752322224,0.682998165,2.064750483,1.893548055,53.34205048,3.086753273,28.9784688,53.34205048,19.06289674,33.89918246,0.209382773,0.213607291,0.101139517,/Users/dharamkar.1/Library/CloudStorage/OneDrive-TheOhioStateUniversity/VSCode_image_processing_project/data/Step2_output/enhanced_sample_field/322.jpg,322,1.92,14.31,2
323.jpg,323,148.4399514,121.2030851,68.44752471,150.0,122.0,69,19.79167331,148.0795998,148.4399713,20,138,150.0,0.483087229,0.487627451,2067.143037,0.00789651,0.029973805,14.29748447,1.653402924,0.767090143,2.048686179,2.053119007,52.38138163,3.696919548,32.66206099,52.38138163,21.34232884,36.96289509,0.202124085,0.204851735,0.084285451,/Users/dharamkar.1/Library/CloudStorage/OneDrive-TheOhioStateUniversity/VSCode_image_processing_project/data/Step2_output/enhanced_sample_field/323.jpg,323,1.92,14.31,2
324.jpg,324,146.3702567,123.0381258,78.07754703,147.0,124.0,79,19.78101084,124.0457988,146.3702567,20,118,147.0,0.489233513,0.493000392,1109.096513,0.010505713,0.039502804,13.52602558,1.654036078,0.817351299,2.040172098,2.024361383,52.80973101,2.703309402,27.87807524,52.80973101,17.97584663,32.77686831,0.203861584,0.208725549,0.101752438,/Users/dharamkar.1/Library/CloudStorage/OneDrive-TheOhioStateUniversity/VSCode_image_processing_project/data/Step2_output/enhanced_sample_field/324.jpg,324,2.5,5.62,3
325.jpg,325,121.5195711,101.4499761,63.67564174,122.0,102.0,64,19.49515705,127.0714286,121.5195711,19,121,122.0,0.403887198,0.406205098,857.8405469,0.011971016,0.045995838,13.17001224,1.708430583,0.561547861,2.067352563,1.00523474,44.03833113,2.555207741,24.31206446,44.03833113,15.2586047,27.28389258,0.135722432,0.138647444,0.067621292,/Users/dharamkar.1/Library/CloudStorage/OneDrive-TheOhioStateUniversity/VSCode_image_processing_project/data/Step2_output/enhanced_sample_field/325.jpg,325,2.5,5.62,3
326.jpg,326,165.4667969,141.8460419,90.73844069,167.0,144.0,92,20.68269691,121.0582549,165.4667969,21,114,167.0,0.561492527,0.568901961,1637.355782,0.008819767,0.033665583,13.99880055,1.775824482,0.610590821,1.926444534,2.433704357,59.98060767,1.757176069,30.46562533,59.98060767,18.44620609,37.15584752,0.271421666,0.281018117,0.138301666,/Users/dharamkar.1/Library/CloudStorage/OneDrive-TheOhioStateUniversity/VSCode_image_processing_project/data/Step2_output/enhanced_sample_field/326.jpg,326,2.5,5.62,3
327.jpg,327,162.0442443,138.0132533,85.02349729,164.0,140.0,87,20.80994898,127.9163146,162.0442443,21,120,164.0,0.546271676,0.554569804,1627.879544,0.008734736,0.035279686,14.02260404,1.689998802,0.631604375,1.909002773,2.507539228,58.53140057,1.818081958,31.64829375,58.53140057,18.89597785,37.99815814,0.256409969,0.265242968,0.123658622,/Users/dharamkar.1/Library/CloudStorage/OneDrive-TheOhioStateUniversity/VSCode_image_processing_project/data/Step2_output/enhanced_sample_field/327.jpg,327,2.5,5.62,3
328.jpg,328,145.5988321,125.4953563,84.13649952,146.0,126.0,85,20.2162787,112.803691,145.5988321,20,107,146.0,0.497197535,0.499459608,1234.69829,0.010093409,0.037794666,13.64179989,1.496019735,0.720949626,1.973961208,1.871187193,53.50364979,1.653233171,25.37692238,53.50364979,15.43903499,30.61571143,0.207853512,0.215104188,0.11470225,/Users/dharamkar.1/Library/CloudStorage/OneDrive-TheOhioStateUniversity/VSCode_image_processing_project/data/Step2_output/enhanced_sample_field/328.jpg,328,2.05,5.25,2
329.jpg,329,123.5254106,106.4938616,73.25568001,124.0,107.0,73,19.73194356,108.9331354,123.5254106,20,104,124.0,0.422418011,0.423022353,921.8504564,0.011558494,0.042945214,13.27887808,1.7819144,0.516490943,2.032520636,1.023760282,45.83220349,1.627224571,21.1398544,45.83220349,12.82179117,24.75384265,0.146601758,0.151450323,0.084971143,/Users/dharamkar.1/Library/CloudStorage/OneDrive-TheOhioStateUniversity/VSCode_image_processing_project/data/Step2_output/enhanced_sample_field/329.jpg,329,2.05,5.25,2
330.jpg,330,155.4810666,135.9522082,92.36674904,157.0,137.0,94,20.80817522,109.0517578,155.4810666,21,103,157.0,0.537096388,0.542031373,1546.835762,0.009042905,0.033570255,13.93485599,1.498990907,0.576566225,1.899259189,1.87113864,57.45468724,0.96845943,26.12402497,57.45468724,15.12941751,32.29805028,0.243557863,0.253912788,0.138246228,/Users/dharamkar.1/Library/CloudStorage/OneDrive-TheOhioStateUniversity/VSCode_image_processing_project/data/Step2_output/enhanced_sample_field/330.jpg,330,2.05,5.25,2
331.jpg,331,157.1909279,136.348852,88.9656808,160.0,139.0,91,20.91202966,117.4097178,157.1909279,21,110,160.0,0.538672418,0.548773333,1746.501822,0.008592339,0.031932652,14.06673895,1.624978727,0.56223969,1.884773891,2.041489681,57.67061385,1.085066229,28.31028156,57.67061385,16.29135434,34.59813688,0.245975429,0.256158575,0.130896305,/Users/dharamkar.1/Library/CloudStorage/OneDrive-TheOhioStateUniversity/VSCode_image_processing_project/data/Step2_output/enhanced_sample_field/331.jpg,331,2.05,5.25,2
332.jpg,332,138.1647463,117.2213402,77.24574503,139.0,118.0,78,19.62333067,118.9918802,138.1647463,20,112,139.0,0.465841465,0.467268627,1314.642895,0.009357217,0.036400326,13.85809411,1.600772251,0.676949747,2.051310623,1.63891994,50.37184567,2.339442903,25.05114377,50.37184567,15.97492074,29.50164126,0.182442929,0.187317225,0.097193212,/Users/dharamkar.1/Library/CloudStorage/OneDrive-TheOhioStateUniversity/VSCode_image_processing_project/data/Step2_output/enhanced_sample_field/332.jpg,332,2.29,4.3,2
333.jpg,333,107.7606027,90.50502232,59.87015705,108.0,91.0,60,19.15630979,118.8729672,107.7606027,19,113,108.0,0.360639448,0.363112549,688.7571268,0.013223577,0.050803143,12.88715253,1.752197965,0.341399922,2.132351706,0.584498133,39.40534944,2.358912731,20.28666848,39.40534944,12.78483982,22.41439622,0.106665915,0.108963521,0.057971284,/Users/dharamkar.1/Library/CloudStorage/OneDrive-TheOhioStateUniversity/VSCode_image_processing_project/data/Step2_output/enhanced_sample_field/333.jpg,333,2.29,4.3,2
334.jpg,334,158.0199298,136.9021843,92.38068001,159.0,138.0,93,20.39993224,110.9093391,158.0199298,20,105,159.0,0.541881195,0.545074902,1457.223174,0.009137485,0.033838041,13.88559387,1.621706839,0.63569419,1.950588892,2.020011044,57.95639546,1.518277263,26.81682487,57.95639546,16.28726037,33.01614686,0.249851701,0.25915121,0.138957977,/Users/dharamkar.1/Library/CloudStorage/OneDrive-TheOhioStateUniversity/VSCode_image_processing_project/data/Step2_output/enhanced_sample_field/334.jpg,334,2.29,4.3,2
335.jpg,335,158.1998764,135.3263911,88.18486926,159.0,136.0,89,20.28013393,118.5010961,158.1998764,20,112,159.0,0.536423933,0.540930196,1493.53145,0.009055129,0.033220146,13.92412105,1.766127756,0.660685943,1.974153121,2.209306277,57.47982985,2.000830286,28.51285293,57.47982985,17.70684105,34.58261887,0.246191844,0.254173611,0.128793174,/Users/dharamkar.1/Library/CloudStorage/OneDrive-TheOhioStateUniversity/VSCode_image_processing_project/data/Step2_output/enhanced_sample_field/335.jpg,335,2.29,4.3,2
336.jpg,336,149.3118822,121.7253069,66.7553412,151.0,123.0,68,20.00464365,150.0306122,149.3118822,20,141,151.0,0.484800469,0.491266667,1730.492893,0.008626913,0.032158503,14.0668867,1.494994584,0.847139034,2.012913831,2.290898083,52.59101509,3.634694174,33.8451761,52.59101509,21.74112795,38.08950464,0.203838379,0.206741528,0.081871354,/Users/dharamkar.1/Library/CloudStorage/OneDrive-TheOhioStateUniversity/VSCode_image_processing_project/data/Step2_output/enhanced_sample_field/336.jpg,336,1.92,7.87,2
337.jpg,337,130.0114597,108.5050223,67.98676658,130.0,109.0,68,19.5584941,129.2172553,130.0114597,19,122,130.0,0.431975584,0.433656078,1304.234505,0.010073139,0.037322013,13.65905041,1.539695273,0.697038839,2.066680476,1.355132897,46.97014631,2.725887343,25.7639301,46.97014631,16.44913481,29.34340472,0.156670805,0.159966904,0.077275941,/Users/dharamkar.1/Library/CloudStorage/OneDrive-TheOhioStateUniversity/VSCode_image_processing_project/data/Step2_output/enhanced_sample_field/337.jpg,337,1.92,7.87,2
338.jpg,338,158.6486169,134.2039621,82.97753906,161.0,137.0,85,20.43742028,129.7888831,158.6486169,21,121,161.0,0.532176573,0.541733725,2006.03143,0.008097186,0.028970921,14.22572732,1.769409407,0.628620645,1.960410006,2.255259935,57.14073829,2.265897811,30.93206566,57.14073829,19.1068175,36.87443851,0.243429528,0.250670976,0.117329347,/Users/dharamkar.1/Library/CloudStorage/OneDrive-TheOhioStateUniversity/VSCode_image_processing_project/data/Step2_output/enhanced_sample_field/338.jpg,338,1.92,7.87,2
339.jpg,339,157.391761,130.9849729,75.55785635,161.0,134.0,78,20.37535874,142.5399992,157.3918009,20,132,161.0,0.520000472,0.531170392,2188.455577,0.007720556,0.027955117,14.35334475,1.656951516,0.686687373,1.965227942,2.431141698,56.04078936,2.788047274,33.533337,56.04078936,20.82620248,38.96851717,0.233854498,0.239530831,0.101468594,/Users/dharamkar.1/Library/CloudStorage/OneDrive-TheOhioStateUniversity/VSCode_image_processing_project/data/Step2_output/enhanced_sample_field/339.jpg,339,1.92,7.87,2
340.jpg,340,144.8615474,121.4100765,76.08374522,146.0,122.0,77,19.81483179,126.0711496,144.8615474,20,120,146.0,0.482845042,0.485990588,1069.088985,0.010764505,0.040261384,13.46654639,1.741473812,0.808116926,2.037260957,2.028369996,52.18118702,2.755196704,28.15408347,52.18118702,18.09781625,32.88894328,0.198479604,0.203057814,0.09724742,/Users/dharamkar.1/Library/CloudStorage/OneDrive-TheOhioStateUniversity/VSCode_image_processing_project/data/Step2_output/enhanced_sample_field/340.jpg,340,2.5,1.76,3
341.jpg,341,120.92899,101.1195392,64.44636878,121.0,102.0,65,19.35379464,124.5324857,120.92899,19,119,121.0,0.402685929,0.404523529,843.5007007,0.012119442,0.046147742,13.12386556,1.750708957,0.526189492,2.084126195,0.990155621,43.89597157,2.569136528,23.67423541,43.89597157,14.99901786,26.64481147,0.134790262,0.137663521,0.068631301,/Users/dharamkar.1/Library/CloudStorage/OneDrive-TheOhioStateUniversity/VSCode_image_processing_project/data/Step2_output/enhanced_sample_field/341.jpg,341,2.5,1.76,3
342.jpg,342,160.5734614,138.0776666,89.66741071,162.0,139.0,91,20.5912787,118.0915378,160.5734614,21,112,162.0,0.546539779,0.552344706,1483.63585,0.009158689,0.034078718,13.90995165,1.749522482,0.624488286,1.931539255,2.363998611,58.47656521,1.645157194,29.02740709,58.47656521,17.50506464,35.39018048,0.25543671,0.264657953,0.133589754,/Users/dharamkar.1/Library/CloudStorage/OneDrive-TheOhioStateUniversity/VSCode_image_processing_project/data/Step2_output/enhanced_sample_field/342.jpg,342,2.5,1.76,3
343.jpg,343,167.1111288,142.0786631,88.79980469,170.0,145.0,91,20.56849888,126.1214525,167.1111288,21,118,170.0,0.56296728,0.573627059,1739.866352,0.008455744,0.031809089,14.10450582,1.625302397,0.607293029,1.9420856,2.444286312,60.17341196,2.126345588,31.79027198,60.17341196,19.58957845,38.45741661,0.274400669,0.28316284,0.134247079,/Users/dharamkar.1/Library/CloudStorage/OneDrive-TheOhioStateUniversity/VSCode_image_processing_project/data/Step2_output/enhanced_sample_field/343.jpg,343,2.5,1.76,3
344.jpg,344,98.99380182,80.27391582,49.45234774,99.0,80.0,49,18.64371413,137.4839166,98.99382175,19,129,99.0,0.321684928,0.32051098,807.9741552,0.011809116,0.046253534,13.21719558,1.93092665,0.307274116,2.229600202,0.575781207,35.3131029,3.273767405,21.03954701,35.3131029,13.76608042,21.91133063,0.085979053,0.086558728,0.041730643,/Users/dharamkar.1/Library/CloudStorage/OneDrive-TheOhioStateUniversity/VSCode_image_processing_project/data/Step2_output/enhanced_sample_field/344.jpg,344,2.05,36.1,2
345.jpg,345,107.7458745,89.03402025,57.28603316,108.0,89.0,57,18.86790497,128.412488,107.7458745,19,120,108.0,0.355769645,0.355522353,1053.847954,0.011010042,0.041197481,13.42225946,1.983115748,0.392249484,2.188010706,0.713626482,38.93544938,2.928860094,21.20949516,38.93544938,13.87118836,23.0645051,0.10474637,0.106214565,0.05405708,/Users/dharamkar.1/Library/CloudStorage/OneDrive-TheOhioStateUniversity/VSCode_image_processing_project/data/Step2_output/enhanced_sample_field/345.jpg,345,2.05,36.1,2
346.jpg,346,62.51881378,52.39409279,34.31200175,62.0,52.0,34,19.33559869,123.0762117,62.51893335,19,116,62.0,0.208791675,0.206614902,397.4558977,0.018499161,0.064080669,12.00406172,1.875226936,0.101734476,2.137887555,0.331955669,22.4780216,1.410933182,13.10350809,22.4780216,6.70508461,12.040203,0.035582752,0.036497594,0.020536813,/Users/dharamkar.1/Library/CloudStorage/OneDrive-TheOhioStateUniversity/VSCode_image_processing_project/data/Step2_output/enhanced_sample_field/346.jpg,346,2.05,36.1,2
347.jpg,347,130.097457,115.1203563,83.050283,130.0,115.0,83,20.39580676,99.58081553,130.0974968,20,92,130.0,0.454865639,0.455020784,1493.599756,0.009174494,0.033794723,13.90706319,1.926623237,0.450944729,1.937558191,1.142135061,49.09143633,0.75257196,19.90417384,49.09143633,11.33112638,24.21661664,0.169287969,0.176684152,0.107100604,/Users/dharamkar.1/Library/CloudStorage/OneDrive-TheOhioStateUniversity/VSCode_image_processing_project/data/Step2_output/enhanced_sample_field/347.jpg,347,2.05,36.1,2
348.jpg,348,134.850865,117.6694236,79.25831075,137.0,120.0,81,20.76482781,114.8430126,134.8509845,21,104,137.0,0.464906034,0.474263529,1831.148262,0.008392841,0.030740416,14.13324445,1.656346758,0.497832148,1.904281053,1.456868648,50.20012736,0.870497403,23.62428158,50.20012736,13.25095327,28.30275426,0.178282843,0.185867093,0.100928886,/Users/dharamkar.1/Library/CloudStorage/OneDrive-TheOhioStateUniversity/VSCode_image_processing_project/data/Step2_output/enhanced_sample_field/348.jpg,348,2.05,36.1,2
349.jpg,349,96.84956952,79.79125478,53.17366869,97.0,80.0,53,18.34359056,123.5580756,96.84956952,18,115,97.0,0.319596152,0.319975294,862.4104941,0.012266987,0.046166758,13.10644758,1.561599945,0.235630231,2.289006002,0.471083422,35.00120087,3.00590047,18.34997244,35.00120087,12.30784414,19.46471341,0.08413952,0.084989884,0.045854506,/Users/dharamkar.1/Library/CloudStorage/OneDrive-TheOhioStateUniversity/VSCode_image_processing_project/data/Step2_output/enhanced_sample_field/349.jpg,349,2.29,32.6,2
350.jpg,350,58.30452806,49.77670599,34.3018176,58.0,49.0,34,19.38819356,111.0380062,58.30452806,19,106,58.0,0.197933838,0.195147843,283.6479821,0.022173424,0.078133028,11.51371677,1.56693634,0.08567408,2.138642039,0.287439492,21.16307899,1.044709136,11.28077253,21.16307899,5.502452904,10.2856429,0.031869052,0.032882218,0.020026797,/Users/dharamkar.1/Library/CloudStorage/OneDrive-TheOhioStateUniversity/VSCode_image_processing_project/data/Step2_output/enhanced_sample_field/350.jpg,350,2.29,32.6,2
351.jpg,351,146.5820313,124.5371692,85.15609056,148.0,126.0,86,19.13807398,114.4323182,146.5820313,19,106,148.0,0.495616967,0.501453725,1788.70798,0.008516713,0.030561708,14.09314938,1.704523475,0.645978788,2.125213507,1.739468364,53.35652627,2.740501647,24.63171768,53.35652627,16.66088243,29.60283229,0.208792869,0.213741096,0.116502278,/Users/dharamkar.1/Library/CloudStorage/OneDrive-TheOhioStateUniversity/VSCode_image_processing_project/data/Step2_output/enhanced_sample_field/351.jpg,351,2.29,32.6,2
352.jpg,352,135.8824936,118.5566805,80.44078842,137.0,120.0,81,20.64911511,111.6648796,135.8825733,21,103,137.0,0.468589255,0.474263529,1579.586103,0.009066275,0.033202856,13.93448713,1.62886603,0.529403541,1.913866979,1.41504082,50.56914127,0.954666747,23.45389862,50.56914127,13.327822,28.1847048,0.181430772,0.188992642,0.103651285,/Users/dharamkar.1/Library/CloudStorage/OneDrive-TheOhioStateUniversity/VSCode_image_processing_project/data/Step2_output/enhanced_sample_field/352.jpg,352,2.29,32.6,2
353.jpg,353,125.8885922,100.0759726,57.29336735,126.0,100.0,57,18.66111288,149.2288146,125.8886519,19,140,126.0,0.401868739,0.401933333,1560.497418,0.00948217,0.034298979,13.85530032,1.387572261,0.730395531,2.222785731,1.156985332,44.02464281,4.692479556,28.020636,44.02464281,19.7459901,30.21926021,0.138986178,0.138552634,0.058505318,/Users/dharamkar.1/Library/CloudStorage/OneDrive-TheOhioStateUniversity/VSCode_image_processing_project/data/Step2_output/enhanced_sample_field/353.jpg,353,1.92,33.39,2
354.jpg,354,82.81656569,65.892897,38.50920759,82.0,65.0,37,18.49758849,146.7102001,82.8167052,19,139,82.0,0.264763971,0.261687451,768.4007047,0.013802297,0.04867534,12.86040833,1.733509688,0.170553,2.269833711,0.472634639,29.05179569,3.239985178,19.36021986,29.05179569,12.0966891,18.68300831,0.058513982,0.058581751,0.026990903,/Users/dharamkar.1/Library/CloudStorage/OneDrive-TheOhioStateUniversity/VSCode_image_processing_project/data/Step2_output/enhanced_sample_field/354.jpg,354,1.92,33.39,2
355.jpg,355,142.6919244,124.0512396,86.17542251,145.0,126.0,88,20.04438377,110.9972098,142.6923031,20,101,145.0,0.491300152,0.499512157,2236.816564,0.007835024,0.029453851,14.34799318,1.731506213,0.513763479,2.000458627,1.557912406,52.85732073,1.46428742,23.33061565,52.85732073,14.1942914,28.39246585,0.20175621,0.209158921,0.118130938,/Users/dharamkar.1/Library/CloudStorage/OneDrive-TheOhioStateUniversity/VSCode_image_processing_project/data/Step2_output/enhanced_sample_field/355.jpg,355,1.92,33.39,2
356.jpg,356,141.9714605,132.4498565,103.0150072,144.0,135.0,105,22.71871014,78.40407765,141.976981,23,69,144.0,0.519023313,0.528146667,2337.059978,0.007469556,0.027674827,14.46165369,2.200420097,0.260973729,1.696653728,1.048416163,55.4343067,-1.322709654,17.21618699,55.4343067,7.539949761,22.46817637,0.219116935,0.233532073,0.161856012,/Users/dharamkar.1/Library/CloudStorage/OneDrive-TheOhioStateUniversity/VSCode_image_processing_project/data/Step2_output/enhanced_sample_field/356.jpg,356,1.92,33.39,2
357.jpg,357,120.6845902,100.8942921,66.76407047,120.0,100.0,66,18.96316964,120.3820552,120.6845902,19,115,120.0,0.402505653,0.398659608,1188.623118,0.010979761,0.038065284,13.45203276,1.88389568,0.493290712,2.165606602,0.978656068,43.84628478,2.859321233,22.26362228,43.84628478,14.80545586,25.22427405,0.134908188,0.137321209,0.072116014,/Users/dharamkar.1/Library/CloudStorage/OneDrive-TheOhioStateUniversity/VSCode_image_processing_project/data/Step2_output/enhanced_sample_field/357.jpg,357,2.5,27.6,3
358.jpg,358,73.14706234,57.23616869,32.08276865,73.0,57.0,31,18.39243862,151.3769133,73.14748087,18,145,73.0,0.230602641,0.227844706,487.9674287,0.017097872,0.060088081,12.24303856,1.927148154,0.143578664,2.296940243,0.451206427,25.18918289,3.283711292,18.25166504,25.18918289,11.05314953,16.56160816,0.044956399,0.044768811,0.019993433,/Users/dharamkar.1/Library/CloudStorage/OneDrive-TheOhioStateUniversity/VSCode_image_processing_project/data/Step2_output/enhanced_sample_field/358.jpg,358,2.5,27.6,3
359.jpg,359,150.2821668,138.9159758,110.4694475,152.0,140.0,112,21.54288903,72.7479273,150.2822465,22,67,152.0,0.546197242,0.552486667,2006.820928,0.00806731,0.02851512,14.24503973,1.959218858,0.306793715,1.801456857,1.207321571,58.12090565,-0.456570153,16.78881753,58.12090565,8.65680579,22.10236179,0.246901284,0.260884444,0.186169126,/Users/dharamkar.1/Library/CloudStorage/OneDrive-TheOhioStateUniversity/VSCode_image_processing_project/data/Step2_output/enhanced_sample_field/359.jpg,359,2.5,27.6,3
360.jpg,360,136.4363839,125.5041454,86.28503667,137.0,126.0,87,23.377272,101.3103675,136.4363839,23,94,137.0,0.490194307,0.492242353,1537.038417,0.008646796,0.033341166,14.07900958,1.787965063,0.331182375,1.561003529,1.275254962,52.66728213,-2.027552715,22.90810822,52.66728213,9.05935816,28.57375013,0.193133741,0.207431929,0.118483697,/Users/dharamkar.1/Library/CloudStorage/OneDrive-TheOhioStateUniversity/VSCode_image_processing_project/data/Step2_output/enhanced_sample_field/360.jpg,360,2.5,27.6,3
361.jpg,361,146.0076531,121.9675542,89.95824697,146.0,120.0,87,16.56222098,120.4672752,146.0076531,17,102,146.0,0.489287075,0.483304314,4211.474095,0.006022658,0.027328848,15.03795286,1.500903188,0.410572317,2.84133719,1.039032389,52.68716261,4.541560295,21.0158596,52.68716261,17.51380842,25.28828562,0.206550051,0.207612148,0.125801119,/Users/dharamkar.1/Library/CloudStorage/OneDrive-TheOhioStateUniversity/VSCode_image_processing_project/data/Step2_output/enhanced_sample_field/361.jpg,361,2.07,17.5,1
362.jpg,362,145.0683195,120.8381896,89.11136798,144.0,118.0,85,16.43084343,122.0946668,145.0683195,17,103,144.0,0.485096425,0.476781569,4329.834801,0.006010635,0.026801982,15.05095639,1.442951857,0.418571344,2.902180565,1.022784376,52.27027156,4.680046319,20.92672521,52.27027156,17.63277727,25.09789556,0.203150247,0.203854791,0.123377383,/Users/dharamkar.1/Library/CloudStorage/OneDrive-TheOhioStateUniversity/VSCode_image_processing_project/data/Step2_output/enhanced_sample_field/362.jpg,362,2.07,17.5,1
363.jpg,363,148.3097696,122.9997011,87.99324378,150.0,123.0,85,16.87675383,127.6451291,148.3097696,17,108,150.0,0.493545588,0.492687059,3856.79136,0.006130982,0.029240695,15.00163718,1.465607162,0.419069664,2.786695631,1.112379641,53.16351059,4.695761531,22.80838379,53.16351059,18.63471942,27.26685886,0.211133779,0.211961566,0.122075592,/Users/dharamkar.1/Library/CloudStorage/OneDrive-TheOhioStateUniversity/VSCode_image_processing_project/data/Step2_output/enhanced_sample_field/363.jpg,363,2.07,17.5,1
364.jpg,364,143.6701212,120.2432039,83.12276786,142.0,117.0,77,17.78463807,129.9842754,143.6701212,18,112,142.0,0.480568786,0.467584706,4393.631206,0.006045489,0.026872622,15.03442638,1.52885008,0.401257153,2.514554737,1.124135012,51.85815016,3.690369353,23.76558324,51.85815016,17.49444573,28.22950311,0.197563234,0.200185253,0.110294612,/Users/dharamkar.1/Library/CloudStorage/OneDrive-TheOhioStateUniversity/VSCode_image_processing_project/data/Step2_output/enhanced_sample_field/364.jpg,364,2.07,17.5,1
365.jpg,365,155.7442004,128.8817363,84.90403779,161.0,132.0,85,18.22869499,136.0665059,155.7442004,18,118,161.0,0.515369482,0.528029804,4556.483064,0.005868141,0.025956975,15.06899343,1.448605261,0.461971589,2.402265488,1.376290629,55.44872147,4.204246887,27.66222205,55.44872147,20.37160308,32.84547591,0.231320375,0.233673475,0.118638146,/Users/dharamkar.1/Library/CloudStorage/OneDrive-TheOhioStateUniversity/VSCode_image_processing_project/data/Step2_output/enhanced_sample_field/365.jpg,365,2.07,17.5,1
366.jpg,366,155.0738002,129.6695033,87.05249522,159.0,133.0,88,18.46480389,133.988341,155.0738002,19,114,159.0,0.517628354,0.529886275,4365.342689,0.005885003,0.025876958,15.07544812,1.423230025,0.433860611,2.353786125,1.334224954,55.62777819,3.708617055,26.68830635,55.62777819,19.22341621,31.98795319,0.231934837,0.2354347,0.123481527,/Users/dharamkar.1/Library/CloudStorage/OneDrive-TheOhioStateUniversity/VSCode_image_processing_project/data/Step2_output/enhanced_sample_field/366.jpg,366,2.07,17.5,1
367.jpg,367,156.7840003,130.9043965,87.28942124,162.0,135.0,89,18.49966119,134.8362962,156.7840003,19,115,162.0,0.522584991,0.539486667,4242.71889,0.005927853,0.025944769,15.0624683,1.530496992,0.440250156,2.357648816,1.366073563,56.13518335,3.774013583,27.24664439,56.13518335,19.62278995,32.65171543,0.236987236,0.240473626,0.124696602,/Users/dharamkar.1/Library/CloudStorage/OneDrive-TheOhioStateUniversity/VSCode_image_processing_project/data/Step2_output/enhanced_sample_field/367.jpg,367,2.07,17.5,1
368.jpg,368,153.7641303,128.4509526,89.55414939,158.0,131.0,91,17.88891103,129.1977639,153.7641303,18,109,158.0,0.51382566,0.524138431,4423.39532,0.005815299,0.025401149,15.08847207,1.489918863,0.449351171,2.453564509,1.264791676,55.21098813,4.121528337,24.72431704,55.21098813,18.89011782,29.77836569,0.228867276,0.231348703,0.128308685,/Users/dharamkar.1/Library/CloudStorage/OneDrive-TheOhioStateUniversity/VSCode_image_processing_project/data/Step2_output/enhanced_sample_field/368.jpg,368,2.07,17.5,1
369.jpg,369,155.4167929,129.7561783,89.2671596,160.0,133.0,91,18.08310746,130.7940649,155.4168527,18,111,160.0,0.518783532,0.532260784,4498.646541,0.005787563,0.024745976,15.09750959,1.477160069,0.458487458,2.420082157,1.237226412,55.72276016,4.058059916,25.58536555,55.72276016,19.24449632,30.79189789,0.233628852,0.236372537,0.128392387,/Users/dharamkar.1/Library/CloudStorage/OneDrive-TheOhioStateUniversity/VSCode_image_processing_project/data/Step2_output/enhanced_sample_field/369.jpg,369,2.07,17.5,1
370.jpg,370,154.9997808,129.1492347,92.29207191,159.0,132.0,94,17.38323103,124.5685587,154.9997808,17,106,159.0,0.517588527,0.530459216,4537.012252,0.005781622,0.024724719,15.09917709,1.491873891,0.456196733,2.549994846,1.235162042,55.57080897,4.577123299,23.68409991,55.57080897,19.10373646,28.6451307,0.233324874,0.234873387,0.134938694,/Users/dharamkar.1/Library/CloudStorage/OneDrive-TheOhioStateUniversity/VSCode_image_processing_project/data/Step2_output/enhanced_sample_field/370.jpg,370,2.07,17.5,1
371.jpg,371,149.0135124,126.3021963,90.9819037,152.0,127.0,90,17.97714047,121.0845823,149.0136121,18,102,152.0,0.504242188,0.509805882,5012.560318,0.005691605,0.023818262,15.14388748,1.505618435,0.404876108,2.428016152,1.1206067,54.18150384,3.48229318,22.4756569,54.18150384,16.8123517,27.32087278,0.217843641,0.221459361,0.130177229,/Users/dharamkar.1/Library/CloudStorage/OneDrive-TheOhioStateUniversity/VSCode_image_processing_project/data/Step2_output/enhanced_sample_field/371.jpg,371,2.07,17.5,1
372.jpg,372,145.0499841,126.8617865,101.2862723,148.0,129.0,101,17.35445233,95.88598135,145.0526945,17,79,148.0,0.505422682,0.512362353,3740.890495,0.005941645,0.028738401,15.05112011,1.659265476,0.320261815,2.649521578,0.843548322,54.14702899,2.861669074,16.48856432,54.14702899,12.98269569,20.69093075,0.216204861,0.221133163,0.155114596,/Users/dharamkar.1/Library/CloudStorage/OneDrive-TheOhioStateUniversity/VSCode_image_processing_project/data/Step2_output/enhanced_sample_field/372.jpg,372,1.75,22.3,1
373.jpg,373,148.760224,128.4902742,91.73658721,151.0,130.0,91,19.08448262,120.7685945,148.760782,19,101,151.0,0.510383128,0.517154902,3969.332419,0.005935892,0.026822112,15.06033,1.493490048,0.344239183,2.244926216,1.091341827,54.76469653,2.228602035,22.81791526,54.76469653,15.2130559,28.03215428,0.220545998,0.227026199,0.132823878,/Users/dharamkar.1/Library/CloudStorage/OneDrive-TheOhioStateUniversity/VSCode_image_processing_project/data/Step2_output/enhanced_sample_field/373.jpg,373,1.75,22.3,1
374.jpg,374,143.9204799,125.3887117,91.46293048,144.0,125.0,90,19.04789142,117.6030373,143.9206593,19,97,144.0,0.49757123,0.497279608,4127.311539,0.005951872,0.02753704,15.06868157,1.520736658,0.332549732,2.245934307,0.996701316,53.44083486,1.894517654,21.12780325,53.44083486,13.83595419,26.03813213,0.207792516,0.214521504,0.130458212,/Users/dharamkar.1/Library/CloudStorage/OneDrive-TheOhioStateUniversity/VSCode_image_processing_project/data/Step2_output/enhanced_sample_field/374.jpg,374,1.75,22.3,1
375.jpg,375,145.7435029,127.3155094,92.65296158,147.0,128.0,92,19.29332749,117.2140067,145.7435029,19,96,147.0,0.504832503,0.50789098,4221.000761,0.00588342,0.026477261,15.08419146,1.58875919,0.326578978,2.185188768,1.017806003,54.16773354,1.728461964,21.45363545,54.16773354,13.80806365,26.54285547,0.21399394,0.221329029,0.134174341,/Users/dharamkar.1/Library/CloudStorage/OneDrive-TheOhioStateUniversity/VSCode_image_processing_project/data/Step2_output/enhanced_sample_field/375.jpg,375,1.75,22.3,1
376.jpg,376,149.1370974,129.3839286,92.1225287,152.0,132.0,92,19.3479552,120.6275112,149.1370974,19,101,152.0,0.513313451,0.522765882,3662.155269,0.006033478,0.028629814,15.02203916,1.533451275,0.338336662,2.186917495,1.065227397,55.05182552,1.931893217,22.98744815,55.05182552,14.88817724,28.32165652,0.222578403,0.229800915,0.134135857,/Users/dharamkar.1/Library/CloudStorage/OneDrive-TheOhioStateUniversity/VSCode_image_processing_project/data/Step2_output/enhanced_sample_field/376.jpg,376,1.75,22.3,1
377.jpg,377,151.1599968,128.5446827,92.8336655,155.0,132.0,94,18.0801977,120.521883,151.1600167,18,101,155.0,0.512845775,0.525455294,3954.550869,0.005886008,0.026888794,15.06190066,1.508176983,0.400219507,2.43008072,1.169726709,55.03504568,3.353298021,22.60028603,55.03504568,16.75815265,27.62314159,0.225514178,0.229638142,0.135589643,/Users/dharamkar.1/Library/CloudStorage/OneDrive-TheOhioStateUniversity/VSCode_image_processing_project/data/Step2_output/enhanced_sample_field/377.jpg,377,1.75,22.3,1
378.jpg,378,151.6227081,128.4418646,91.91163106,156.0,131.0,93,18.06064652,122.6196389,151.6227878,18,103,156.0,0.512682212,0.524945882,3742.153648,0.005952899,0.027568861,15.03713769,1.554591735,0.411574115,2.432919908,1.239041814,55.03636934,3.494862062,23.13017423,55.03636934,17.21429897,28.16959495,0.225836211,0.22965098,0.133452129,/Users/dharamkar.1/Library/CloudStorage/OneDrive-TheOhioStateUniversity/VSCode_image_processing_project/data/Step2_output/enhanced_sample_field/378.jpg,378,1.75,22.3,1
379.jpg,379,154.715342,130.658801,91.74095185,160.0,135.0,94,18.27698501,124.6738481,154.715342,19,106,160.0,0.521430741,0.537513725,3668.768698,0.005953168,0.026015233,15.02710668,1.475374509,0.422837842,2.377772532,1.2558608,55.93809324,3.538598695,24.47174484,55.93809324,17.98767412,29.75752366,0.234544618,0.238507917,0.134312849,/Users/dharamkar.1/Library/CloudStorage/OneDrive-TheOhioStateUniversity/VSCode_image_processing_project/data/Step2_output/enhanced_sample_field/379.jpg,379,1.75,22.3,1
380.jpg,380,152.5319276,129.0410156,91.85965402,156.0,132.0,93,18.07912149,124.3965641,152.5342395,18,104,156.0,0.515106111,0.525779216,4057.436539,0.005932668,0.026412906,15.05381278,1.444074643,0.409334047,2.418915621,1.148912234,55.28743506,3.536611049,23.50779643,55.28743506,17.47496403,28.61117949,0.228303995,0.23209458,0.133674904,/Users/dharamkar.1/Library/CloudStorage/OneDrive-TheOhioStateUniversity/VSCode_image_processing_project/data/Step2_output/enhanced_sample_field/380.jpg,380,1.75,22.3,1
381.jpg,381,149.1181441,126.7675383,89.66151148,152.0,128.0,89,18.30052216,125.7526905,149.1181441,19,106,152.0,0.505261559,0.512373725,4127.541099,0.005946298,0.027437286,15.05513056,1.540258436,0.392127367,2.410077275,1.133681777,54.29426689,3.101502156,23.37241438,54.29426689,16.69184381,28.3779202,0.218068525,0.222528556,0.127413164,/Users/dharamkar.1/Library/CloudStorage/OneDrive-TheOhioStateUniversity/VSCode_image_processing_project/data/Step2_output/enhanced_sample_field/381.jpg,381,1.75,22.3,1
382.jpg,382,150.4535037,127.6953723,91.2730389,153.0,130.0,92,18.10568798,123.5863959,150.4542211,18,103,153.0,0.509433039,0.517318431,4387.933016,0.005843966,0.02530455,15.09085602,1.481861376,0.385732474,2.434446983,1.110333044,54.70704274,3.341722458,23.03326794,54.70704274,16.91756777,28.03884422,0.222413122,0.226471759,0.131563434,/Users/dharamkar.1/Library/CloudStorage/OneDrive-TheOhioStateUniversity/VSCode_image_processing_project/data/Step2_output/enhanced_sample_field/382.jpg,382,1.75,22.3,1
383.jpg,383,144.4103157,125.8737046,103.7278579,147.0,127.0,104,16.04472258,92.73612883,144.4103157,16,74,147.0,0.502807917,0.508730588,4328.965907,0.005760824,0.024910343,15.12142395,1.592688827,0.327724352,2.896304448,0.762018593,53.86794148,3.51084,14.69067349,53.86794148,12.95625729,18.41461735,0.215030145,0.218504244,0.161054755,/Users/dharamkar.1/Library/CloudStorage/OneDrive-TheOhioStateUniversity/VSCode_image_processing_project/data/Step2_output/enhanced_sample_field/383.jpg,383,2.66,19.2,1
384.jpg,384,150.9365234,131.2822465,106.6242227,157.0,136.0,110,16.42675781,93.02471301,150.9365434,17,77,157.0,0.524238968,0.542678431,4255.15603,0.005763362,0.025117706,15.1108881,1.580592787,0.345932956,2.789593009,0.868111364,56.02389406,3.545773658,16.10024854,56.02389406,13.87099681,20.31079727,0.235391491,0.239362343,0.171827467,/Users/dharamkar.1/Library/CloudStorage/OneDrive-TheOhioStateUniversity/VSCode_image_processing_project/data/Step2_output/enhanced_sample_field/384.jpg,384,2.66,19.2,1
385.jpg,385,149.0969188,130.0958626,105.8444475,154.0,134.0,108,16.55875319,93.13827328,149.0969188,17,76,154.0,0.519157098,0.535356078,4187.534713,0.005798752,0.025616691,15.10376201,1.641857581,0.333370452,2.7518304,0.864043118,55.51011054,3.348985477,15.81096251,55.51011054,13.40902856,19.94895247,0.230009834,0.234276313,0.168997907,/Users/dharamkar.1/Library/CloudStorage/OneDrive-TheOhioStateUniversity/VSCode_image_processing_project/data/Step2_output/enhanced_sample_field/385.jpg,385,2.66,19.2,1
386.jpg,386,143.8310547,126.2907964,103.6808434,146.0,128.0,104,16.63219467,92.4517897,143.8311145,17,73,146.0,0.503482054,0.510718039,3685.754344,0.005989695,0.029689286,15.04586279,1.621747049,0.311212621,2.771873466,0.745199553,53.9249895,3.027158738,14.78791122,53.9249895,12.32846688,18.62557607,0.214527059,0.219039915,0.161059875,/Users/dharamkar.1/Library/CloudStorage/OneDrive-TheOhioStateUniversity/VSCode_image_processing_project/data/Step2_output/enhanced_sample_field/386.jpg,386,2.66,19.2,1
387.jpg,387,156.0117188,134.5498246,106.3777702,163.0,141.0,111,16.82025271,98.12551818,156.0118184,17,83,163.0,0.537565773,0.561731765,4450.607984,0.005779108,0.024026529,15.10390001,1.606454417,0.380946298,2.660928667,1.011880556,57.38695873,3.759238884,18.18638986,57.38695873,15.34230949,22.88795883,0.249352386,0.253211078,0.173089551,/Users/dharamkar.1/Library/CloudStorage/OneDrive-TheOhioStateUniversity/VSCode_image_processing_project/data/Step2_output/enhanced_sample_field/387.jpg,387,2.66,19.2,1
388.jpg,388,152.6520647,132.3271684,106.1332908,158.0,137.0,109,16.64558753,96.65381856,152.6521046,17,80,158.0,0.528461295,0.546808235,4734.701133,0.005662662,0.023562725,15.15140719,1.580490724,0.365518792,2.715857253,0.882524424,56.4604783,3.592491439,17.00596791,56.4604783,14.43467685,21.42395037,0.239755504,0.24374158,0.171098823,/Users/dharamkar.1/Library/CloudStorage/OneDrive-TheOhioStateUniversity/VSCode_image_processing_project/data/Step2_output/enhanced_sample_field/388.jpg,388,2.66,19.2,1
389.jpg,389,150.956832,130.8515824,104.7156011,156.0,135.0,107,16.69178492,98.55813536,150.956832,17,80,156.0,0.522508015,0.539790588,5201.741332,0.005614775,0.022408643,15.17402711,1.595165417,0.358960454,2.703226611,0.897748636,55.86974502,3.528551806,16.97828779,55.86974502,14.29122935,21.33704865,0.233861763,0.237828745,0.166429578,/Users/dharamkar.1/Library/CloudStorage/OneDrive-TheOhioStateUniversity/VSCode_image_processing_project/data/Step2_output/enhanced_sample_field/389.jpg,389,2.66,19.2,1
390.jpg,390,154.8756178,134.3102878,107.3740035,161.0,140.0,111,16.82266422,95.73469388,154.8757573,17,80,161.0,0.536228684,0.55827451,4810.38587,0.005676022,0.022417797,15.14744866,1.597348857,0.363673279,2.649058973,0.958734773,57.2335947,3.563081192,17.39402104,57.2335947,14.64181118,21.97471404,0.247354381,0.251626913,0.175632265,/Users/dharamkar.1/Library/CloudStorage/OneDrive-TheOhioStateUniversity/VSCode_image_processing_project/data/Step2_output/enhanced_sample_field/390.jpg,390,2.66,19.2,1
391.jpg,391,152.9553372,132.4945193,105.1111288,159.0,138.0,108,17.01072226,97.8410794,152.9554767,17,82,159.0,0.528894512,0.549289412,3792.294663,0.005897809,0.027258195,15.05024922,1.643514599,0.367911745,2.608629966,0.964890789,56.51382498,3.48121882,17.6652935,56.51382498,14.6176141,22.22726769,0.240025784,0.244280317,0.168414668,/Users/dharamkar.1/Library/CloudStorage/OneDrive-TheOhioStateUniversity/VSCode_image_processing_project/data/Step2_output/enhanced_sample_field/391.jpg,391,2.66,19.2,1
392.jpg,392,151.1295241,130.6217913,104.4797911,156.0,135.0,107,16.53836496,97.73475367,151.1295241,17,81,156.0,0.521940574,0.538965098,4238.506927,0.005761328,0.024380822,15.10506152,1.547704509,0.380081849,2.726753794,0.928153754,55.81948795,3.697042771,17.04667114,55.81948795,14.56431285,21.3800799,0.233753994,0.237330167,0.165706763,/Users/dharamkar.1/Library/CloudStorage/OneDrive-TheOhioStateUniversity/VSCode_image_processing_project/data/Step2_output/enhanced_sample_field/392.jpg,392,2.66,19.2,1
393.jpg,393,153.9994021,133.7870894,107.2136081,160.0,139.0,111,16.79261001,95.88494499,153.9994021,17,79,160.0,0.533985325,0.553832941,4664.589266,0.005722153,0.023855986,15.12986211,1.60008142,0.364618438,2.672490059,0.921651371,57.00548161,3.474885971,17.15913004,57.00548161,14.37937753,21.68797583,0.244872084,0.249282874,0.174866743,/Users/dharamkar.1/Library/CloudStorage/OneDrive-TheOhioStateUniversity/VSCode_image_processing_project/data/Step2_output/enhanced_sample_field/393.jpg,393,2.66,19.2,1
394.jpg,394,154.2150231,133.2550821,100.2265824,160.0,138.0,104,18.13602121,108.3931561,154.2150231,18,91,160.0,0.530696921,0.5507,4801.70794,0.00571155,0.022602093,15.12834198,1.611747401,0.373490511,2.376652468,1.097268713,56.74419785,2.921297654,20.76511422,56.74419785,15.38163561,25.93402368,0.241013846,0.246615921,0.156013237,/Users/dharamkar.1/Library/CloudStorage/OneDrive-TheOhioStateUniversity/VSCode_image_processing_project/data/Step2_output/enhanced_sample_field/394.jpg,394,2.66,19.2,1
395.jpg,395,153.4961137,132.5274434,99.93979193,159.0,137.0,103,18.01014429,108.2438018,153.4961137,18,91,159.0,0.527975358,0.547158431,4476.916119,0.00576371,0.024427308,15.10565967,1.579853432,0.374010844,2.409835351,1.071039284,56.47272343,2.99292416,20.5497832,56.47272343,15.35954157,25.63830559,0.238512777,0.243865171,0.154885719,/Users/dharamkar.1/Library/CloudStorage/OneDrive-TheOhioStateUniversity/VSCode_image_processing_project/data/Step2_output/enhanced_sample_field/395.jpg,395,2.66,19.2,1
396.jpg,396,151.1424785,133.7364078,103.6604153,153.0,135.0,105,19.03336256,86.58797034,151.1424785,19,80,153.0,0.530457721,0.537336078,1609.032351,0.008383656,0.032425976,14.15202318,1.764360803,0.509478457,2.164807525,1.456028156,56.64790056,1.831710592,18.64322746,56.64790056,12.75872191,23.69691905,0.237592494,0.245637821,0.164924659,/Users/dharamkar.1/Library/CloudStorage/OneDrive-TheOhioStateUniversity/VSCode_image_processing_project/data/Step2_output/enhanced_sample_field/396.jpg,396,1.59,13.3,1
397.jpg,397,154.5349769,135.23579,101.8447266,156.0,137.0,104,18.98001036,93.64588648,154.5349769,19,86,156.0,0.536977928,0.544040392,1548.525945,0.008189439,0.032299945,14.17341446,1.842723322,0.504739768,2.163499713,1.565744486,57.34104918,2.153947888,20.66157086,57.34104918,14.26506775,26.04801657,0.245161918,0.252736163,0.161133426,/Users/dharamkar.1/Library/CloudStorage/OneDrive-TheOhioStateUniversity/VSCode_image_processing_project/data/Step2_output/enhanced_sample_field/397.jpg,397,1.59,13.3,1
398.jpg,398,141.8366749,124.5935308,98.9317602,142.0,124.0,98,17.63191566,99.41601563,141.8366749,18,79,142.0,0.495715628,0.492606667,4375.363969,0.005767151,0.024931144,15.12378766,1.624123593,0.320483622,2.498241459,0.820582194,53.16892148,2.482055636,16.45219346,53.16892148,12.36743903,20.60560842,0.206585183,0.212011317,0.147879279,/Users/dharamkar.1/Library/CloudStorage/OneDrive-TheOhioStateUniversity/VSCode_image_processing_project/data/Step2_output/enhanced_sample_field/398.jpg,398,1.59,13.3,1
399.jpg,399,139.14774,123.1148557,97.27453364,138.0,121.0,94,18.16007653,100.5117387,139.1477599,18,80,138.0,0.488857868,0.48077451,4208.342068,0.005857187,0.02664048,15.0999262,1.639150425,0.283538016,2.406680026,0.786486999,52.47008435,1.967320424,16.40885684,52.47008435,11.58003742,20.56764235,0.199399091,0.205649956,0.142923183,/Users/dharamkar.1/Library/CloudStorage/OneDrive-TheOhioStateUniversity/VSCode_image_processing_project/data/Step2_output/enhanced_sample_field/399.jpg,399,1.59,13.3,1
400.jpg,400,139.3573422,123.738082,99.4411073,138.0,122.0,97,17.94015067,96.18963249,139.3573422,18,76,138.0,0.49139358,0.485563137,4278.935418,0.005812386,0.025370439,15.11283134,1.647274677,0.280314236,2.453565515,0.748757054,52.7073037,2.011185021,15.48732738,52.7073037,11.19195827,19.5116627,0.2015539,0.207794836,0.148609658,/Users/dharamkar.1/Library/CloudStorage/OneDrive-TheOhioStateUniversity/VSCode_image_processing_project/data/Step2_output/enhanced_sample_field/400.jpg,400,1.59,13.3,1
401.jpg,401,139.865633,123.8575415,102.8765745,139.0,123.0,101,16.69232302,89.15310108,139.865633,17,70,139.0,0.49312366,0.488297255,4342.769479,0.005797577,0.025154563,15.11871624,1.651326852,0.286869757,2.720847199,0.678296927,52.8627434,2.661495665,13.72359764,52.8627434,11.20270069,17.31411257,0.204243301,0.20920834,0.15758083,/Users/dharamkar.1/Library/CloudStorage/OneDrive-TheOhioStateUniversity/VSCode_image_processing_project/data/Step2_output/enhanced_sample_field/401.jpg,401,1.59,13.3,1
402.jpg,402,152.5811942,133.1865035,98.61483578,155.0,135.0,101,19.15306122,104.1661352,152.5811942,19,90,155.0,0.528687286,0.537283529,3803.721032,0.006195099,0.020670922,14.9013951,1.919650939,0.402226935,2.134286853,1.262172776,56.53775169,2.06680279,21.36945991,56.53775169,14.42775104,26.74862615,0.237050492,0.244522205,0.151757948,/Users/dharamkar.1/Library/CloudStorage/OneDrive-TheOhioStateUniversity/VSCode_image_processing_project/data/Step2_output/enhanced_sample_field/402.jpg,402,1.27,13.6,1
403.jpg,403,157.0696349,136.1822585,98.1046317,160.0,139.0,100,19.27297911,112.486069,157.0696349,19,95,160.0,0.540687957,0.550462353,4531.723455,0.005874268,0.018778275,15.04076916,1.709764021,0.402617487,2.120221435,1.291392086,57.76998742,2.205497115,23.37612322,57.76998742,15.6816852,29.14217902,0.249579721,0.257196563,0.152276091,/Users/dharamkar.1/Library/CloudStorage/OneDrive-TheOhioStateUniversity/VSCode_image_processing_project/data/Step2_output/enhanced_sample_field/403.jpg,403,1.27,13.6,1
404.jpg,404,156.1298828,134.5887476,96.04557956,159.0,138.0,99,19.14560746,111.7924705,156.1298828,19,98,159.0,0.534852064,0.546808235,3701.685959,0.006313549,0.021255689,14.85794755,1.745249491,0.45328781,2.142008427,1.435464819,57.21224901,2.448234353,23.77066835,57.21224901,16.17754705,29.43565271,0.24455955,0.251406949,0.146385956,/Users/dharamkar.1/Library/CloudStorage/OneDrive-TheOhioStateUniversity/VSCode_image_processing_project/data/Step2_output/enhanced_sample_field/404.jpg,404,1.27,13.6,1
405.jpg,405,153.462771,134.3535356,100.0589326,157.0,137.0,103,19.19559152,97.127272,153.462771,19,88,157.0,0.533104342,0.544605882,2330.350937,0.007589251,0.026486402,14.39744708,1.913824734,0.479521869,2.122060457,1.512423448,56.96581813,1.967771704,21.14497362,56.96581813,14.20672217,26.57806211,0.241017807,0.248876793,0.156023275,/Users/dharamkar.1/Library/CloudStorage/OneDrive-TheOhioStateUniversity/VSCode_image_processing_project/data/Step2_output/enhanced_sample_field/405.jpg,405,1.27,13.6,1
406.jpg,406,155.4587851,136.199717,101.892339,159.0,139.0,105,19.14777982,95.56750239,155.4587851,19,87,159.0,0.540465518,0.552969804,2159.132067,0.007771919,0.027758168,14.33912048,1.931167368,0.476662572,2.132494766,1.59140236,57.69067627,2.004660053,21.12044311,57.69067627,14.29816965,26.64721065,0.248312779,0.256367908,0.161792023,/Users/dharamkar.1/Library/CloudStorage/OneDrive-TheOhioStateUniversity/VSCode_image_processing_project/data/Step2_output/enhanced_sample_field/406.jpg,406,1.27,13.6,1
407.jpg,407,149.0393814,130.2795759,99.19132653,152.0,132.0,100,18.47273597,107.1150351,149.0393814,19,87,152.0,0.517743419,0.525824314,4011.970912,0.005845286,0.026193808,15.08001641,1.599634159,0.332018681,2.313904635,0.989217491,55.41918107,2.298208493,19.47933525,55.41918107,13.76045011,24.41014445,0.226829572,0.233383759,0.151589217,/Users/dharamkar.1/Library/CloudStorage/OneDrive-TheOhioStateUniversity/VSCode_image_processing_project/data/Step2_output/enhanced_sample_field/407.jpg,407,1.27,13.6,1
408.jpg,408,148.2289939,129.024713,96.71775351,151.0,131.0,97,18.50731425,112.7398358,148.2289939,19,90,151.0,0.5128482,0.520228235,5228.508889,0.00561688,0.021412187,15.18032621,1.603740542,0.34276114,2.335300658,1.016796845,54.95159388,2.339136492,20.23995702,54.95159388,14.15792236,25.19700626,0.222524697,0.228829758,0.144818658,/Users/dharamkar.1/Library/CloudStorage/OneDrive-TheOhioStateUniversity/VSCode_image_processing_project/data/Step2_output/enhanced_sample_field/408.jpg,408,1.27,13.6,1
409.jpg,409,147.7885244,127.3852041,94.04424426,150.0,129.0,94,18.27822066,117.5212851,147.7885244,19,95,150.0,0.507125594,0.512087451,4845.67659,0.005717599,0.024429315,15.14242871,1.502317551,0.360561569,2.385032199,1.040482893,54.41160209,2.733847697,21.02545238,54.41160209,15.06238605,25.91662164,0.218363817,0.223644751,0.137635983,/Users/dharamkar.1/Library/CloudStorage/OneDrive-TheOhioStateUniversity/VSCode_image_processing_project/data/Step2_output/enhanced_sample_field/409.jpg,409,1.27,13.6,1
410.jpg,410,145.2157605,126.7644491,97.03683036,148.0,129.0,98,18.36704799,103.617626,145.2157605,19,85,148.0,0.504086241,0.511841569,3731.485826,0.005883794,0.023852292,15.04201379,1.681747009,0.366069629,2.327389225,1.063066918,54.05021853,2.397195427,18.79222899,54.05021853,13.47004207,23.42426766,0.214336463,0.220218863,0.144366472,/Users/dharamkar.1/Library/CloudStorage/OneDrive-TheOhioStateUniversity/VSCode_image_processing_project/data/Step2_output/enhanced_sample_field/410.jpg,410,1.27,13.6,1
411.jpg,411,148.3921596,129.5434869,98.85694356,151.0,132.0,100,18.42578125,103.9313616,148.3921596,19,86,151.0,0.515044432,0.523598824,3926.317685,0.005842097,0.023658399,15.05949884,1.720921939,0.379747326,2.308405395,1.050304698,55.15009922,2.39871735,19.29500885,55.15009922,13.79501163,24.14466387,0.224513194,0.230755766,0.150365819,/Users/dharamkar.1/Library/CloudStorage/OneDrive-TheOhioStateUniversity/VSCode_image_processing_project/data/Step2_output/enhanced_sample_field/411.jpg,411,1.27,13.6,1
412.jpg,412,153.3855827,134.0592913,100.234654,157.0,137.0,103,18.95206872,107.7097218,153.3855827,19,89,157.0,0.532264203,0.544561176,4344.48957,0.005772013,0.022697084,15.09361429,1.663874284,0.358627886,2.20140755,1.109690562,56.88203959,2.123681526,20.93215119,56.88203959,14.32201918,26.29579292,0.240549279,0.248020504,0.156329281,/Users/dharamkar.1/Library/CloudStorage/OneDrive-TheOhioStateUniversity/VSCode_image_processing_project/data/Step2_output/enhanced_sample_field/412.jpg,412,1.27,13.6,1
413.jpg,413,151.3532167,131.5177774,98.54980469,155.0,134.0,100,18.46336894,111.6906489,151.3532167,19,90,155.0,0.52296399,0.534790588,4778.397402,0.0056884,0.023110583,15.14473696,1.595083541,0.352176314,2.328594468,1.046712481,55.96580961,2.483090724,20.61790132,55.96580961,14.62132352,25.74077791,0.232450768,0.238783701,0.150730494,/Users/dharamkar.1/Library/CloudStorage/OneDrive-TheOhioStateUniversity/VSCode_image_processing_project/data/Step2_output/enhanced_sample_field/413.jpg,413,1.27,13.6,1
414.jpg,414,149.9690091,130.4580078,97.75866948,153.0,133.0,99,18.51361209,111.7982103,149.9690091,19,90,153.0,0.518613621,0.528354118,4847.255926,0.005663529,0.023100621,15.15337908,1.601300264,0.346255277,2.321285094,1.025876019,55.52945807,2.396813676,20.45589459,55.52945807,14.38708776,25.51209422,0.228091201,0.234466519,0.148165094,/Users/dharamkar.1/Library/CloudStorage/OneDrive-TheOhioStateUniversity/VSCode_image_processing_project/data/Step2_output/enhanced_sample_field/414.jpg,414,1.27,13.6,1
415.jpg,415,152.8766342,134.5566606,101.4299267,157.0,138.0,104,19.15634965,106.1569675,152.8766342,19,86,157.0,0.533573402,0.547165882,4572.554032,0.005747608,0.023058701,15.11409652,1.636067392,0.329336906,2.173328584,1.005928474,56.99125287,1.789575117,20.39695006,56.99125287,13.58744699,25.76788594,0.240861193,0.249137147,0.159591703,/Users/dharamkar.1/Library/CloudStorage/OneDrive-TheOhioStateUniversity/VSCode_image_processing_project/data/Step2_output/enhanced_sample_field/415.jpg,415,1.27,13.6,1
416.jpg,416,156.885523,136.8014589,110.1155533,164.0,143.0,115,16.9774992,92.53194754,156.8856425,17,77,164.0,0.54566772,0.570382353,3598.102899,0.006039437,0.027889746,15.00164826,1.596333673,0.356736754,2.621961078,0.926818701,58.15146741,3.370097419,17.12859475,58.15146741,14.28304648,21.79687927,0.256206147,0.261207283,0.184728441,/Users/dharamkar.1/Library/CloudStorage/OneDrive-TheOhioStateUniversity/VSCode_image_processing_project/data/Step2_output/enhanced_sample_field/416.jpg,416,2.51,19.4,2
417.jpg,417,149.3391661,131.4605987,107.1286671,154.0,136.0,111,17.08866789,91.4477838,149.3391661,17,73,154.0,0.523550831,0.540684314,4180.86451,0.005804538,0.025316514,15.10088982,1.633967486,0.311967265,2.607773425,0.799875947,55.93039653,2.860909379,15.65929487,55.93039653,12.66110252,19.90221813,0.232953326,0.238431371,0.173165196,/Users/dharamkar.1/Library/CloudStorage/OneDrive-TheOhioStateUniversity/VSCode_image_processing_project/data/Step2_output/enhanced_sample_field/417.jpg,417,2.51,19.4,2
418.jpg,418,148.7902384,130.7956593,106.9576491,154.0,135.0,110,16.89439174,91.79510124,148.790338,17,73,154.0,0.521179556,0.537625882,4273.38559,0.005772881,0.025525504,15.11888738,1.580601021,0.317031217,2.667972287,0.7823793,55.6941936,2.987065298,15.42316692,55.6941936,12.7038021,19.57178653,0.230966849,0.236090214,0.172346111,/Users/dharamkar.1/Library/CloudStorage/OneDrive-TheOhioStateUniversity/VSCode_image_processing_project/data/Step2_output/enhanced_sample_field/418.jpg,418,2.51,19.4,2
419.jpg,419,150.7627152,132.6417809,103.8384885,156.0,137.0,107,18.18387277,100.1221301,150.7627352,18,80,156.0,0.527120636,0.544364314,4031.160654,0.005875069,0.026772811,15.07827949,1.594944801,0.321621785,2.386060241,0.918880783,56.31812559,2.315395266,18.08727221,56.31812559,13.1502687,22.91781978,0.235476651,0.242307868,0.164866087,/Users/dharamkar.1/Library/CloudStorage/OneDrive-TheOhioStateUniversity/VSCode_image_processing_project/data/Step2_output/enhanced_sample_field/419.jpg,419,2.51,19.4,2
420.jpg,420,151.7302097,133.348015,105.2768654,158.0,139.0,109,17.93110252,97.53854432,151.7302097,18,79,158.0,0.530314908,0.551109804,3942.897381,0.005862863,0.025599988,15.07280825,1.631162964,0.322064198,2.431629028,0.898362932,56.63073058,2.51703947,17.7117501,56.63073058,13.26748063,22.47752944,0.238978603,0.245463697,0.169145668,/Users/dharamkar.1/Library/CloudStorage/OneDrive-TheOhioStateUniversity/VSCode_image_processing_project/data/Step2_output/enhanced_sample_field/420.jpg,420,2.51,19.4,2
421.jpg,421,144.8659319,126.55682,102.4646644,148.0,129.0,103,16.71892937,93.18634407,144.8659319,17,76,148.0,0.504746909,0.513508235,3329.150064,0.006078116,0.031001717,14.99793485,1.612051473,0.326873465,2.756924666,0.793090204,54.07089041,3.126996458,15.70441398,54.07089041,12.95198551,19.71077625,0.216071315,0.220413881,0.158041371,/Users/dharamkar.1/Library/CloudStorage/OneDrive-TheOhioStateUniversity/VSCode_image_processing_project/data/Step2_output/enhanced_sample_field/421.jpg,421,2.51,19.4,2
422.jpg,422,154.0856784,132.6160714,105.6543766,159.0,136.0,108,16.52194276,99.50964605,154.0856784,17,81,159.0,0.530331077,0.54434549,4651.388413,0.005760754,0.024282385,15.11727853,1.526222396,0.382447185,2.745748687,0.915463058,56.66674719,3.954507918,17.58313705,56.66674719,15.26592395,22.05889207,0.242615219,0.245829044,0.170047371,/Users/dharamkar.1/Library/CloudStorage/OneDrive-TheOhioStateUniversity/VSCode_image_processing_project/data/Step2_output/enhanced_sample_field/422.jpg,422,2.51,19.4,2
423.jpg,423,153.6492148,133.0649314,106.5026507,159.0,137.0,110,16.70976164,97.13400829,153.6497927,17,79,159.0,0.531466475,0.547641569,4692.000581,0.005744993,0.023882846,15.12414,1.540823387,0.367383765,2.6999315,0.886945866,56.76277013,3.638670407,17.22537306,56.76277013,14.63347065,21.70824557,0.242840303,0.246804859,0.172538145,/Users/dharamkar.1/Library/CloudStorage/OneDrive-TheOhioStateUniversity/VSCode_image_processing_project/data/Step2_output/enhanced_sample_field/423.jpg,423,2.51,19.4,2
424.jpg,424,150.8523796,131.0448023,104.1842913,155.0,134.0,106,17.03443878,100.0214445,150.8526387,17,80,155.0,0.522812822,0.534835294,4891.170584,0.005689316,0.023534356,15.14886886,1.595809745,0.359472661,2.626702727,0.889255997,55.90099304,3.301998748,17.32238408,55.90099304,14.1457025,21.78767103,0.233656118,0.238139095,0.165078189,/Users/dharamkar.1/Library/CloudStorage/OneDrive-TheOhioStateUniversity/VSCode_image_processing_project/data/Step2_output/enhanced_sample_field/424.jpg,424,2.51,19.4,2
425.jpg,425,158.7376834,136.2109574,102.1077607,165.0,141.0,106,17.84976881,111.3717315,158.7376834,18,91,165.0,0.543290377,0.564429412,5417.990491,0.005653454,0.021649125,15.15616844,1.567377498,0.393790359,2.432895501,1.072481587,58.0127797,3.392534649,21.48667608,58.0127797,16.51424788,26.83958192,0.254839408,0.259744391,0.162660097,/Users/dharamkar.1/Library/CloudStorage/OneDrive-TheOhioStateUniversity/VSCode_image_processing_project/data/Step2_output/enhanced_sample_field/425.jpg,425,2.51,19.4,2
426.jpg,426,153.8251156,131.8244778,99.45300542,159.0,136.0,102,17.65971779,107.7841598,153.8253747,18,91,159.0,0.526139726,0.543675294,3596.153768,0.005974773,0.027332602,15.01219565,1.638516477,0.407360731,2.474041404,1.11073297,56.30575857,3.463371185,20.60571982,56.30575857,16.05483979,25.58730751,0.237947761,0.242183579,0.153360603,/Users/dharamkar.1/Library/CloudStorage/OneDrive-TheOhioStateUniversity/VSCode_image_processing_project/data/Step2_output/enhanced_sample_field/426.jpg,426,2.51,19.4,2
427.jpg,427,149.9700056,131.2168965,102.1365195,154.0,135.0,105,18.18006617,99.11106904,149.9701052,18,83,154.0,0.521981322,0.535661569,3716.450773,0.005934255,0.026861324,15.02764444,1.652964149,0.342642239,2.336457005,0.974345693,55.82145943,2.55608376,18.36593148,55.82145943,13.60275552,23.13515702,0.231228058,0.237349712,0.159655881,/Users/dharamkar.1/Library/CloudStorage/OneDrive-TheOhioStateUniversity/VSCode_image_processing_project/data/Step2_output/enhanced_sample_field/427.jpg,427,2.77,18.6,2
428.jpg,428,152.948282,132.1821189,97.92613999,158.0,136.0,100,18.41202966,109.9674546,152.948282,19,94,158.0,0.525980677,0.54258902,5040.039798,0.00567844,0.022148656,15.13966496,1.562783578,0.371420203,2.309456318,1.128894731,56.28812497,2.697135111,21.42942909,56.28812497,15.34780184,26.65712777,0.236044954,0.242006434,0.149615195,/Users/dharamkar.1/Library/CloudStorage/OneDrive-TheOhioStateUniversity/VSCode_image_processing_project/data/Step2_output/enhanced_sample_field/428.jpg,428,2.77,18.6,2
429.jpg,429,153.693758,133.6353237,96.55464764,159.0,138.0,99,19.20922353,115.3785674,153.7016901,19,97,159.0,0.530291075,0.547604706,4636.127643,0.005760389,0.024422744,15.11267487,1.495612411,0.36525404,2.197040806,1.167044601,56.72819431,2.019444743,22.80090964,56.72819431,15.05847847,28.37732976,0.238802599,0.246453192,0.146966143,/Users/dharamkar.1/Library/CloudStorage/OneDrive-TheOhioStateUniversity/VSCode_image_processing_project/data/Step2_output/enhanced_sample_field/429.jpg,429,2.77,18.6,2
430.jpg,430,155.2169962,133.1376754,95.75241151,161.0,137.0,98,18.66936384,116.2648677,155.2169962,19,100,161.0,0.529937465,0.54651451,3896.776866,0.00592721,0.026238905,15.03102881,1.573633111,0.419546908,2.263388214,1.250361021,56.72674207,2.841406821,23.27538335,56.72674207,16.47613523,28.73763809,0.240659594,0.246438429,0.144925814,/Users/dharamkar.1/Library/CloudStorage/OneDrive-TheOhioStateUniversity/VSCode_image_processing_project/data/Step2_output/enhanced_sample_field/430.jpg,430,2.77,18.6,2
431.jpg,431,151.0950454,131.0251714,96.92231346,156.0,135.0,99,18.7229552,109.8951491,151.1072824,19,93,156.0,0.520906681,0.537313725,3841.879745,0.005902869,0.027743514,15.04788355,1.640246368,0.382447014,2.265913467,1.153492155,55.77638332,2.441119675,21.27927207,55.77638332,14.86762312,26.46207252,0.230541441,0.236903101,0.146453542,/Users/dharamkar.1/Library/CloudStorage/OneDrive-TheOhioStateUniversity/VSCode_image_processing_project/data/Step2_output/enhanced_sample_field/431.jpg,431,2.77,18.6,2
432.jpg,432,152.0535914,131.1493543,101.1537986,157.0,135.0,103,17.44718591,104.8121014,152.0536113,18,87,157.0,0.523250294,0.537558431,4079.869114,0.005857392,0.026202208,15.06881751,1.664172446,0.383078755,2.516107142,1.019125444,55.98436161,3.328266234,19.17892014,55.98436161,15.12812315,23.94632661,0.234520164,0.238968416,0.157251407,/Users/dharamkar.1/Library/CloudStorage/OneDrive-TheOhioStateUniversity/VSCode_image_processing_project/data/Step2_output/enhanced_sample_field/432.jpg,432,2.77,18.6,2
433.jpg,433,150.4654616,130.2634526,101.1251196,154.0,133.0,102,17.46556122,104.2106784,150.4654616,18,86,154.0,0.519433356,0.529983137,3863.821609,0.005934998,0.027270259,15.05026624,1.613405971,0.361373283,2.516851776,0.962596442,55.5904084,3.16318679,18.6351263,55.5904084,14.59127864,23.30187353,0.230365045,0.235066398,0.1566433,/Users/dharamkar.1/Library/CloudStorage/OneDrive-TheOhioStateUniversity/VSCode_image_processing_project/data/Step2_output/enhanced_sample_field/433.jpg,433,2.77,18.6,2
434.jpg,434,145.957968,127.114776,99.90519372,148.0,128.0,100,17.4033801,101.9477041,145.9579879,18,83,148.0,0.506498602,0.511864314,3976.865331,0.005874319,0.027303851,15.07608052,1.61025922,0.334222666,2.546299688,0.89355557,54.2750492,2.902041913,17.46938446,54.2750492,13.5445108,21.84060614,0.217465741,0.222346095,0.151752961,/Users/dharamkar.1/Library/CloudStorage/OneDrive-TheOhioStateUniversity/VSCode_image_processing_project/data/Step2_output/enhanced_sample_field/434.jpg,434,2.77,18.6,2
435.jpg,435,147.584383,127.7566765,100.3594348,151.0,130.0,101,17.13368941,101.6503109,147.5846221,17,84,151.0,0.509783227,0.518033333,3940.356943,0.005868244,0.026194792,15.0678955,1.622228792,0.354370807,2.582243544,0.911578013,54.61626172,3.278339422,17.70048023,54.61626172,14.21938704,22.07919328,0.221429935,0.225600575,0.153326623,/Users/dharamkar.1/Library/CloudStorage/OneDrive-TheOhioStateUniversity/VSCode_image_processing_project/data/Step2_output/enhanced_sample_field/435.jpg,435,2.77,18.6,2
436.jpg,436,149.6299426,129.3518614,100.8807199,153.0,132.0,102,17.26702009,102.725865,149.6299426,17,85,153.0,0.516110527,0.527468235,3721.005525,0.005933005,0.028015308,15.04157843,1.643910505,0.365260728,2.549774112,0.962919746,55.2577421,3.297755019,18.30882363,55.2577421,14.59735496,22.85809888,0.22749656,0.231804682,0.155537148,/Users/dharamkar.1/Library/CloudStorage/OneDrive-TheOhioStateUniversity/VSCode_image_processing_project/data/Step2_output/enhanced_sample_field/436.jpg,436,2.77,18.6,2
437.jpg,437,138.6828563,113.6582629,77.06188217,136.0,111.0,75,17.87523916,117.0514987,138.6828563,18,116,136.0,0.456225059,0.446521961,1070.898903,0.012426292,0.039862499,13.11459377,2.069351541,0.795243419,2.370765853,1.403742978,49.44391201,4.596598648,23.96403198,49.44391201,18.634293,27.77487734,0.179156106,0.179570002,0.095530052,/Users/dharamkar.1/Library/CloudStorage/OneDrive-TheOhioStateUniversity/VSCode_image_processing_project/data/Step2_output/enhanced_sample_field/437.jpg,437,2.07,0.0,1
438.jpg,438,142.7277943,115.8726946,73.87111142,141.0,114.0,72,18.24116415,139.9431622,142.7277943,18,126,141.0,0.464906232,0.459350196,506.3389305,0.008598689,0.067341024,14.00487572,1.344452129,0.610945307,2.309888049,1.458247138,50.4176559,4.749607319,27.10320991,50.4176559,20.34467179,31.05649868,0.187436147,0.187705355,0.090897785,/Users/dharamkar.1/Library/CloudStorage/OneDrive-TheOhioStateUniversity/VSCode_image_processing_project/data/Step2_output/enhanced_sample_field/438.jpg,438,2.07,0.0,1
439.jpg,439,148.3164336,123.2754236,80.47525911,153.0,128.0,83,18.73950936,137.8598739,148.3164336,19,117,153.0,0.492199005,0.509765098,1624.594674,0.006410105,0.044047633,14.88772223,1.535736528,0.494962041,2.327751139,1.479642906,53.11011608,3.677824576,26.96836394,53.11011608,19.03685325,31.74927701,0.208533884,0.211471039,0.106629963,/Users/dharamkar.1/Library/CloudStorage/OneDrive-TheOhioStateUniversity/VSCode_image_processing_project/data/Step2_output/enhanced_sample_field/439.jpg,439,2.07,0.0,1
440.jpg,440,143.8972218,120.6341478,79.08902663,142.0,118.0,77,19.09903141,121.8092714,143.8972218,19,117,142.0,0.480714305,0.471985882,1961.61411,0.008974317,0.028971934,13.9629333,1.404403711,0.778530179,2.123002626,1.511491815,51.91943709,3.102746576,26.12364855,51.91943709,17.70219348,30.75959506,0.196916676,0.200728143,0.102492272,/Users/dharamkar.1/Library/CloudStorage/OneDrive-TheOhioStateUniversity/VSCode_image_processing_project/data/Step2_output/enhanced_sample_field/440.jpg,440,2.07,0.0,1
441.jpg,441,148.4739716,124.4805684,81.30524554,147.0,123.0,79,19.21303013,122.6504703,148.4739716,19,117,147.0,0.495945984,0.489346667,2107.526626,0.008557121,0.026570931,14.08672504,1.438982439,0.704238091,2.116018482,1.616524258,53.46652125,3.152961194,26.9666474,53.46652125,18.30852166,31.92949474,0.210639015,0.214759649,0.108782537,/Users/dharamkar.1/Library/CloudStorage/OneDrive-TheOhioStateUniversity/VSCode_image_processing_project/data/Step2_output/enhanced_sample_field/441.jpg,441,2.07,0.0,1
442.jpg,442,139.0801306,113.5111448,73.14687188,138.0,113.0,72,18.25763689,138.1655806,139.0801306,18,123,138.0,0.455036432,0.45176,498.2124945,0.008733231,0.068178865,13.97792878,1.335833717,0.574510026,2.30698995,1.40292628,49.3800141,4.420858572,26.10995582,49.3800141,19.31337011,29.91736011,0.178311604,0.179044532,0.088437709,/Users/dharamkar.1/Library/CloudStorage/OneDrive-TheOhioStateUniversity/VSCode_image_processing_project/data/Step2_output/enhanced_sample_field/442.jpg,442,2.07,0.0,1
443.jpg,443,135.3556282,111.4535635,75.20216837,133.0,109.0,73,18.0421317,117.1670719,135.3556282,18,116,133.0,0.446741281,0.437272157,1048.4581,0.012597379,0.041033982,13.08120743,1.985451953,0.70500706,2.32075379,1.130909466,48.46126278,4.195998193,23.68245189,48.46126278,17.82418569,27.36556859,0.170604105,0.171602045,0.091046572,/Users/dharamkar.1/Library/CloudStorage/OneDrive-TheOhioStateUniversity/VSCode_image_processing_project/data/Step2_output/enhanced_sample_field/443.jpg,443,2.07,0.0,1
444.jpg,444,146.9095783,123.1709184,80.73186384,145.0,121.0,79,19.14510922,122.2497409,146.9095783,19,117,145.0,0.490805991,0.484636471,2097.346873,0.008597409,0.02774529,14.0754871,1.346998694,0.736978513,2.123357488,1.564841107,52.94307697,3.153298489,26.58204372,52.94307697,18.08504572,31.43026499,0.205962753,0.209941366,0.106971505,/Users/dharamkar.1/Library/CloudStorage/OneDrive-TheOhioStateUniversity/VSCode_image_processing_project/data/Step2_output/enhanced_sample_field/444.jpg,444,2.07,0.0,1
445.jpg,445,139.5114796,115.7768854,72.95432079,137.0,113.0,70,19.22193878,126.894312,139.5114796,19,124,137.0,0.46169796,0.450696471,1335.826594,0.01090148,0.036560628,13.48375873,1.350112684,0.823405088,2.110600127,1.289191607,50.04205803,3.28634067,27.07050628,50.04205803,18.1622154,31.22613076,0.181543785,0.184538858,0.088993007,/Users/dharamkar.1/Library/CloudStorage/OneDrive-TheOhioStateUniversity/VSCode_image_processing_project/data/Step2_output/enhanced_sample_field/445.jpg,445,1.75,0.0,1
446.jpg,446,133.8780493,113.1722736,77.42715641,132.0,111.0,75,18.87488042,111.0230788,133.8780493,19,110,132.0,0.450960894,0.442630196,1002.76035,0.012728178,0.041669105,13.05138001,2.00419721,0.630980669,2.160835319,1.258819275,48.82175856,2.813343653,22.85002894,48.82175856,15.52583125,26.86416273,0.170914972,0.174497199,0.095663379,/Users/dharamkar.1/Library/CloudStorage/OneDrive-TheOhioStateUniversity/VSCode_image_processing_project/data/Step2_output/enhanced_sample_field/446.jpg,446,1.75,0.0,1
447.jpg,447,146.349709,123.6079401,81.06696429,145.0,122.0,79,19.48501276,120.0895448,146.349709,20,115,145.0,0.491660242,0.485722745,1715.263773,0.00920121,0.030550575,13.91389773,1.431589415,0.750846258,2.072967662,1.679957608,53.01116634,2.698735953,26.47130979,53.01116634,17.38344386,31.42342683,0.205631534,0.210564006,0.107766768,/Users/dharamkar.1/Library/CloudStorage/OneDrive-TheOhioStateUniversity/VSCode_image_processing_project/data/Step2_output/enhanced_sample_field/447.jpg,447,1.75,0.0,1
448.jpg,448,144.3410395,121.627272,79.81473214,142.0,120.0,78,19.36104911,121.0786232,144.3410395,19,116,142.0,0.484075543,0.476190196,1857.043462,0.008977676,0.030209325,13.98736444,1.566841103,0.712793798,2.090082862,1.568900326,52.24760034,2.811136084,26.14831929,52.24760034,17.32568982,30.91259678,0.199167295,0.20365177,0.104331996,/Users/dharamkar.1/Library/CloudStorage/OneDrive-TheOhioStateUniversity/VSCode_image_processing_project/data/Step2_output/enhanced_sample_field/448.jpg,448,1.75,0.0,1
449.jpg,449,141.8910236,120.4409279,81.72317443,140.0,119.0,80,19.22269611,114.6191606,141.8916016,19,110,140.0,0.479245189,0.472566275,1766.26029,0.008996239,0.031182501,13.95974459,1.81400486,0.654163538,2.111899475,1.523343521,51.70840084,2.641194921,24.32791728,51.70840084,16.22305051,28.98503709,0.19419145,0.19886287,0.107408077,/Users/dharamkar.1/Library/CloudStorage/OneDrive-TheOhioStateUniversity/VSCode_image_processing_project/data/Step2_output/enhanced_sample_field/449.jpg,449,1.75,0.0,1
450.jpg,450,139.6139987,119.7398557,82.07521524,138.0,118.0,80,19.44391741,109.6270528,139.6139987,19,107,138.0,0.475480355,0.468950196,1247.736227,0.010701335,0.037314416,13.49742533,2.021340875,0.651118925,2.057672082,1.553903208,51.29425765,2.095637017,23.54453474,51.29425765,15.05308982,28.20085366,0.189617188,0.195236068,0.107650047,/Users/dharamkar.1/Library/CloudStorage/OneDrive-TheOhioStateUniversity/VSCode_image_processing_project/data/Step2_output/enhanced_sample_field/450.jpg,450,1.75,0.0,1
451.jpg,451,115.7389987,96.36316167,63.43114238,113.0,94.0,61,18.94094786,121.5355947,115.7389987,19,118,113.0,0.384729916,0.375130196,1089.351457,0.01173688,0.041137692,13.26806789,1.911753286,0.399941366,2.179800921,0.794431118,41.98706005,2.917041897,21.69915881,41.98706005,14.43176121,24.24944797,0.122934938,0.124916355,0.065282697,/Users/dharamkar.1/Library/CloudStorage/OneDrive-TheOhioStateUniversity/VSCode_image_processing_project/data/Step2_output/enhanced_sample_field/451.jpg,451,2.66,0.0,1
452.jpg,452,124.6813815,106.6537986,78.76205756,123.0,105.0,77,18.26548549,97.07045201,124.6813815,18,96,123.0,0.425386923,0.41801451,872.6254404,0.013296906,0.045578892,12.90807889,1.331523021,0.554174346,2.296831216,0.969265625,46.09782024,2.751385121,18.30101213,46.09782024,13.11858888,21.63662163,0.150354995,0.153410505,0.095188296,/Users/dharamkar.1/Library/CloudStorage/OneDrive-TheOhioStateUniversity/VSCode_image_processing_project/data/Step2_output/enhanced_sample_field/452.jpg,452,2.66,0.0,1
453.jpg,453,127.1084582,110.8145129,79.43833705,126.0,109.0,78,19.66792889,101.0492666,127.1084582,20,97,126.0,0.439273545,0.433953725,1341.214286,0.010368738,0.034840814,13.57508341,1.608368346,0.505520203,2.042290908,1.074432416,47.5212121,1.472881339,19.85023501,47.5212121,12.18197421,23.7578879,0.158602772,0.164203482,0.098129247,/Users/dharamkar.1/Library/CloudStorage/OneDrive-TheOhioStateUniversity/VSCode_image_processing_project/data/Step2_output/enhanced_sample_field/453.jpg,453,2.66,0.0,1
454.jpg,454,146.6281091,124.3457031,84.16047513,145.0,123.0,83,19.2038624,115.0432278,146.6281091,19,110,145.0,0.494836704,0.489644314,1766.24968,0.008847385,0.030444715,13.99975839,1.72812432,0.703493481,2.113379011,1.646734053,53.29189208,2.752879805,25.10780605,53.29189208,16.88667646,30.08084034,0.208240629,0.213144089,0.114352938,/Users/dharamkar.1/Library/CloudStorage/OneDrive-TheOhioStateUniversity/VSCode_image_processing_project/data/Step2_output/enhanced_sample_field/454.jpg,454,2.66,0.0,1
455.jpg,455,127.5383251,110.2026268,78.74834582,126.0,109.0,77,19.30915179,103.5742586,127.5383251,19,99,126.0,0.437720035,0.431453725,1272.1461,0.010056993,0.036079805,13.64804026,1.689205541,0.525687505,2.10575304,1.139855934,47.37940162,1.926088555,20.06978936,47.37940162,12.89829419,23.88031694,0.158329747,0.163106187,0.096613604,/Users/dharamkar.1/Library/CloudStorage/OneDrive-TheOhioStateUniversity/VSCode_image_processing_project/data/Step2_output/enhanced_sample_field/455.jpg,455,2.66,0.0,1
456.jpg,456,128.7620177,112.0842634,80.41123246,127.0,111.0,79,19.58155293,100.7087054,128.7620177,20,97,127.0,0.444488865,0.43902902,1113.208921,0.01063892,0.037614776,13.48085166,1.627828194,0.536202124,2.056276091,1.094828195,48.05956696,1.582511459,20.03184629,48.05956696,12.46105365,24.02313156,0.162840453,0.168413937,0.10060079,/Users/dharamkar.1/Library/CloudStorage/OneDrive-TheOhioStateUniversity/VSCode_image_processing_project/data/Step2_output/enhanced_sample_field/456.jpg,456,2.66,0.0,1
457.jpg,457,132.685806,109.6908881,68.90461575,133.0,110.0,69,18.99420041,126.5659877,132.685806,19,123,133.0,0.437790658,0.438946667,835.2751842,0.012846365,0.042660708,12.95931481,1.537756912,0.965026242,2.12869638,1.193118934,47.59240385,3.332179173,26.0922042,47.59240385,17.52320332,29.68936435,0.162376535,0.164756197,0.079379334,/Users/dharamkar.1/Library/CloudStorage/OneDrive-TheOhioStateUniversity/VSCode_image_processing_project/data/Step2_output/enhanced_sample_field/457.jpg,457,1.59,0.0,1
458.jpg,458,139.3192961,116.8067403,79.28206712,139.0,117.0,79,18.5554249,112.1086376,139.3192961,19,110,139.0,0.466216194,0.466159608,642.5172165,0.014950409,0.047857703,12.53816181,1.790578149,0.92420925,2.201514433,1.584556704,50.40947775,3.318078898,23.96922804,50.40947775,16.90410423,28.22623714,0.184616421,0.187636026,0.100982427,/Users/dharamkar.1/Library/CloudStorage/OneDrive-TheOhioStateUniversity/VSCode_image_processing_project/data/Step2_output/enhanced_sample_field/458.jpg,458,1.59,0.0,1
459.jpg,459,131.5745775,113.1728715,74.93560666,132.0,114.0,75,20.14453125,113.3377312,131.5747569,20,110,132.0,0.448338538,0.451016863,802.4945948,0.012845476,0.04503843,12.95464084,1.52356975,0.711149731,1.967079621,1.279581995,48.54608442,1.504923677,23.86956018,48.54608442,14.09628264,28.08881727,0.166418923,0.172280347,0.090919008,/Users/dharamkar.1/Library/CloudStorage/OneDrive-TheOhioStateUniversity/VSCode_image_processing_project/data/Step2_output/enhanced_sample_field/459.jpg,459,1.59,0.0,1
460.jpg,460,136.0941885,116.144591,75.34765625,137.0,117.0,76,20.13384885,117.7305086,136.0941885,20,114,137.0,0.460558516,0.463347059,908.1568906,0.01220794,0.041184893,13.10571944,1.411635058,0.856354349,1.979505677,1.580224471,49.83382588,1.831473339,25.38813329,49.83382588,15.33954311,29.818729,0.177130653,0.18279879,0.093125975,/Users/dharamkar.1/Library/CloudStorage/OneDrive-TheOhioStateUniversity/VSCode_image_processing_project/data/Step2_output/enhanced_sample_field/460.jpg,460,1.59,0.0,1
461.jpg,461,130.3145528,110.7376834,70.15172592,130.0,111.0,70,20.21193399,122.1332111,130.3145528,20,118,130.0,0.439104002,0.439817647,910.6934257,0.011976279,0.041279521,13.13228622,1.381867697,0.74849914,1.967106724,1.292882429,47.65887854,1.805020743,25.42091463,47.65887854,15.08321526,29.35844115,0.160207941,0.165273408,0.081640485,/Users/dharamkar.1/Library/CloudStorage/OneDrive-TheOhioStateUniversity/VSCode_image_processing_project/data/Step2_output/enhanced_sample_field/461.jpg,461,1.59,0.0,1
462.jpg,462,135.2559391,115.2230548,76.02024872,136.0,116.0,76,19.76895328,115.3394053,135.2559391,20,111,136.0,0.457464786,0.45942549,863.8581038,0.01240208,0.042884336,13.05303652,1.678859342,0.795432096,2.025163271,1.570111162,49.50514827,2.069762982,24.56707119,49.50514827,15.29215544,28.88343034,0.174947077,0.180074548,0.093934801,/Users/dharamkar.1/Library/CloudStorage/OneDrive-TheOhioStateUniversity/VSCode_image_processing_project/data/Step2_output/enhanced_sample_field/462.jpg,462,1.59,0.0,1
463.jpg,463,131.5207071,108.3030333,66.56287867,131.0,108.0,66,19.13153699,130.6327926,131.5207071,19,127,131.0,0.432264015,0.429957647,913.8668722,0.012158252,0.042428458,13.12992664,1.436852866,0.871459398,2.113996105,1.171015901,47.04919253,3.367199438,26.70166722,47.04919253,17.75694205,30.12148361,0.158360474,0.160570078,0.075053788,/Users/dharamkar.1/Library/CloudStorage/OneDrive-TheOhioStateUniversity/VSCode_image_processing_project/data/Step2_output/enhanced_sample_field/463.jpg,463,1.27,0.0,1
464.jpg,464,138.1099729,116.3310348,78.9325574,137.0,116.0,78,18.80674027,111.904835,138.1099729,19,110,137.0,0.463775015,0.461107059,766.9032671,0.013845855,0.046134309,12.77252975,1.8223001,0.806238706,2.167028328,1.475372527,50.14973138,3.022500299,23.80597898,50.14973138,16.38187904,28.06475503,0.181922839,0.185442933,0.100033073,/Users/dharamkar.1/Library/CloudStorage/OneDrive-TheOhioStateUniversity/VSCode_image_processing_project/data/Step2_output/enhanced_sample_field/464.jpg,464,1.27,0.0,1
465.jpg,465,145.0359136,123.7612006,81.83474171,145.0,124.0,81,19.85971381,117.3265107,145.0359136,20,112,145.0,0.491212468,0.489964706,1695.263773,0.009355885,0.031478555,13.86778046,1.514456042,0.729234434,2.018011988,1.773571804,52.93433991,2.127761727,25.91702624,52.93433991,16.30675591,30.9589466,0.203783045,0.20986156,0.109247619,/Users/dharamkar.1/Library/CloudStorage/OneDrive-TheOhioStateUniversity/VSCode_image_processing_project/data/Step2_output/enhanced_sample_field/465.jpg,465,1.27,0.0,1
466.jpg,466,142.3948701,122.0626594,80.76269531,143.0,122.0,80,20.11176658,115.8836097,142.3948701,20,111,143.0,0.483943242,0.484859608,1440.37462,0.010082077,0.035781464,13.67738596,1.487820365,0.744329267,1.987295213,1.714691619,52.18776759,1.823439725,25.50108007,52.18776759,15.61336454,30.44012995,0.196671759,0.203116614,0.106203818,/Users/dharamkar.1/Library/CloudStorage/OneDrive-TheOhioStateUniversity/VSCode_image_processing_project/data/Step2_output/enhanced_sample_field/466.jpg,466,1.27,0.0,1
467.jpg,467,139.1293447,117.0339605,76.6520448,139.0,117.0,76,19.30197704,121.0443439,139.1293447,19,116,139.0,0.465951739,0.464142745,1520.444487,0.009657566,0.032995567,13.77974099,1.64158354,0.742368259,2.097928274,1.53827338,50.40808284,2.802554734,25.45229909,50.40808284,16.81589673,29.81984739,0.183620679,0.187624203,0.096092581,/Users/dharamkar.1/Library/CloudStorage/OneDrive-TheOhioStateUniversity/VSCode_image_processing_project/data/Step2_output/enhanced_sample_field/467.jpg,467,1.27,0.0,1
468.jpg,468,146.2216199,124.152264,82.47355309,147.0,125.0,83,19.58390466,117.0002392,146.2216199,20,112,147.0,0.493478302,0.496698824,1553.068786,0.009594982,0.033200783,13.80485698,1.587914574,0.750063726,2.063474025,1.878444506,53.17011377,2.492802497,25.88754051,53.17011377,16.8448634,30.90636112,0.206617934,0.212022281,0.110792402,/Users/dharamkar.1/Library/CloudStorage/OneDrive-TheOhioStateUniversity/VSCode_image_processing_project/data/Step2_output/enhanced_sample_field/468.jpg,468,1.27,0.0,1
469.jpg,469,120.8545918,99.86188616,64.69656808,121.0,100.0,65,18.7926698,121.7070113,120.8545918,19,119,121.0,0.39916634,0.399463137,619.0236427,0.014824735,0.049971413,12.56526555,1.641178727,0.523750282,2.195427493,0.741988291,43.5382213,3.305379614,23.06926216,43.5382213,15.72786051,25.8452014,0.13354447,0.135211491,0.068600685,/Users/dharamkar.1/Library/CloudStorage/OneDrive-TheOhioStateUniversity/VSCode_image_processing_project/data/Step2_output/enhanced_sample_field/469.jpg,469,2.51,0.0,2
470.jpg,470,139.9026626,118.9717195,85.25424506,140.0,119.0,85,18.62456154,101.0669244,139.9026626,19,100,140.0,0.474464765,0.474002745,475.4036475,0.017458876,0.057029535,12.13594259,1.818601342,1.038129314,2.244453182,1.790290785,51.16887572,3.049919815,21.57419998,51.16887572,15.50360789,25.92343844,0.190424114,0.194146815,0.113892683,/Users/dharamkar.1/Library/CloudStorage/OneDrive-TheOhioStateUniversity/VSCode_image_processing_project/data/Step2_output/enhanced_sample_field/470.jpg,470,2.51,0.0,2
471.jpg,471,132.2107781,112.6618304,76.10678412,133.0,113.0,76,19.37334582,112.0734813,132.2107781,19,108,133.0,0.447766129,0.449342353,895.14582,0.01210269,0.043198551,13.12275995,1.969722552,0.678412816,2.074216114,1.444442587,48.48795722,2.218933796,23.13773772,48.48795722,14.77925119,27.20306444,0.1672475,0.171815323,0.092904003,/Users/dharamkar.1/Library/CloudStorage/OneDrive-TheOhioStateUniversity/VSCode_image_processing_project/data/Step2_output/enhanced_sample_field/471.jpg,471,2.51,0.0,2
472.jpg,472,138.1796091,118.6332467,82.22224353,140.0,120.0,83,19.41433373,117.0639403,138.1801318,19,103,140.0,0.471222021,0.47709098,1029.544046,0.008027003,0.050897686,14.35906911,1.818953034,0.491663689,2.09032388,1.471969794,50.848882,2.125014248,22.85023616,50.848882,14.74238397,27.38832033,0.185960309,0.191385256,0.107393265,/Users/dharamkar.1/Library/CloudStorage/OneDrive-TheOhioStateUniversity/VSCode_image_processing_project/data/Step2_output/enhanced_sample_field/472.jpg,472,2.51,0.0,2
473.jpg,473,129.3668288,111.1815011,77.55110013,130.0,111.0,78,19.42131696,105.2197266,129.3668288,19,102,130.0,0.441651495,0.442630196,746.7588485,0.013543508,0.04753107,12.84421184,1.728660974,0.663489246,2.083903983,1.079259766,47.81440804,2.004988492,21.37142158,47.81440804,13.63303064,25.30297769,0.161727264,0.166487744,0.094832363,/Users/dharamkar.1/Library/CloudStorage/OneDrive-TheOhioStateUniversity/VSCode_image_processing_project/data/Step2_output/enhanced_sample_field/473.jpg,473,2.51,0.0,2
474.jpg,474,125.9286312,102.2212213,60.8033522,125.0,101.0,60,18.98009008,135.1539381,125.9286312,19,133,125.0,0.40891301,0.405601961,610.024984,0.015303504,0.051927779,12.50150067,1.425180477,0.830914299,2.145817712,0.760217814,44.6772189,3.796867195,26.85247284,44.6772189,18.11066826,29.5473711,0.142043021,0.143120892,0.064002388,/Users/dharamkar.1/Library/CloudStorage/OneDrive-TheOhioStateUniversity/VSCode_image_processing_project/data/Step2_output/enhanced_sample_field/474.jpg,474,2.77,0.0,2
475.jpg,475,142.1359614,118.5094866,78.74033402,142.0,118.0,78,18.59544404,115.4642658,142.1359614,19,114,142.0,0.473187281,0.472000784,497.6126682,0.017321732,0.057029763,12.17322169,1.375791686,1.295831562,2.191055387,1.460528499,51.15390347,3.509181485,25.29714626,51.15390347,17.84551325,29.6868255,0.191195894,0.194017015,0.100833835,/Users/dharamkar.1/Library/CloudStorage/OneDrive-TheOhioStateUniversity/VSCode_image_processing_project/data/Step2_output/enhanced_sample_field/475.jpg,475,2.77,0.0,2
476.jpg,476,132.9404695,112.1083785,70.51151945,133.0,112.0,71,20.00241151,123.5682199,132.9404695,20,120,133.0,0.445239468,0.446789804,841.2310818,0.012904813,0.044687232,12.96195863,1.346061673,0.888219066,2.00252708,1.33281193,48.31477448,2.220766124,26.10848218,48.31477448,16.03183028,30.09606955,0.165917561,0.170434804,0.082934624,/Users/dharamkar.1/Library/CloudStorage/OneDrive-TheOhioStateUniversity/VSCode_image_processing_project/data/Step2_output/enhanced_sample_field/476.jpg,476,2.77,0.0,2
477.jpg,477,136.4569515,115.0115394,73.77981505,137.0,116.0,74,19.69015067,120.7349131,136.4569515,20,117,137.0,0.457238753,0.45886,839.8607663,0.012795421,0.043411879,13.00572529,1.467904387,0.92510112,2.041346124,1.507369566,49.53125901,2.466437156,25.89151166,49.53125901,16.42736037,30.12277449,0.175888428,0.180289971,0.089913746,/Users/dharamkar.1/Library/CloudStorage/OneDrive-TheOhioStateUniversity/VSCode_image_processing_project/data/Step2_output/enhanced_sample_field/477.jpg,477,2.77,0.0,2
478.jpg,478,117.799147,100.1013831,66.9375,118.0,100.0,67,19.50916773,112.9925263,117.799147,19,111,118.0,0.397925655,0.396978039,564.7011931,0.01563269,0.053719986,12.42488099,1.564455087,0.421931466,2.070204946,0.58222252,43.32500364,2.051825555,21.42771834,43.32500364,13.28054817,24.44445172,0.130223804,0.133764033,0.07194809,/Users/dharamkar.1/Library/CloudStorage/OneDrive-TheOhioStateUniversity/VSCode_image_processing_project/data/Step2_output/enhanced_sample_field/478.jpg,478,2.77,0.0,2
479.jpg,479,123.4746492,105.1321349,70.7383809,123.0,105.0,70,19.52455357,111.5287588,123.4746492,19,109,123.0,0.417843645,0.416585882,561.7278587,0.015500829,0.052262129,12.4393705,1.639841654,0.521914623,2.069428804,0.727646137,45.39822713,2.09160078,22.03038968,45.39822713,13.80885718,25.47480545,0.144307399,0.148283738,0.080176498,/Users/dharamkar.1/Library/CloudStorage/OneDrive-TheOhioStateUniversity/VSCode_image_processing_project/data/Step2_output/enhanced_sample_field/479.jpg,479,2.77,0.0,2
480.jpg,480,110.0531928,90.32633131,66.63195552,107.0,87.0,63,16.33842873,117.5130341,110.0531928,17,104,107.0,0.36396049,0.351057255,2469.992233,0.007603338,0.02583741,14.35761471,1.54737893,0.371627925,2.705617988,0.786887359,39.72708747,4.364643115,16.71129621,39.72708747,13.96582904,18.60202498,0.111230836,0.110872814,0.068051454,/Users/dharamkar.1/Library/CloudStorage/OneDrive-TheOhioStateUniversity/VSCode_image_processing_project/data/Step2_output/enhanced_sample_field/480.jpg,480,2.05,77.01,1
481.jpg,481,130.5761918,105.313078,77.86425781,127.0,101.0,73,15.60024713,120.3850247,130.5762317,16,107,127.0,0.426284038,0.410378824,3753.741031,0.006585836,0.020391226,14.74588728,1.49991544,0.535278523,2.865018661,1.043295086,46.32156979,5.996675468,19.23392464,46.32156979,18.11234057,22.05434938,0.15748692,0.155074784,0.093438917,/Users/dharamkar.1/Library/CloudStorage/OneDrive-TheOhioStateUniversity/VSCode_image_processing_project/data/Step2_output/enhanced_sample_field/481.jpg,481,2.05,77.01,1
482.jpg,482,113.4495775,97.40770488,76.06263951,111.0,95.0,74,17.12581712,94.99776786,113.4495775,17,86,111.0,0.389324014,0.379379216,1767.857944,0.008364393,0.030361941,14.11889879,1.523720261,0.340413442,2.517874465,0.703155113,42.29037754,2.931342116,14.56239124,42.29037754,11.2888535,17.00385613,0.124872771,0.126886856,0.086383293,/Users/dharamkar.1/Library/CloudStorage/OneDrive-TheOhioStateUniversity/VSCode_image_processing_project/data/Step2_output/enhanced_sample_field/482.jpg,482,2.05,77.01,1
483.jpg,483,118.0662468,100.9058315,78.16946349,116.0,99.0,76,17.04813058,99.79005899,118.0663664,17,88,116.0,0.403580893,0.396449412,2138.488829,0.007610555,0.027557957,14.37768858,1.519199531,0.375943893,2.54323888,0.805288006,43.79711161,3.169712262,15.43160415,43.79711161,12.14681079,18.11860243,0.135060997,0.136982993,0.091701514,/Users/dharamkar.1/Library/CloudStorage/OneDrive-TheOhioStateUniversity/VSCode_image_processing_project/data/Step2_output/enhanced_sample_field/483.jpg,483,2.05,77.01,1
484.jpg,484,115.6459463,99.36694834,77.98537149,113.0,97.0,75,17.00107621,95.37382414,115.6459463,17,85,113.0,0.397194603,0.386701569,1908.743794,0.007942371,0.029487235,14.25908234,1.551655992,0.338988333,2.545505407,0.748745182,43.11149267,3.001738779,14.5671027,43.11149267,11.45139348,17.10978117,0.130268683,0.132324972,0.09070847,/Users/dharamkar.1/Library/CloudStorage/OneDrive-TheOhioStateUniversity/VSCode_image_processing_project/data/Step2_output/enhanced_sample_field/484.jpg,484,2.05,77.01,1
485.jpg,485,119.9202607,102.5512197,79.09835379,118.0,100.0,77,17.2214206,98.72638313,119.9203205,17,89,118.0,0.410004664,0.400936471,1966.467229,0.007834602,0.028653359,14.29137062,1.556039963,0.379505095,2.499317173,0.865775036,44.46909568,3.134904575,15.82344023,44.46909568,12.34157658,18.64743515,0.139553885,0.141653221,0.094128756,/Users/dharamkar.1/Library/CloudStorage/OneDrive-TheOhioStateUniversity/VSCode_image_processing_project/data/Step2_output/enhanced_sample_field/485.jpg,485,2.05,77.01,1
486.jpg,486,102.171596,83.87916534,59.99433992,102.0,84.0,59,16.96597975,118.3707749,102.171596,17,106,102.0,0.337428278,0.336227059,1563.022021,0.009210005,0.032783427,13.85853881,1.600424484,0.332256886,2.562288124,0.662148187,36.89874942,3.830134247,16.80852259,36.89874942,12.97412133,18.2646241,0.094755551,0.094833602,0.056043166,/Users/dharamkar.1/Library/CloudStorage/OneDrive-TheOhioStateUniversity/VSCode_image_processing_project/data/Step2_output/enhanced_sample_field/486.jpg,486,1.75,75.9,1
487.jpg,487,127.5847018,106.0435467,78.18746014,126.0,105.0,77,16.82957988,108.4913704,127.5849011,17,100,126.0,0.425931837,0.421362745,1963.619935,0.008386081,0.028256205,14.12488851,1.688774311,0.589112317,2.554160069,1.048073196,46.21432513,4.301288024,18.8458096,46.21432513,15.53581236,21.94648212,0.153804009,0.15427559,0.094086123,/Users/dharamkar.1/Library/CloudStorage/OneDrive-TheOhioStateUniversity/VSCode_image_processing_project/data/Step2_output/enhanced_sample_field/487.jpg,487,1.75,75.9,1
488.jpg,488,116.7426658,101.0146484,76.15282207,117.0,101.0,76,18.37814892,98.60138313,116.7426658,18,89,117.0,0.402212998,0.402343137,1599.525705,0.008793429,0.032989243,13.99624865,1.527037765,0.399742185,2.273162682,0.865207906,43.65191121,2.244356677,16.41178427,43.65191121,11.34308326,19.32105736,0.132666362,0.135987541,0.087893989,/Users/dharamkar.1/Library/CloudStorage/OneDrive-TheOhioStateUniversity/VSCode_image_processing_project/data/Step2_output/enhanced_sample_field/488.jpg,488,1.75,75.9,1
489.jpg,489,116.7081473,100.5206473,75.03425941,117.0,101.0,76,18.35465163,101.5958825,116.7081473,18,91,117.0,0.400482049,0.402640784,1578.998899,0.008677575,0.031781556,14.02192648,1.492928899,0.423093178,2.281277894,0.971736773,43.48549158,2.366693162,16.85097873,43.48549158,11.69800687,19.74113154,0.131755434,0.134852561,0.085697435,/Users/dharamkar.1/Library/CloudStorage/OneDrive-TheOhioStateUniversity/VSCode_image_processing_project/data/Step2_output/enhanced_sample_field/489.jpg,489,1.75,75.9,1
490.jpg,490,123.2549027,108.2613799,84.76725925,125.0,110.0,86,18.3073581,88.93963249,123.2549027,18,79,125.0,0.430406186,0.435665098,1811.901405,0.008373659,0.030805736,14.13717683,1.500102591,0.421631703,2.287287335,0.952603522,46.52899461,2.027660689,15.32946238,46.52899461,10.75018587,18.58392463,0.15225583,0.156628349,0.107646909,/Users/dharamkar.1/Library/CloudStorage/OneDrive-TheOhioStateUniversity/VSCode_image_processing_project/data/Step2_output/enhanced_sample_field/490.jpg,490,1.75,75.9,1
491.jpg,491,109.1320751,95.2370456,73.61423788,109.0,95.0,74,18.25978555,91.70501834,109.1320751,18,83,109.0,0.378944059,0.378813725,1315.832619,0.009522427,0.035510188,13.76800969,1.539951222,0.328585517,2.290327039,0.648950554,41.17863539,1.979034833,14.44740563,41.17863539,9.879561556,16.88912313,0.116596627,0.119764303,0.08106299,/Users/dharamkar.1/Library/CloudStorage/OneDrive-TheOhioStateUniversity/VSCode_image_processing_project/data/Step2_output/enhanced_sample_field/491.jpg,491,1.75,75.9,1
492.jpg,492,86.20186942,73.7560786,59.09518495,84.0,72.0,57,16.19593033,93.70023517,86.20186942,16,83,84.0,0.29546572,0.287814118,1401.584761,0.009651869,0.035726459,13.74992418,2.676023876,0.186246521,2.740860867,0.387677793,32.19103254,2.666611139,10.7102519,32.19103254,8.303159879,11.55930261,0.070808027,0.07170092,0.051604201,/Users/dharamkar.1/Library/CloudStorage/OneDrive-TheOhioStateUniversity/VSCode_image_processing_project/data/Step2_output/enhanced_sample_field/492.jpg,492,2.66,65.56,1
493.jpg,493,104.7258052,90.27961575,74.12155214,102.0,88.0,72,16.00195313,84.70286591,104.7258052,17,76,102.0,0.361507587,0.351124706,1799.884249,0.00886275,0.030490933,13.99477435,2.763338091,0.29670797,2.809785538,0.518431789,39.31425609,3.10440519,11.50924246,39.31425609,9.820249014,13.25056916,0.10713477,0.108426955,0.080267035,/Users/dharamkar.1/Library/CloudStorage/OneDrive-TheOhioStateUniversity/VSCode_image_processing_project/data/Step2_output/enhanced_sample_field/493.jpg,493,2.66,65.56,1
494.jpg,494,94.66230867,87.70264668,73.79203205,92.0,85.0,71,20.36465641,63.33631617,94.66764987,20,58,92.0,0.345798508,0.334940392,1163.525384,0.01009331,0.039661191,13.64550284,1.923775801,0.12995516,2.003561842,0.312120576,37.54900422,0.233771702,9.104014904,37.54900422,4.894029797,10.85704254,0.0937859,0.098373977,0.078448069,/Users/dharamkar.1/Library/CloudStorage/OneDrive-TheOhioStateUniversity/VSCode_image_processing_project/data/Step2_output/enhanced_sample_field/494.jpg,494,2.66,65.56,1
495.jpg,495,125.5523956,112.5250917,92.58378508,124.0,111.0,92,18.27070711,76.99447943,125.5537309,18,68,124.0,0.446492649,0.441920392,2274.164278,0.007372877,0.027238649,14.47158852,1.76983367,0.321074135,2.315143805,0.746220324,48.12070892,1.681650008,12.94855456,48.12070892,9.199675428,16.10176349,0.163479302,0.168896628,0.126554669,/Users/dharamkar.1/Library/CloudStorage/OneDrive-TheOhioStateUniversity/VSCode_image_processing_project/data/Step2_output/enhanced_sample_field/495.jpg,495,2.66,65.56,1
496.jpg,496,96.38585058,88.19754434,73.62788901,96.0,88.0,73,19.4443362,69.19158156,96.38610253,20,61,96.0,0.348576813,0.346407451,1309.211141,0.009481056,0.036701987,13.82241934,1.899671035,0.15167536,2.142177964,0.370121863,37.8592041,0.651998592,9.663615892,37.8592041,5.699832635,11.44865014,0.095939679,0.100093489,0.078378032,/Users/dharamkar.1/Library/CloudStorage/OneDrive-TheOhioStateUniversity/VSCode_image_processing_project/data/Step2_output/enhanced_sample_field/496.jpg,496,2.66,65.56,1
497.jpg,497,110.419603,101.9396126,87.32108976,110.0,101.0,87,19.1724729,61.28828524,110.419603,19,53,110.0,0.40269653,0.401041569,1726.105982,0.008429719,0.032592147,14.12579995,1.836068603,0.203559601,2.180465297,0.486188823,43.54610639,0.696231787,9.485814101,43.54610639,5.924746236,11.76594074,0.12961462,0.135265219,0.1101125,/Users/dharamkar.1/Library/CloudStorage/OneDrive-TheOhioStateUniversity/VSCode_image_processing_project/data/Step2_output/enhanced_sample_field/497.jpg,497,2.66,65.56,1
498.jpg,498,93.47620376,76.06439334,53.1932398,92.0,74.0,51,16.97203842,123.5620416,93.47620376,17,113,92.0,0.306334874,0.298410196,1479.961923,0.009787494,0.033898039,13.71769612,1.543697649,0.264620367,2.565520768,0.557993007,33.53964422,3.735784084,16.3511597,33.53964422,12.23927614,17.15119355,0.07798662,0.077890534,0.04483198,/Users/dharamkar.1/Library/CloudStorage/OneDrive-TheOhioStateUniversity/VSCode_image_processing_project/data/Step2_output/enhanced_sample_field/498.jpg,498,1.59,51.52,1
499.jpg,499,113.2690305,93.76593994,67.36608103,111.0,92.0,65,17.30499194,114.4687752,113.2711637,17,105,111.0,0.376497713,0.368945882,1797.344633,0.008961289,0.031517924,13.98149676,1.765722731,0.416580606,2.493561575,0.785475461,41.06095588,3.837877229,18.10977457,41.06095588,14.02944803,20.35689665,0.118509992,0.119026362,0.07039618,/Users/dharamkar.1/Library/CloudStorage/OneDrive-TheOhioStateUniversity/VSCode_image_processing_project/data/Step2_output/enhanced_sample_field/499.jpg,499,1.59,51.52,1
500.jpg,500,81.33312739,74.00486288,58.49216757,80.0,73.0,58,20.67458546,77.87836814,81.33322704,21,72,80.0,0.291935897,0.288967843,686.5925088,0.013648028,0.052036954,12.83177768,2.322665275,0.080732596,1.953289595,0.224933906,31.74535742,0.20387315,10.39762483,31.74535742,5.143877834,11.56745657,0.066473408,0.06972997,0.050635439,/Users/dharamkar.1/Library/CloudStorage/OneDrive-TheOhioStateUniversity/VSCode_image_processing_project/data/Step2_output/enhanced_sample_field/500.jpg,500,1.59,51.52,1
501.jpg,501,113.944595,99.55636161,75.45430086,113.0,99.0,75,18.8380102,96.17861129,113.9453922,19,86,113.0,0.395592559,0.393811569,1777.267737,0.008675392,0.030621562,14.04346022,1.514179766,0.338456186,2.201650217,0.775995703,42.9403148,1.78403832,15.81758632,42.9403148,10.39153287,18.65711055,0.127326579,0.131178719,0.085977996,/Users/dharamkar.1/Library/CloudStorage/OneDrive-TheOhioStateUniversity/VSCode_image_processing_project/data/Step2_output/enhanced_sample_field/501.jpg,501,1.59,51.52,1
502.jpg,502,112.544304,98.37741151,74.00665657,112.0,97.0,73,19.05709901,97.1246014,112.5459184,19,88,112.0,0.390708803,0.387177647,1673.829356,0.008795343,0.032434673,13.99333461,1.501098222,0.324103296,2.171093682,0.740744608,42.43243499,1.664057956,15.97050002,42.43243499,10.26198506,18.76377545,0.123909956,0.127816813,0.082922938,/Users/dharamkar.1/Library/CloudStorage/OneDrive-TheOhioStateUniversity/VSCode_image_processing_project/data/Step2_output/enhanced_sample_field/502.jpg,502,1.59,51.52,1
503.jpg,503,95.5516183,77.12356505,53.08137357,94.0,75.0,51,16.98120615,125.8756378,95.5516183,17,116,94.0,0.311004252,0.303715686,1276.155029,0.01004885,0.035480188,13.62513022,1.768613629,0.293398926,2.557811522,0.582259534,34.07811133,4.033158966,17.17186378,34.07811133,13.0357014,17.98303495,0.080840237,0.080458116,0.045042025,/Users/dharamkar.1/Library/CloudStorage/OneDrive-TheOhioStateUniversity/VSCode_image_processing_project/data/Step2_output/enhanced_sample_field/503.jpg,503,1.27,60.16,1
504.jpg,504,116.333526,95.28439892,69.22291534,114.0,93.0,67,16.68734056,112.2456952,116.333526,17,105,114.0,0.383836492,0.375978431,1514.120235,0.009434852,0.032919701,13.82143603,1.726526912,0.479853115,2.621223528,0.814612656,41.85222633,4.540268593,18.11331953,41.85222633,15.07474824,20.37877438,0.124461063,0.124046999,0.074037165,/Users/dharamkar.1/Library/CloudStorage/OneDrive-TheOhioStateUniversity/VSCode_image_processing_project/data/Step2_output/enhanced_sample_field/504.jpg,504,1.27,60.16,1
505.jpg,505,106.3137755,91.67049984,69.54631696,105.0,90.0,68,18.05691964,97.02913744,106.3137755,18,89,105.0,0.365439382,0.359756471,1331.611707,0.009634788,0.034127618,13.74254047,1.606646756,0.31514843,2.332469143,0.622500163,39.77794275,2.28518643,14.95264292,39.77794275,10.40346326,17.16195087,0.10871193,0.111176631,0.072911909,/Users/dharamkar.1/Library/CloudStorage/OneDrive-TheOhioStateUniversity/VSCode_image_processing_project/data/Step2_output/enhanced_sample_field/505.jpg,505,1.27,60.16,1
506.jpg,506,108.3737046,93.67683753,71.25569994,108.0,94.0,71,18.11481585,96.38980788,108.3737046,18,88,108.0,0.37326807,0.372704706,1355.418181,0.009588725,0.035236845,13.76524514,1.59826395,0.325177574,2.320961392,0.69258214,40.60297631,2.238043601,15.0736573,40.60297631,10.46604214,17.42621649,0.113495666,0.116183334,0.07647353,/Users/dharamkar.1/Library/CloudStorage/OneDrive-TheOhioStateUniversity/VSCode_image_processing_project/data/Step2_output/enhanced_sample_field/506.jpg,506,1.27,60.16,1
507.jpg,507,127.8647959,108.5728835,79.95037468,128.0,109.0,80,17.87075494,106.1198182,127.8647959,18,96,128.0,0.433759733,0.433700784,1980.021841,0.007967988,0.02882141,14.24913269,1.692829823,0.525802182,2.360080234,1.131384152,46.98001315,3.173720557,18.84366238,46.98001315,14.03403831,22.28162828,0.157513008,0.160042112,0.098370654,/Users/dharamkar.1/Library/CloudStorage/OneDrive-TheOhioStateUniversity/VSCode_image_processing_project/data/Step2_output/enhanced_sample_field/507.jpg,507,1.27,60.16,1
508.jpg,508,109.1168088,94.28366151,71.82023278,108.0,93.0,71,18.07292331,96.07308275,109.1168088,18,88,108.0,0.375749381,0.370955686,1425.66682,0.009411503,0.03330653,13.81598479,1.567955051,0.314367553,2.327048698,0.677667634,40.86519054,2.283750172,15.10167273,40.86519054,10.5612407,17.48819832,0.115129626,0.11780549,0.077658647,/Users/dharamkar.1/Library/CloudStorage/OneDrive-TheOhioStateUniversity/VSCode_image_processing_project/data/Step2_output/enhanced_sample_field/508.jpg,508,1.27,60.16,1
509.jpg,509,100.467614,81.10845823,54.42918925,97.0,78.0,51,17.33406409,128.484375,100.467614,17,121,97.0,0.326661582,0.312697647,1222.565483,0.010072124,0.039011547,13.66991441,1.878102073,0.348537076,2.467384616,0.693843624,35.80640214,4.03574291,18.71413343,35.80640214,13.91269227,19.80666799,0.089341118,0.089079204,0.047909096,/Users/dharamkar.1/Library/CloudStorage/OneDrive-TheOhioStateUniversity/VSCode_image_processing_project/data/Step2_output/enhanced_sample_field/509.jpg,509,2.51,21.1,2
510.jpg,510,123.5454401,101.4841956,71.15762516,119.0,97.0,67,17.29697465,116.939493,123.5454401,17,111,119.0,0.407786919,0.392460392,1627.848575,0.009074261,0.033886021,13.96572702,1.759141859,0.518302534,2.463609529,1.028983572,44.39115724,4.317338436,20.46912215,44.39115724,16.11057854,23.28769899,0.140901735,0.141106197,0.079675247,/Users/dharamkar.1/Library/CloudStorage/OneDrive-TheOhioStateUniversity/VSCode_image_processing_project/data/Step2_output/enhanced_sample_field/510.jpg,510,2.51,21.1,2
511.jpg,511,108.8990553,93.41153141,67.96324936,106.0,91.0,66,18.69957749,104.3129385,108.8997728,19,98,106.0,0.372030624,0.361973725,1286.682095,0.009673281,0.035885426,13.76626211,1.635341969,0.328219773,2.22378259,0.755594725,40.51350117,2.172207252,16.94161071,40.51350117,11.21521562,19.36869869,0.112872434,0.115633235,0.070987888,/Users/dharamkar.1/Library/CloudStorage/OneDrive-TheOhioStateUniversity/VSCode_image_processing_project/data/Step2_output/enhanced_sample_field/511.jpg,511,2.51,21.1,2
512.jpg,512,117.6274115,100.9382573,73.75470344,115.0,99.0,72,18.61918048,103.4038385,117.6274514,19,97,115.0,0.402057915,0.393346275,1517.643778,0.009034503,0.034295955,13.95139824,1.669133123,0.398000688,2.234185185,0.940889142,43.67207752,2.350914501,17.87574503,43.67207752,12.16171935,20.8550091,0.132963484,0.136125506,0.083605802,/Users/dharamkar.1/Library/CloudStorage/OneDrive-TheOhioStateUniversity/VSCode_image_processing_project/data/Step2_output/enhanced_sample_field/512.jpg,512,2.51,21.1,2
513.jpg,513,119.6439134,101.7379424,73.251136,116.0,99.0,71,18.45834662,107.7439413,119.6454879,18,101,116.0,0.405839461,0.394432549,1583.411875,0.008843964,0.032762461,14.00555487,1.64174241,0.430196365,2.262623721,0.973658092,44.09484458,2.702529019,18.77349891,44.09484458,13.08682156,21.79939771,0.136332384,0.139039335,0.083108606,/Users/dharamkar.1/Library/CloudStorage/OneDrive-TheOhioStateUniversity/VSCode_image_processing_project/data/Step2_output/enhanced_sample_field/513.jpg,513,2.51,21.1,2
514.jpg,514,121.3300582,103.4226523,74.04027822,118.0,100.0,71,18.69399713,108.513054,121.3301578,19,101,118.0,0.412194145,0.400378824,1655.204917,0.008634598,0.031936693,14.06717126,1.651687351,0.443049058,2.223337205,0.990421419,44.75780496,2.557324335,19.22191592,44.75780496,13.15192756,22.40982423,0.140614982,0.14369189,0.085166733,/Users/dharamkar.1/Library/CloudStorage/OneDrive-TheOhioStateUniversity/VSCode_image_processing_project/data/Step2_output/enhanced_sample_field/514.jpg,514,2.51,21.1,2
515.jpg,515,87.62143256,70.26205756,47.04655612,86.0,68.0,45,17.10979353,129.5903619,87.62143256,17,121,86.0,0.283439557,0.276264706,935.2060578,0.011835431,0.046045408,13.25573079,1.755669263,0.210210338,2.535254778,0.475094026,31.05627089,3.814645442,16.77074645,31.05627089,12.16473347,16.95216496,0.067095441,0.066754194,0.036285531,/Users/dharamkar.1/Library/CloudStorage/OneDrive-TheOhioStateUniversity/VSCode_image_processing_project/data/Step2_output/enhanced_sample_field/515.jpg,515,2.77,50.91,2
516.jpg,516,113.2388471,93.33851787,65.30294276,112.0,92.0,64,17.47611529,116.5925322,113.2389143,17,109,112.0,0.37469009,0.370390196,1261.246863,0.010315946,0.037863174,13.63733641,1.721641962,0.464948896,2.426764787,0.731634892,40.89740604,3.818056589,19.12176066,40.89740604,14.43157088,21.3395304,0.117481398,0.118005822,0.067046412,/Users/dharamkar.1/Library/CloudStorage/OneDrive-TheOhioStateUniversity/VSCode_image_processing_project/data/Step2_output/enhanced_sample_field/516.jpg,516,2.77,50.91,2
517.jpg,517,79.64514908,72.43000638,56.86344069,79.0,72.0,56,20.76546556,77.90706712,79.64514908,21,74,79.0,0.285650489,0.282293333,478.3772422,0.015642614,0.063065536,12.48240164,2.359744262,0.066203729,1.937492501,0.201731092,31.05484986,0.154657204,10.45088202,31.05484986,5.064707785,11.53018337,0.06358735,0.066748146,0.048053605,/Users/dharamkar.1/Library/CloudStorage/OneDrive-TheOhioStateUniversity/VSCode_image_processing_project/data/Step2_output/enhanced_sample_field/517.jpg,517,2.77,50.91,2
518.jpg,518,105.2289142,92.30038265,69.84791534,104.0,91.0,69,19.1297433,92.94716598,105.231246,19,87,104.0,0.366387736,0.362859608,1062.015175,0.010802228,0.042160773,13.48174525,1.471581419,0.248678561,2.156881976,0.510630913,39.85573604,1.468274591,14.85707424,39.85573604,9.293247787,17.21584088,0.108066073,0.111642453,0.073532287,/Users/dharamkar.1/Library/CloudStorage/OneDrive-TheOhioStateUniversity/VSCode_image_processing_project/data/Step2_output/enhanced_sample_field/518.jpg,518,2.77,50.91,2
519.jpg,519,111.8339246,96.85385443,70.58693399,112.0,97.0,70,19.21711575,103.1084782,111.8339246,19,95,112.0,0.384875586,0.384893922,1296.141115,0.009866947,0.038293188,13.73643493,1.469147798,0.360772946,2.147585981,0.740631223,41.85484896,1.78153232,17.22108709,41.85484896,10.9383041,19.96221763,0.120464327,0.12406387,0.076504037,/Users/dharamkar.1/Library/CloudStorage/OneDrive-TheOhioStateUniversity/VSCode_image_processing_project/data/Step2_output/enhanced_sample_field/519.jpg,519,2.77,50.91,2
520.jpg,520,101.0637556,88.97456952,68.45740992,100.0,88.0,68,18.93451052,88.43622449,101.0638353,19,83,100.0,0.353193076,0.350061176,899.7599896,0.011721043,0.046280034,13.26754787,1.611127395,0.204574149,2.179392031,0.434840547,38.43570181,1.419246593,13.70159494,38.43570181,8.59573978,15.78791764,0.100016796,0.103342154,0.07008587,/Users/dharamkar.1/Library/CloudStorage/OneDrive-TheOhioStateUniversity/VSCode_image_processing_project/data/Step2_output/enhanced_sample_field/520.jpg,520,2.77,50.91,2
521.jpg,521,116.8909837,101.9774195,76.53539541,117.0,102.0,76,19.02317841,95.73156489,116.8910037,19,89,117.0,0.405145812,0.405981961,1347.456218,0.009765737,0.038245146,13.76730413,1.452093175,0.396144405,2.175985221,0.818480815,43.94827595,1.793915602,16.58741207,43.94827595,10.83938477,19.63608682,0.133939447,0.138024482,0.088920967,/Users/dharamkar.1/Library/CloudStorage/OneDrive-TheOhioStateUniversity/VSCode_image_processing_project/data/Step2_output/enhanced_sample_field/521.jpg,521,2.77,50.91,2
522.jpg,522,116.4559152,92.05885284,63.21177455,118.0,94.0,64,16.18072385,129.5126355,116.4559152,16,117,118.0,0.373189624,0.380174902,1707.15659,0.008637266,0.031937657,14.03725143,1.571860719,0.643982884,2.762641025,1.041917205,40.84940441,5.784811822,20.36598306,40.84940441,17.66658165,22.17984426,0.119989342,0.117707406,0.063723314,/Users/dharamkar.1/Library/CloudStorage/OneDrive-TheOhioStateUniversity/VSCode_image_processing_project/data/Step2_output/enhanced_sample_field/522.jpg,522,2.07,61.42,1
523.jpg,523,140.1772561,113.130102,80.59331154,142.0,115.0,82,16.3969029,119.4102958,140.1772561,16,108,142.0,0.456987136,0.46275098,2268.295524,0.007699413,0.026762507,14.3509491,1.759035612,0.752495968,2.679138963,1.612643925,49.51928634,5.966315594,22.07144472,49.51928634,19.7527782,25.58864857,0.182351948,0.180191171,0.10220194,/Users/dharamkar.1/Library/CloudStorage/OneDrive-TheOhioStateUniversity/VSCode_image_processing_project/data/Step2_output/enhanced_sample_field/523.jpg,523,2.07,61.42,1
524.jpg,524,132.0726642,110.0472138,78.80707908,134.0,112.0,80,17.55616231,113.907386,132.0727838,18,102,134.0,0.441079248,0.44876902,1962.482023,0.007993774,0.028958594,14.24012235,1.674380097,0.62665543,2.423545605,1.399946587,47.79799108,4.003728759,20.67416451,47.79799108,16.12290004,24.19765164,0.16512696,0.166359284,0.096995331,/Users/dharamkar.1/Library/CloudStorage/OneDrive-TheOhioStateUniversity/VSCode_image_processing_project/data/Step2_output/enhanced_sample_field/524.jpg,524,2.07,61.42,1
525.jpg,525,131.2432039,108.7334383,76.52331792,137.0,114.0,80,17.55301339,120.2011121,131.2432039,18,105,137.0,0.436056525,0.455793725,2002.137732,0.007779276,0.028939081,14.32050134,1.745781087,0.648200626,2.453966302,1.528194973,47.30743669,4.124103831,21.33307647,47.30743669,16.54405807,24.76643977,0.161611532,0.162551215,0.092175588,/Users/dharamkar.1/Library/CloudStorage/OneDrive-TheOhioStateUniversity/VSCode_image_processing_project/data/Step2_output/enhanced_sample_field/525.jpg,525,2.07,61.42,1
526.jpg,526,135.4620735,110.5283203,76.00203284,138.0,113.0,78,17.34709821,124.0930923,135.4623127,17,111,138.0,0.444460383,0.453799608,2014.762772,0.00773623,0.027486139,14.32078474,1.705569605,0.655741577,2.473244368,1.604541575,48.23259668,4.872045154,22.92884312,48.23259668,18.42930038,26.42970731,0.17004294,0.169782323,0.0921735,/Users/dharamkar.1/Library/CloudStorage/OneDrive-TheOhioStateUniversity/VSCode_image_processing_project/data/Step2_output/enhanced_sample_field/526.jpg,526,2.07,61.42,1
527.jpg,527,128.4497967,105.9737923,75.95049426,133.0,111.0,80,17.04063696,118.4595823,128.450295,17,103,133.0,0.425824562,0.44402902,2156.744094,0.007717947,0.028945342,14.34118223,1.615835669,0.640419029,2.570364351,1.422930809,46.24270258,4.438122749,20.2068468,46.24270258,16.36100661,23.34802136,0.15424329,0.154486793,0.089959405,/Users/dharamkar.1/Library/CloudStorage/OneDrive-TheOhioStateUniversity/VSCode_image_processing_project/data/Step2_output/enhanced_sample_field/527.jpg,527,2.07,61.42,1
528.jpg,528,108.5413544,89.07196668,63.05793607,109.0,90.0,63,17.05966996,119.3223653,108.5413544,17,107,109.0,0.35817098,0.359756471,1409.202254,0.009168868,0.034518662,13.88230964,1.797206902,0.437605165,2.537711118,0.821628824,39.13733575,3.974637903,18.04807249,39.13733575,13.96977444,19.89864491,0.107278078,0.107389882,0.062175321,/Users/dharamkar.1/Library/CloudStorage/OneDrive-TheOhioStateUniversity/VSCode_image_processing_project/data/Step2_output/enhanced_sample_field/528.jpg,528,1.75,63.76,1
529.jpg,529,135.3193692,113.4082353,83.43050564,136.0,114.0,84,17.21497373,115.1788929,135.3229392,17,98,136.0,0.4545214,0.457460392,1224.911254,0.00697306,0.041252817,14.60616691,1.731694607,0.54450507,2.524961558,1.209473983,49.14366508,4.047282651,19.84629959,49.14366508,15.92722165,23.54538327,0.175722144,0.177109803,0.107616236,/Users/dharamkar.1/Library/CloudStorage/OneDrive-TheOhioStateUniversity/VSCode_image_processing_project/data/Step2_output/enhanced_sample_field/529.jpg,529,1.75,63.76,1
530.jpg,530,106.7894013,92.21352838,69.50203284,108.0,93.0,70,18.22791773,99.91464047,106.7894611,18,89,108.0,0.367346677,0.371536078,1220.997838,0.00953516,0.037988238,13.78581575,1.530741813,0.322634376,2.311463751,0.677480367,39.9825473,2.163821619,15.2644665,39.9825473,10.40294514,17.54268347,0.109737119,0.112404578,0.073022234,/Users/dharamkar.1/Library/CloudStorage/OneDrive-TheOhioStateUniversity/VSCode_image_processing_project/data/Step2_output/enhanced_sample_field/530.jpg,530,1.75,63.76,1
531.jpg,531,126.6907486,109.5144093,81.38727679,129.0,112.0,83,18.60532924,102.1753428,126.6920241,19,90,129.0,0.435829079,0.443516078,1711.12508,0.008232598,0.030579894,14.16626402,1.581427302,0.50250806,2.240524758,1.28940674,47.15268166,2.305746456,18.21541873,47.15268166,12.55125918,21.79623131,0.157300245,0.161362057,0.101447092,/Users/dharamkar.1/Library/CloudStorage/OneDrive-TheOhioStateUniversity/VSCode_image_processing_project/data/Step2_output/enhanced_sample_field/531.jpg,531,1.75,63.76,1
532.jpg,532,126.3974011,108.2693519,78.94650829,128.0,110.0,81,18.49595424,107.7340163,126.3974011,19,95,128.0,0.431401511,0.438708627,1886.105381,0.007938775,0.028927747,14.25427702,1.66179019,0.510346064,2.257628617,1.255880025,46.72726716,2.57997201,19.06560852,46.72726716,13.28986692,22.58570775,0.154634689,0.158123032,0.096223618,/Users/dharamkar.1/Library/CloudStorage/OneDrive-TheOhioStateUniversity/VSCode_image_processing_project/data/Step2_output/enhanced_sample_field/532.jpg,532,1.75,63.76,1
533.jpg,533,118.3772321,101.888632,75.52919723,122.0,105.0,78,18.4007095,104.7829839,118.3772321,19,91,122.0,0.405850762,0.417746667,1626.347414,0.008494225,0.03359543,14.09561719,1.472277248,0.485102653,2.296330166,1.159565709,44.05270298,2.358947752,17.34966226,44.05270298,11.96529725,20.3632236,0.135513282,0.138747035,0.087143076,/Users/dharamkar.1/Library/CloudStorage/OneDrive-TheOhioStateUniversity/VSCode_image_processing_project/data/Step2_output/enhanced_sample_field/533.jpg,533,1.75,63.76,1
534.jpg,534,97.28310348,84.91878587,68.72464923,96.0,84.0,67,17.05305325,89.35088489,97.28310348,17,76,96.0,0.338739632,0.334887843,1737.887012,0.008320051,0.0302476,14.11256642,2.503980408,0.24906988,2.575733917,0.505502841,36.86971433,2.247895064,11.32851402,36.86971433,8.446342532,12.90055755,0.092677461,0.094677531,0.069231844,/Users/dharamkar.1/Library/CloudStorage/OneDrive-TheOhioStateUniversity/VSCode_image_processing_project/data/Step2_output/enhanced_sample_field/534.jpg,534,2.66,60.57,1
535.jpg,535,116.4238879,101.6956114,84.40294165,115.0,100.0,83,16.34972895,81.48413584,116.4248246,17,71,115.0,0.406190466,0.399284706,2193.504404,0.00769039,0.027505148,14.33885958,2.682805771,0.346666588,2.753211911,0.647659004,43.99104582,2.914595191,11.94652562,43.99104582,10.11391919,14.29426183,0.135964956,0.138320112,0.104216973,/Users/dharamkar.1/Library/CloudStorage/OneDrive-TheOhioStateUniversity/VSCode_image_processing_project/data/Step2_output/enhanced_sample_field/535.jpg,535,2.66,60.57,1
536.jpg,536,112.797732,101.817602,83.60869739,112.0,101.0,83,18.82041215,77.1419603,112.797732,19,67,112.0,0.403286344,0.40129451,1902.188561,0.007868814,0.029097948,14.26709337,1.963021089,0.277351949,2.221941707,0.631129204,43.65165905,1.170686807,11.89739382,43.65165905,7.751549979,14.50409335,0.131023956,0.135985816,0.102395864,/Users/dharamkar.1/Library/CloudStorage/OneDrive-TheOhioStateUniversity/VSCode_image_processing_project/data/Step2_output/enhanced_sample_field/536.jpg,536,2.66,60.57,1
537.jpg,537,113.1430963,102.1518256,84.17649872,113.0,102.0,84,18.7181521,76.86692841,113.1439134,19,66,113.0,0.404672351,0.40466549,1811.837644,0.007864228,0.029529115,14.27005708,2.009418592,0.278864363,2.241910748,0.632418953,43.79384197,1.209818201,11.75936731,43.79384197,7.742975923,14.35401568,0.132018675,0.136960524,0.103695492,/Users/dharamkar.1/Library/CloudStorage/OneDrive-TheOhioStateUniversity/VSCode_image_processing_project/data/Step2_output/enhanced_sample_field/537.jpg,537,2.66,60.57,1
538.jpg,538,115.0535116,102.9903739,83.37422274,116.0,104.0,84,18.51979034,82.11065051,115.0535116,19,71,116.0,0.408390063,0.410648039,1917.359245,0.007832441,0.028585517,14.28911021,1.681801572,0.315432112,2.250631819,0.653017782,44.20105307,1.404451498,12.83177174,44.20105307,8.549476901,15.5908895,0.135023523,0.139777831,0.102439282,/Users/dharamkar.1/Library/CloudStorage/OneDrive-TheOhioStateUniversity/VSCode_image_processing_project/data/Step2_output/enhanced_sample_field/538.jpg,538,2.66,60.57,1
539.jpg,539,104.3928173,95.12103396,78.66039541,104.0,95.0,78,19.39674346,73.40784439,104.3928571,20,63,104.0,0.376095984,0.37466902,1519.326994,0.008565571,0.031523415,14.04180118,2.068582442,0.211699562,2.147834569,0.506669975,40.78814787,0.765857749,10.78268198,40.78814787,6.529925583,12.99732459,0.112566111,0.117327319,0.09002064,/Users/dharamkar.1/Library/CloudStorage/OneDrive-TheOhioStateUniversity/VSCode_image_processing_project/data/Step2_output/enhanced_sample_field/539.jpg,539,2.66,60.57,1
540.jpg,540,95.93277663,78.27738361,55.26658163,95.0,78.0,54,16.90898039,120.7763672,95.93277663,17,110,95.0,0.315176768,0.312712549,1419.9164,0.009907248,0.035580885,13.6754601,1.491558185,0.291736337,2.590881688,0.571504895,34.49868251,3.778574354,16.39273427,34.49868251,12.43510136,17.38617609,0.082571059,0.082502323,0.048045019,/Users/dharamkar.1/Library/CloudStorage/OneDrive-TheOhioStateUniversity/VSCode_image_processing_project/data/Step2_output/enhanced_sample_field/540.jpg,540,1.59,45.07,1
541.jpg,541,122.5668447,102.7598453,74.08227041,122.0,102.0,73,17.70990115,110.6365792,122.5675423,17,102,122.0,0.411377175,0.408734902,1834.944106,0.008784731,0.030996706,14.01560061,1.636319158,0.553418387,2.387558889,0.996643734,44.69973751,3.498435929,19.14301444,44.69973751,14.40806579,22.1436843,0.14171987,0.143280296,0.085103377,/Users/dharamkar.1/Library/CloudStorage/OneDrive-TheOhioStateUniversity/VSCode_image_processing_project/data/Step2_output/enhanced_sample_field/541.jpg,541,1.59,45.07,1
542.jpg,542,96.07521524,82.59149793,60.11102918,96.0,83.0,60,18.68504863,106.2795958,96.07521524,19,96,96.0,0.328768416,0.328704314,1157.02104,0.01036173,0.038159069,13.55133778,1.544331115,0.228446703,2.215542739,0.476718632,35.87399257,1.849189337,15.25456969,35.87399257,9.617931322,16.8817495,0.087125314,0.089428317,0.055563474,/Users/dharamkar.1/Library/CloudStorage/OneDrive-TheOhioStateUniversity/VSCode_image_processing_project/data/Step2_output/enhanced_sample_field/542.jpg,542,1.59,45.07,1
543.jpg,543,116.1926419,100.1805246,73.23202328,117.0,101.0,74,18.86957908,105.3792849,116.1929408,19,94,117.0,0.398588677,0.402060392,1783.759849,0.008519489,0.029576269,14.06799287,1.541216381,0.430384845,2.203089679,0.948137742,43.3005679,2.095687085,17.66238136,43.3005679,11.68589997,20.6144911,0.130130668,0.13359881,0.08235174,/Users/dharamkar.1/Library/CloudStorage/OneDrive-TheOhioStateUniversity/VSCode_image_processing_project/data/Step2_output/enhanced_sample_field/543.jpg,543,1.59,45.07,1
544.jpg,544,113.7790179,97.19447545,70.20039461,115.0,98.0,71,18.57455756,110.3604313,113.7794762,19,98,115.0,0.387342814,0.390563529,1884.046044,0.00837824,0.028443053,14.11845066,1.556627687,0.432480239,2.257793558,0.942222802,42.14383792,2.391431442,17.87235539,42.14383792,12.07571972,20.57616293,0.123154075,0.125932295,0.076079301,/Users/dharamkar.1/Library/CloudStorage/OneDrive-TheOhioStateUniversity/VSCode_image_processing_project/data/Step2_output/enhanced_sample_field/544.jpg,544,1.59,45.07,1
545.jpg,545,96.34146781,82.51419363,60.1316664,97.0,83.0,60,18.46438581,107.1535274,96.34194827,18,96,97.0,0.328779252,0.331487059,1199.137123,0.010232266,0.038589629,13.5887522,1.502807195,0.236182269,2.265319212,0.48819848,35.87969945,2.020769361,15.25445233,35.87969945,9.83849339,16.85332332,0.087352958,0.089457836,0.05558585,/Users/dharamkar.1/Library/CloudStorage/OneDrive-TheOhioStateUniversity/VSCode_image_processing_project/data/Step2_output/enhanced_sample_field/545.jpg,545,1.59,45.07,1
546.jpg,546,112.7204241,93.71982621,68.11477599,112.0,93.0,67,17.15138712,114.481545,112.7204241,17,102,112.0,0.376122859,0.371536078,1718.254805,0.008231222,0.031066454,14.1501045,1.773881927,0.410834511,2.519495798,0.893754846,41.00421035,3.717052226,17.57672424,41.00421035,13.62089464,19.82821721,0.117990649,0.11867161,0.071547419,/Users/dharamkar.1/Library/CloudStorage/OneDrive-TheOhioStateUniversity/VSCode_image_processing_project/data/Step2_output/enhanced_sample_field/546.jpg,546,1.27,55.97,1
547.jpg,547,132.0884675,110.5119592,81.23733539,130.0,109.0,79,17.17307175,109.7090668,132.0885683,17,100,130.0,0.443083399,0.435612549,2161.043817,0.007529276,0.027314291,14.42554625,1.63194477,0.57001992,2.48264089,1.065423098,47.97366373,4.047270382,19.49785145,47.97366373,15.65407246,22.9796566,0.166552851,0.167737321,0.10189436,/Users/dharamkar.1/Library/CloudStorage/OneDrive-TheOhioStateUniversity/VSCode_image_processing_project/data/Step2_output/enhanced_sample_field/547.jpg,547,1.27,55.97,1
548.jpg,548,121.0031091,104.609375,77.64837771,120.0,104.0,77,18.73290019,102.809929,121.0033881,19,92,120.0,0.416271198,0.413825098,1685.252963,0.008165105,0.029424465,14.17759783,1.483535768,0.429030873,2.22787762,0.980665609,45.12949489,2.194956836,17.59137539,45.12949489,11.94353283,20.82452394,0.142601923,0.14634519,0.092133491,/Users/dharamkar.1/Library/CloudStorage/OneDrive-TheOhioStateUniversity/VSCode_image_processing_project/data/Step2_output/enhanced_sample_field/548.jpg,548,1.27,55.97,1
549.jpg,549,116.4660196,99.96018017,73.57716837,116.0,100.0,73,18.49168925,105.561085,116.4660196,19,95,116.0,0.398295905,0.398138824,1490.92665,0.008564038,0.033810217,14.05809192,1.415071227,0.417152511,2.268013459,0.942697834,43.27260633,2.393272655,17.42522803,43.27260633,11.97888641,20.30746939,0.130399083,0.133409914,0.082904872,/Users/dharamkar.1/Library/CloudStorage/OneDrive-TheOhioStateUniversity/VSCode_image_processing_project/data/Step2_output/enhanced_sample_field/549.jpg,549,1.27,55.97,1
550.jpg,550,121.759646,104.7323222,76.85437261,122.0,105.0,77,18.60395408,106.3513632,121.759646,19,95,122.0,0.417022072,0.418334902,1641.325873,0.008176436,0.031581686,14.18831229,1.503952016,0.467505559,2.248517065,1.091191447,45.22484582,2.346668757,18.19975498,45.22484582,12.43961414,21.45926058,0.143509918,0.147031075,0.09074293,/Users/dharamkar.1/Library/CloudStorage/OneDrive-TheOhioStateUniversity/VSCode_image_processing_project/data/Step2_output/enhanced_sample_field/550.jpg,550,1.27,55.97,1
551.jpg,551,119.8338249,100.9982262,71.2480668,120.0,101.0,71,18.37302695,111.6458466,119.8338249,19,104,120.0,0.403356096,0.402893725,1435.887532,0.009811603,0.036121069,13.74394435,1.550121925,0.545115991,2.271760926,1.057110784,43.86782052,2.965751873,19.65440678,43.86782052,13.82060593,22.61322892,0.135217623,0.137469507,0.079425237,/Users/dharamkar.1/Library/CloudStorage/OneDrive-TheOhioStateUniversity/VSCode_image_processing_project/data/Step2_output/enhanced_sample_field/551.jpg,551,2.51,4.44,2
552.jpg,552,157.9110132,133.8043686,96.23439493,159.0,135.0,97,18.24358259,105.1187022,157.9115713,18,100,159.0,0.534189159,0.538935294,1839.390515,0.008980076,0.030560918,13.98093162,1.882927122,0.690371871,2.28849205,1.908918464,57.17875455,3.662844903,23.65240858,57.17875455,17.89257058,29.06283469,0.247036942,0.251062052,0.146645473,/Users/dharamkar.1/Library/CloudStorage/OneDrive-TheOhioStateUniversity/VSCode_image_processing_project/data/Step2_output/enhanced_sample_field/552.jpg,552,2.51,4.44,2
553.jpg,553,130.5284399,114.2072106,83.06038744,131.0,115.0,84,19.65979751,100.0724251,130.5284399,20,93,131.0,0.452665827,0.456664706,1567.309998,0.009029899,0.032669876,13.93013072,1.653658587,0.50720195,2.0540698,1.22878233,48.87811749,1.466765833,19.62098813,48.87811749,12.1773829,23.74411968,0.168917642,0.174952741,0.106806429,/Users/dharamkar.1/Library/CloudStorage/OneDrive-TheOhioStateUniversity/VSCode_image_processing_project/data/Step2_output/enhanced_sample_field/553.jpg,553,2.51,4.44,2
554.jpg,554,124.218471,108.609933,78.81969467,124.0,109.0,79,19.69947784,99.96492347,124.218471,20,93,124.0,0.430505377,0.431185882,1344.446929,0.009786521,0.035255921,13.73599116,1.619743161,0.481047983,2.058449574,1.033953826,46.60244692,1.414804434,18.93439563,46.60244692,11.61046769,22.64047126,0.151758055,0.157180968,0.095951698,/Users/dharamkar.1/Library/CloudStorage/OneDrive-TheOhioStateUniversity/VSCode_image_processing_project/data/Step2_output/enhanced_sample_field/554.jpg,554,2.51,4.44,2
555.jpg,555,134.4518893,116.9897959,84.72971142,135.0,118.0,86,19.41553731,102.0186743,134.4520488,19,94,135.0,0.464213877,0.46704549,1764.815903,0.008609649,0.029531277,14.05447171,1.739208277,0.5298217,2.088406226,1.343822452,50.07087186,1.773518188,20.31826568,50.07087186,13.02280403,24.63422908,0.178929976,0.184780503,0.111597972,/Users/dharamkar.1/Library/CloudStorage/OneDrive-TheOhioStateUniversity/VSCode_image_processing_project/data/Step2_output/enhanced_sample_field/555.jpg,555,2.51,4.44,2
556.jpg,556,137.8260922,119.7851563,86.55799585,139.0,121.0,88,19.37886639,103.7203245,137.8266502,19,94,139.0,0.475385007,0.481295294,2004.314682,0.008006912,0.02917137,14.24464755,1.790991282,0.493921895,2.093394701,1.393413589,51.21124716,1.856223166,20.84757548,51.21124716,13.47603886,25.37844099,0.188456736,0.194514461,0.116816864,/Users/dharamkar.1/Library/CloudStorage/OneDrive-TheOhioStateUniversity/VSCode_image_processing_project/data/Step2_output/enhanced_sample_field/556.jpg,556,2.51,4.44,2
557.jpg,557,125.1302415,109.1529815,79.24457908,125.0,110.0,80,19.57252471,100.4941008,125.1302415,20,94,125.0,0.432908837,0.434541961,1413.232523,0.00957917,0.03504629,13.78298589,1.653943382,0.503188714,2.076417281,1.073735901,46.85410198,1.552069932,19.0387201,46.85410198,11.86731925,22.76850904,0.153818304,0.159084149,0.097021556,/Users/dharamkar.1/Library/CloudStorage/OneDrive-TheOhioStateUniversity/VSCode_image_processing_project/data/Step2_output/enhanced_sample_field/557.jpg,557,2.51,4.44,2
558.jpg,558,88.83266901,71.1888353,46.73272082,88.0,70.0,45,17.38512436,131.193738,88.83266901,17,123,88.0,0.286960251,0.282039412,891.1928852,0.012589319,0.048478252,13.10757508,1.845067666,0.19742543,2.466075297,0.459827308,31.46195416,3.770495728,17.51933018,31.46195416,12.46497248,17.72195613,0.068769471,0.068495632,0.036202499,/Users/dharamkar.1/Library/CloudStorage/OneDrive-TheOhioStateUniversity/VSCode_image_processing_project/data/Step2_output/enhanced_sample_field/558.jpg,558,2.77,42.7,2
559.jpg,559,120.5644631,100.2019557,71.48031826,120.0,99.0,70,17.46383254,118.5501011,120.5677841,17,106,120.0,0.4017967,0.398354118,1054.162777,0.00842297,0.046639688,14.24719017,1.594693371,0.533668516,2.46066939,0.980350196,43.72448184,3.790147118,19.34207974,43.72448184,14.80145189,22.11537336,0.135538891,0.136484459,0.079611266,/Users/dharamkar.1/Library/CloudStorage/OneDrive-TheOhioStateUniversity/VSCode_image_processing_project/data/Step2_output/enhanced_sample_field/559.jpg,559,2.77,42.7,2
560.jpg,560,101.649992,85.91304608,60.38962851,101.0,85.0,59,18.6459662,111.8805405,101.6506298,19,105,101.0,0.342811407,0.339315294,1019.424027,0.011436004,0.043284423,13.35193474,1.574965028,0.265026712,2.242763727,0.51619337,37.43896306,2.405913628,17.27488059,37.43896306,11.36384238,19.07946801,0.095868647,0.097768758,0.057100713,/Users/dharamkar.1/Library/CloudStorage/OneDrive-TheOhioStateUniversity/VSCode_image_processing_project/data/Step2_output/enhanced_sample_field/560.jpg,560,2.77,42.7,2
561.jpg,561,111.6801459,94.63938935,66.53702966,111.0,94.0,66,18.71420599,111.5778061,111.6801459,19,104,111.0,0.377389686,0.375412941,1218.595512,0.010377257,0.039462533,13.61481813,1.535995937,0.407419772,2.223550702,0.783571622,41.12638497,2.495678556,18.65992254,41.12638497,12.46474089,21.16613145,0.117007423,0.119436277,0.069251825,/Users/dharamkar.1/Library/CloudStorage/OneDrive-TheOhioStateUniversity/VSCode_image_processing_project/data/Step2_output/enhanced_sample_field/561.jpg,561,2.77,42.7,2
562.jpg,562,114.6621293,96.97564573,67.82838409,114.0,96.0,67,18.68437101,113.382095,114.6626674,19,105,114.0,0.386794141,0.383821569,1402.975056,0.009770209,0.035485585,13.7666251,1.650078903,0.452397862,2.229949101,0.877278397,42.12759288,2.607178681,19.27368333,42.12759288,12.98579105,21.95747014,0.123366994,0.12582677,0.072187362,/Users/dharamkar.1/Library/CloudStorage/OneDrive-TheOhioStateUniversity/VSCode_image_processing_project/data/Step2_output/enhanced_sample_field/562.jpg,562,2.77,42.7,2
563.jpg,563,105.0380461,88.47925303,61.62085459,105.0,88.0,61,18.60907605,114.9938616,105.0384447,19,107,105.0,0.353182377,0.351347843,1152.285014,0.010675163,0.04135323,13.53509809,1.465689678,0.337098753,2.250798574,0.643622865,38.56506466,2.556633226,18.08681555,38.56506466,12.02999784,20.07565497,0.102186797,0.104080664,0.059724779,/Users/dharamkar.1/Library/CloudStorage/OneDrive-TheOhioStateUniversity/VSCode_image_processing_project/data/Step2_output/enhanced_sample_field/563.jpg,563,2.77,42.7,2
564.jpg,564,102.1440131,85.72056362,59.21619898,101.0,85.0,58,18.56060666,116.8878946,102.1440131,19,109,101.0,0.342351302,0.337648627,1131.316384,0.010879032,0.041507122,13.49670974,1.560501305,0.293878489,2.257087916,0.595696021,37.41311883,2.595802279,17.95948446,37.41311883,11.90060295,19.70568371,0.095965672,0.097626978,0.055448397,/Users/dharamkar.1/Library/CloudStorage/OneDrive-TheOhioStateUniversity/VSCode_image_processing_project/data/Step2_output/enhanced_sample_field/564.jpg,564,2.77,42.7,2
565.jpg,565,100.3359375,79.49988042,56.37906569,103.0,82.0,58,15.79629703,120.1708386,100.3359375,16,111,103.0,0.322590321,0.331449412,820.2748439,0.012296576,0.044968511,13.10362263,1.373720677,0.282058945,2.82990121,0.407307531,35.36584892,5.204270409,16.94706905,35.36584892,14.6479566,17.84379051,0.088482761,0.08682593,0.049989333,/Users/dharamkar.1/Library/CloudStorage/OneDrive-TheOhioStateUniversity/VSCode_image_processing_project/data/Step2_output/enhanced_sample_field/565.jpg,565,2.05,33.5,1
566.jpg,566,137.1435547,115.1394093,88.3420161,139.0,117.0,90,16.50281011,96.3885523,137.1443718,16,91,139.0,0.462287051,0.468942353,1327.842969,0.009792683,0.036235619,13.73570349,1.523846133,0.734240338,2.65107304,1.438612738,49.8997439,4.470837719,18.04807205,49.8997439,15.72812302,21.62282334,0.182626062,0.183348437,0.118813151,/Users/dharamkar.1/Library/CloudStorage/OneDrive-TheOhioStateUniversity/VSCode_image_processing_project/data/Step2_output/enhanced_sample_field/566.jpg,566,2.05,33.5,1
567.jpg,567,120.4296875,100.5187141,72.0707111,123.0,103.0,75,17.57085061,110.8235212,120.4296875,17,101,123.0,0.40273998,0.413221961,1240.935418,0.009912829,0.036101819,13.68194679,1.613263666,0.660438601,2.412233834,1.155272656,43.81044255,3.618055455,19.1056618,43.81044255,14.46651916,21.92139652,0.135847997,0.137074629,0.08071474,/Users/dharamkar.1/Library/CloudStorage/OneDrive-TheOhioStateUniversity/VSCode_image_processing_project/data/Step2_output/enhanced_sample_field/567.jpg,567,2.05,33.5,1
568.jpg,568,123.993463,102.5331832,71.95992108,128.0,106.0,75,17.56361607,116.9287907,123.993463,18,105,128.0,0.411330041,0.425805098,1350.821869,0.009435404,0.036449863,13.82700731,1.673180946,0.712360686,2.41976073,1.334305447,44.74560341,3.996629847,20.47483361,44.74560341,15.70529981,23.42296633,0.142838704,0.143605338,0.08141763,/Users/dharamkar.1/Library/CloudStorage/OneDrive-TheOhioStateUniversity/VSCode_image_processing_project/data/Step2_output/enhanced_sample_field/568.jpg,568,2.05,33.5,1
569.jpg,569,117.7638911,96.91187022,67.90455596,121.0,100.0,71,17.35056601,118.1723533,117.7638911,17,107,121.0,0.389221558,0.402022745,1357.10408,0.009570966,0.03560065,13.76782095,1.576602636,0.690990023,2.466595665,1.114417614,42.43744139,4.044217429,19.6973132,42.43744139,15.16945031,22.17825201,0.127464918,0.12784967,0.072483641,/Users/dharamkar.1/Library/CloudStorage/OneDrive-TheOhioStateUniversity/VSCode_image_processing_project/data/Step2_output/enhanced_sample_field/569.jpg,569,2.05,33.5,1
570.jpg,570,134.7557996,114.6414421,83.64845743,138.0,118.0,86,18.19232302,104.0863959,134.7557996,18,95,138.0,0.457573133,0.468994902,1314.555774,0.009629046,0.038018385,13.7860124,1.736332114,0.705493471,2.303599478,1.606599035,49.43038583,3.118472016,20.09274055,49.43038583,14.75652453,24.03240571,0.17629104,0.179458683,0.108484088,/Users/dharamkar.1/Library/CloudStorage/OneDrive-TheOhioStateUniversity/VSCode_image_processing_project/data/Step2_output/enhanced_sample_field/570.jpg,570,1.75,3.98,1
571.jpg,571,173.3506059,149.6790697,109.0062181,178.0,154.0,113,18.87448182,99.07501594,173.3507852,19,94,178.0,0.595202975,0.611495686,1655.774183,0.009173238,0.03465639,13.9257017,1.593918382,0.518769981,2.17065233,1.796179487,63.12759324,2.838084069,24.73742039,63.12759324,17.67326003,31.3726531,0.309275127,0.317402177,0.189629857,/Users/dharamkar.1/Library/CloudStorage/OneDrive-TheOhioStateUniversity/VSCode_image_processing_project/data/Step2_output/enhanced_sample_field/571.jpg,571,1.75,3.98,1
572.jpg,572,139.6617506,123.1387915,89.23580995,143.0,126.0,92,20.09966916,98.38139748,139.6617506,20,91,143.0,0.487080452,0.498938824,1317.065743,0.009514164,0.0384424,13.80586386,1.904396982,0.511299336,1.980319438,1.4787994,52.36724457,1.072992991,20.89014783,52.36724457,12.47858414,25.76207189,0.19671797,0.204724709,0.124158341,/Users/dharamkar.1/Library/CloudStorage/OneDrive-TheOhioStateUniversity/VSCode_image_processing_project/data/Step2_output/enhanced_sample_field/572.jpg,572,1.75,3.98,1
573.jpg,573,143.4040976,125.3346819,89.6928412,148.0,130.0,93,19.80574378,103.136659,143.4040976,20,94,148.0,0.496488847,0.513188627,1544.011671,0.008861642,0.035858235,14.00093627,1.869873895,0.493538956,2.021324599,1.690661809,53.34307461,1.478969069,21.9937799,53.34307461,13.64169181,27.04486033,0.206065226,0.213616755,0.126394683,/Users/dharamkar.1/Library/CloudStorage/OneDrive-TheOhioStateUniversity/VSCode_image_processing_project/data/Step2_output/enhanced_sample_field/573.jpg,573,1.75,3.98,1
574.jpg,574,146.2350128,127.486368,90.99726961,151.0,132.0,95,19.72704082,104.9134048,146.2350128,20,95,151.0,0.505253298,0.524149804,1774.955818,0.008376315,0.032478275,14.14872702,1.937523543,0.492997242,2.038717329,1.691086541,54.23159472,1.630002457,22.4840557,54.23159472,14.15494346,27.69614068,0.214367313,0.221933888,0.130486503,/Users/dharamkar.1/Library/CloudStorage/OneDrive-TheOhioStateUniversity/VSCode_image_processing_project/data/Step2_output/enhanced_sample_field/574.jpg,574,1.75,3.98,1
575.jpg,575,155.1375957,135.8742427,97.86234455,161.0,142.0,103,19.85754145,102.1308195,155.1375957,20,92,161.0,0.538145284,0.560538039,1854.012752,0.008183344,0.0322368,14.21244345,1.91052892,0.458206205,2.021313295,1.630119927,57.49712732,1.536059602,23.11571025,57.49712732,14.56596018,28.94143896,0.245288716,0.254353154,0.151353705,/Users/dharamkar.1/Library/CloudStorage/OneDrive-TheOhioStateUniversity/VSCode_image_processing_project/data/Step2_output/enhanced_sample_field/575.jpg,575,1.75,3.98,1
576.jpg,576,148.2849968,129.7432039,92.15527344,154.0,135.0,97,20.03623246,105.2928093,148.2849968,20,95,154.0,0.513620569,0.53591451,1826.421164,0.00837008,0.031153032,14.16413873,1.867994217,0.479246746,1.995188953,1.714515853,55.06806903,1.371423761,22.97554963,55.06806903,14.07811374,28.41975086,0.221517457,0.229958559,0.134297282,/Users/dharamkar.1/Library/CloudStorage/OneDrive-TheOhioStateUniversity/VSCode_image_processing_project/data/Step2_output/enhanced_sample_field/576.jpg,576,1.75,3.98,1
577.jpg,577,81.04715402,71.36429767,58.91870615,82.0,72.0,59,16.84612165,76.71576052,81.04729353,16,70,82.0,0.284410108,0.287293333,582.5365751,0.013772749,0.057020252,12.82646776,1.815425956,0.089452819,2.606527697,0.204182581,30.9244813,1.800445032,8.985927772,30.9244813,6.373760546,9.752649749,0.064611426,0.066194891,0.050627822,/Users/dharamkar.1/Library/CloudStorage/OneDrive-TheOhioStateUniversity/VSCode_image_processing_project/data/Step2_output/enhanced_sample_field/577.jpg,577,2.66,37.0,1
578.jpg,578,109.3108458,100.2438018,86.55701929,110.0,101.0,87,18.11521445,56.20850606,109.3108857,19,53,110.0,0.396798948,0.398763922,786.2743234,0.012493372,0.048819172,13.10904394,1.455047639,0.219335079,2.353999371,0.389134084,42.93351484,1.108182978,9.070531115,42.93351484,6.225665813,11.15510689,0.126276625,0.131133322,0.107855967,/Users/dharamkar.1/Library/CloudStorage/OneDrive-TheOhioStateUniversity/VSCode_image_processing_project/data/Step2_output/enhanced_sample_field/578.jpg,578,2.66,37.0,1
579.jpg,579,88.61533402,81.11134805,65.24858498,89.0,82.0,66,20.60441247,72.50564015,88.61557318,21,67,89.0,0.319851921,0.322312549,526.1360106,0.014258406,0.059385523,12.73942226,2.275103999,0.082629161,1.962845878,0.208464859,34.78434635,0.17906519,10.46716549,34.78434635,5.323131414,12.05143013,0.079950173,0.083910369,0.062358967,/Users/dharamkar.1/Library/CloudStorage/OneDrive-TheOhioStateUniversity/VSCode_image_processing_project/data/Step2_output/enhanced_sample_field/579.jpg,579,2.66,37.0,1
580.jpg,580,97.49137038,87.93271684,69.87201052,98.0,89.0,71,19.80034279,79.60331633,97.49166932,20,72,98.0,0.347693152,0.351712941,803.3403668,0.011677856,0.048802566,13.26790909,1.912534095,0.177786148,2.069640177,0.379633713,37.80243328,0.685841641,11.91123658,37.80243328,6.793211482,13.90942878,0.095679227,0.099777309,0.071934233,/Users/dharamkar.1/Library/CloudStorage/OneDrive-TheOhioStateUniversity/VSCode_image_processing_project/data/Step2_output/enhanced_sample_field/580.jpg,580,2.66,37.0,1
581.jpg,581,99.17546237,89.13564254,71.15792411,100.0,90.0,72,19.41304608,79.47720026,99.17546237,19,72,100.0,0.352834944,0.357018431,833.7497398,0.011319226,0.046505495,13.33874587,1.789340224,0.207517565,2.130359,0.426330259,38.35294016,0.900757933,11.90764735,38.35294016,7.099395461,13.94089747,0.098908424,0.10287152,0.074507293,/Users/dharamkar.1/Library/CloudStorage/OneDrive-TheOhioStateUniversity/VSCode_image_processing_project/data/Step2_output/enhanced_sample_field/581.jpg,581,2.66,37.0,1
582.jpg,582,98.50544085,88.83703364,71.3431521,100.0,90.0,72,19.50968591,77.76977041,98.50550064,20,70,100.0,0.351491221,0.35563451,845.7027947,0.011308148,0.046717309,13.34276661,1.905324727,0.188435208,2.120212072,0.418601754,38.2028614,0.816604163,11.5767574,38.2028614,6.828952571,13.57554558,0.097988936,0.102021728,0.074704564,/Users/dharamkar.1/Library/CloudStorage/OneDrive-TheOhioStateUniversity/VSCode_image_processing_project/data/Step2_output/enhanced_sample_field/582.jpg,582,2.66,37.0,1
583.jpg,583,95.54729353,86.11674904,68.7017897,97.0,87.0,70,19.64696269,79.09400909,95.54729353,20,71,97.0,0.340647534,0.344435294,780.2928611,0.011777904,0.048291256,13.23616069,1.986143394,0.158356241,2.099924383,0.343333452,37.04602524,0.746039495,11.55823225,37.04602524,6.660360739,13.41992946,0.091784042,0.09562789,0.069425253,/Users/dharamkar.1/Library/CloudStorage/OneDrive-TheOhioStateUniversity/VSCode_image_processing_project/data/Step2_output/enhanced_sample_field/583.jpg,583,2.66,37.0,1
584.jpg,584,97.0866749,80.89249841,60.58438297,96.0,79.0,59,16.65078922,105.0434271,97.0866749,17,97,96.0,0.324978611,0.319401961,1089.164878,0.010652341,0.038695991,13.48877533,1.658483672,0.252752637,2.621393989,0.497515669,35.49428074,3.418472262,14.47190312,35.49428074,11.25490977,15.76411101,0.087047188,0.087478841,0.055851567,/Users/dharamkar.1/Library/CloudStorage/OneDrive-TheOhioStateUniversity/VSCode_image_processing_project/data/Step2_output/enhanced_sample_field/584.jpg,584,1.59,23.77,1
585.jpg,585,128.3560866,111.2673589,88.15116789,126.0,109.0,86,17.38805405,86.14120297,128.3616669,17,82,126.0,0.444047201,0.435962745,1561.997458,0.009089673,0.032918328,13.94527218,1.393821562,0.475179741,2.490412658,0.919973414,47.94584497,2.940612173,15.35706072,47.94584497,12.11403697,18.63121043,0.16437204,0.167518596,0.116303234,/Users/dharamkar.1/Library/CloudStorage/OneDrive-TheOhioStateUniversity/VSCode_image_processing_project/data/Step2_output/enhanced_sample_field/585.jpg,585,1.59,23.77,1
586.jpg,586,107.9251036,92.28595344,67.29898756,107.0,91.0,66,18.44764429,106.1685268,107.9251036,18,97,107.0,0.367873383,0.36342902,1400.00993,0.009352982,0.034222364,13.82784538,1.588898693,0.342936899,2.264079175,0.713313738,40.07573725,2.321037949,16.73689918,40.07573725,11.28142285,19.05491461,0.110494583,0.112966847,0.069542554,/Users/dharamkar.1/Library/CloudStorage/OneDrive-TheOhioStateUniversity/VSCode_image_processing_project/data/Step2_output/enhanced_sample_field/586.jpg,586,1.59,23.77,1
587.jpg,587,120.1417012,103.1730907,75.11254385,120.0,103.0,75,18.73493304,104.9618144,120.1425183,19,96,120.0,0.410806882,0.409605882,1632.445388,0.008713777,0.030622999,14.01867291,1.645676771,0.465961239,2.218203172,1.029169461,44.58692692,2.321278545,18.34248611,44.58692692,12.41451002,21.5063187,0.139069196,0.14248292,0.086925631,/Users/dharamkar.1/Library/CloudStorage/OneDrive-TheOhioStateUniversity/VSCode_image_processing_project/data/Step2_output/enhanced_sample_field/587.jpg,587,1.59,23.77,1
588.jpg,588,115.1051499,98.07083068,70.31716358,115.0,98.0,70,18.60873724,110.0013951,115.1051499,19,100,115.0,0.390939546,0.389424706,1595.672946,0.008713708,0.031345346,14.01784276,1.584847437,0.432566352,2.241094091,0.909671549,42.53233232,2.476198929,18.3447602,42.53233232,12.43795822,21.11616746,0.125741032,0.12847349,0.076627585,/Users/dharamkar.1/Library/CloudStorage/OneDrive-TheOhioStateUniversity/VSCode_image_processing_project/data/Step2_output/enhanced_sample_field/588.jpg,588,1.59,23.77,1
589.jpg,589,109.3288425,93.13697784,66.93411193,109.0,92.0,66,18.57680963,109.8475167,109.3295201,19,99,109.0,0.371327539,0.36848549,1460.29138,0.009084634,0.032840187,13.90260917,1.540402949,0.362496229,2.252349309,0.784139447,40.45885726,2.390742721,17.49294978,40.45885726,11.74568834,19.88188845,0.112849015,0.115298135,0.069293635,/Users/dharamkar.1/Library/CloudStorage/OneDrive-TheOhioStateUniversity/VSCode_image_processing_project/data/Step2_output/enhanced_sample_field/589.jpg,589,1.59,23.77,1
590.jpg,590,96.77387596,80.25699538,57.90525351,98.0,81.0,59,17.21376754,108.6651188,96.77387596,17,103,98.0,0.322177537,0.326426667,616.6484025,0.014451595,0.057094935,12.76459053,1.672375646,0.170807222,2.49660964,0.365163994,35.22016859,3.297517018,15.74693872,35.22016859,11.62484796,16.99349265,0.085546731,0.086089274,0.052002987,/Users/dharamkar.1/Library/CloudStorage/OneDrive-TheOhioStateUniversity/VSCode_image_processing_project/data/Step2_output/enhanced_sample_field/590.jpg,590,1.27,26.02,1
591.jpg,591,128.425582,110.5962014,85.99918288,130.0,112.0,87,17.48331872,88.35335619,128.4267379,17,85,130.0,0.441613724,0.445480392,933.1421965,0.012182834,0.046607976,13.26084077,1.328393731,0.671119918,2.466361967,1.110734423,47.72092972,3.056225281,16.31378815,47.72092972,12.7262635,19.65555058,0.162865206,0.165757178,0.111429414,/Users/dharamkar.1/Library/CloudStorage/OneDrive-TheOhioStateUniversity/VSCode_image_processing_project/data/Step2_output/enhanced_sample_field/591.jpg,591,1.27,26.02,1
592.jpg,592,107.435806,91.82601244,66.14488999,109.0,93.0,67,18.75458386,103.8180604,107.4360252,19,98,109.0,0.365848959,0.370970588,747.9927931,0.013256895,0.05098282,13.01437455,1.415127058,0.279362614,2.22193026,0.481988281,39.86963069,2.221695638,17.14571811,39.86963069,11.3107034,19.45142124,0.109158279,0.11172579,0.067567344,/Users/dharamkar.1/Library/CloudStorage/OneDrive-TheOhioStateUniversity/VSCode_image_processing_project/data/Step2_output/enhanced_sample_field/592.jpg,592,1.27,26.02,1
593.jpg,593,116.2437022,97.91509885,68.18106266,118.0,99.0,69,18.57005341,113.1506497,116.2437022,19,105,118.0,0.390847463,0.396159608,1023.183656,0.011202233,0.045268242,13.4618485,1.631882821,0.528447124,2.238774413,0.850184821,42.56574027,2.802087054,19.6734065,42.56574027,13.47122183,22.40910242,0.126438049,0.128693598,0.073143191,/Users/dharamkar.1/Library/CloudStorage/OneDrive-TheOhioStateUniversity/VSCode_image_processing_project/data/Step2_output/enhanced_sample_field/593.jpg,593,1.27,26.02,1
594.jpg,594,112.4414262,94.78511639,66.4571309,114.0,96.0,67,18.47321429,112.169324,112.4414262,19,104,114.0,0.378410331,0.383256078,1013.61473,0.011310779,0.043032171,13.41285247,1.571024416,0.450703585,2.253734202,0.745223599,41.24602436,2.740496784,18.88006692,41.24602436,12.90343231,21.36543447,0.118083977,0.120188254,0.069215738,/Users/dharamkar.1/Library/CloudStorage/OneDrive-TheOhioStateUniversity/VSCode_image_processing_project/data/Step2_output/enhanced_sample_field/594.jpg,594,1.27,26.02,1
595.jpg,595,117.6676499,99.0763911,68.75308913,120.0,101.0,70,18.60389429,114.3813178,117.6676499,19,105,120.0,0.395453818,0.402863922,1064.441063,0.01086032,0.043218577,13.54305175,1.674495852,0.545609817,2.233367239,0.928379312,43.0536532,2.82251852,20.00621952,43.0536532,13.69563828,22.83595696,0.129620126,0.13193692,0.074523977,/Users/dharamkar.1/Library/CloudStorage/OneDrive-TheOhioStateUniversity/VSCode_image_processing_project/data/Step2_output/enhanced_sample_field/595.jpg,595,1.27,26.02,1
596.jpg,596,117.1219308,98.95501834,70.20390226,119.0,100.0,71,18.37466119,110.814493,117.1220902,18,102,119.0,0.395068752,0.401189412,1160.685158,0.010520571,0.042086513,13.63048066,1.556294301,0.541464156,2.272096928,0.931934987,42.98969744,2.834789213,19.05641703,42.98969744,13.28714967,21.86237318,0.129222552,0.131508716,0.076841883,/Users/dharamkar.1/Library/CloudStorage/OneDrive-TheOhioStateUniversity/VSCode_image_processing_project/data/Step2_output/enhanced_sample_field/596.jpg,596,1.27,26.02,1
597.jpg,597,112.3361169,96.22267618,71.47893415,113.0,97.0,72,18.19220344,99.40736607,112.3361169,18,93,113.0,0.383775524,0.386656863,1029.777306,0.011086942,0.038822809,13.39559369,1.53802004,0.370450382,2.309993038,0.715128032,41.74346021,2.502106897,16.54818031,41.74346021,11.59066026,19.11360286,0.120810647,0.123348663,0.077849107,/Users/dharamkar.1/Library/CloudStorage/OneDrive-TheOhioStateUniversity/VSCode_image_processing_project/data/Step2_output/enhanced_sample_field/597.jpg,597,2.51,1.66,2
598.jpg,598,153.1445512,133.4422034,103.0138512,154.0,134.0,104,18.22919324,87.38279257,153.1459662,18,84,154.0,0.531117914,0.53560902,1372.827254,0.00979301,0.035563619,13.73972178,1.965861654,0.67636426,2.299279319,1.761454206,56.74581154,2.739341512,19.17418859,56.74581154,14.33086576,24.15198892,0.240614247,0.246632333,0.163249666,/Users/dharamkar.1/Library/CloudStorage/OneDrive-TheOhioStateUniversity/VSCode_image_processing_project/data/Step2_output/enhanced_sample_field/598.jpg,598,2.51,1.66,2
599.jpg,599,119.6488361,105.2607023,78.12442203,121.0,106.0,79,19.79402503,94.28142937,119.6488361,20,88,121.0,0.417104529,0.42101,1099.841448,0.010637545,0.037334966,13.47900394,1.532901185,0.420264069,2.066279849,0.875202107,45.18818763,1.287137262,17.3666363,45.18818763,10.60771012,20.7579812,0.141550104,0.14676713,0.093163315,/Users/dharamkar.1/Library/CloudStorage/OneDrive-TheOhioStateUniversity/VSCode_image_processing_project/data/Step2_output/enhanced_sample_field/599.jpg,599,2.51,1.66,2
600.jpg,600,123.4975686,107.9261599,78.98475367,124.0,109.0,80,19.56291853,98.91874601,123.4976084,20,92,124.0,0.428032976,0.431483529,1358.808396,0.009698056,0.033668582,13.73495073,1.54701816,0.505321586,2.083633583,1.032859335,46.34124247,1.521641241,18.4759987,46.34124247,11.52679018,22.08913466,0.150054096,0.155221685,0.095977719,/Users/dharamkar.1/Library/CloudStorage/OneDrive-TheOhioStateUniversity/VSCode_image_processing_project/data/Step2_output/enhanced_sample_field/600.jpg,600,2.51,1.66,2
601.jpg,601,129.8692801,113.2513552,83.20479911,131.0,114.0,84,19.30032286,98.18118224,129.8692801,19,91,131.0,0.449475716,0.453308627,1424.03085,0.009432154,0.03370814,13.80314168,1.55458717,0.540014538,2.113476432,1.28686145,48.54887022,1.75394031,19.08547141,48.54887022,12.30295985,23.05995379,0.166885245,0.172302655,0.106694781,/Users/dharamkar.1/Library/CloudStorage/OneDrive-TheOhioStateUniversity/VSCode_image_processing_project/data/Step2_output/enhanced_sample_field/601.jpg,601,2.51,1.66,2
602.jpg,602,129.3989955,113.3608099,84.02913744,131.0,115.0,85,19.42205437,95.62464126,129.3989955,19,89,131.0,0.449623964,0.454715294,1343.462524,0.009657867,0.034452054,13.74430161,1.510316997,0.543562953,2.099860646,1.240855159,48.54921468,1.598372103,18.59947127,48.54921468,11.86035666,22.5617878,0.166609869,0.172305413,0.108392881,/Users/dharamkar.1/Library/CloudStorage/OneDrive-TheOhioStateUniversity/VSCode_image_processing_project/data/Step2_output/enhanced_sample_field/602.jpg,602,2.51,1.66,2
603.jpg,603,94.15473533,76.9394332,55.2315051,92.0,75.0,53,16.6943758,114.7983897,94.15473533,17,107,92.0,0.309931542,0.302629412,981.626001,0.01125398,0.043391862,13.36586265,1.718679866,0.249958247,2.615566181,0.481370368,33.91113444,3.777510421,15.59914879,33.91113444,12.02339044,16.50946982,0.079769227,0.079655975,0.047598896,/Users/dharamkar.1/Library/CloudStorage/OneDrive-TheOhioStateUniversity/VSCode_image_processing_project/data/Step2_output/enhanced_sample_field/603.jpg,603,2.77,25.73,2
604.jpg,604,121.1790099,104.0593112,80.57290338,119.0,101.0,78,17.36888154,90.91380341,121.1801459,17,88,119.0,0.415701479,0.405944314,1318.675529,0.010063685,0.037874702,13.69865897,1.500108574,0.425138302,2.470785056,0.818642706,45.05169802,2.999644414,15.7616069,45.05169802,12.17474182,18.68718301,0.143359019,0.14578716,0.097574952,/Users/dharamkar.1/Library/CloudStorage/OneDrive-TheOhioStateUniversity/VSCode_image_processing_project/data/Step2_output/enhanced_sample_field/604.jpg,604,2.77,25.73,2
605.jpg,605,97.63075973,83.24621333,60.21016024,96.0,81.0,58,18.46388712,104.7598852,97.6308793,18,100,96.0,0.331929529,0.324209412,852.4686699,0.011834229,0.044744219,13.22809957,1.573676023,0.230711566,2.256548122,0.468070223,36.23201611,2.17204996,15.70189551,36.23201611,10.2608284,17.33688077,0.089306756,0.091292773,0.055946242,/Users/dharamkar.1/Library/CloudStorage/OneDrive-TheOhioStateUniversity/VSCode_image_processing_project/data/Step2_output/enhanced_sample_field/605.jpg,605,2.77,25.73,2
606.jpg,606,105.2579919,88.72741948,62.92615992,103.0,87.0,61,18.28126993,111.2068917,105.2579919,18,104,103.0,0.354430962,0.346555294,1122.013753,0.010340745,0.03818586,13.58342671,1.622235855,0.326615253,2.289352529,0.669911274,38.68507338,2.67684344,17.46461595,38.68507338,11.9345268,19.46548328,0.103010993,0.104768911,0.061701097,/Users/dharamkar.1/Library/CloudStorage/OneDrive-TheOhioStateUniversity/VSCode_image_processing_project/data/Step2_output/enhanced_sample_field/606.jpg,606,2.77,25.73,2
607.jpg,607,104.6881776,88.06521046,61.8319316,103.0,86.0,60,18.3685228,113.8056441,104.6881776,18,106,103.0,0.351788908,0.344085098,1146.005305,0.010244237,0.039214032,13.61866399,1.657908042,0.321534187,2.27866383,0.670183594,38.41245718,2.675053951,17.75144532,38.41245718,12.02677761,19.69481847,0.1014929,0.103209826,0.059895304,/Users/dharamkar.1/Library/CloudStorage/OneDrive-TheOhioStateUniversity/VSCode_image_processing_project/data/Step2_output/enhanced_sample_field/607.jpg,607,2.77,25.73,2
608.jpg,608,101.6793686,85.89933434,61.21101722,100.0,84.0,59,18.29856904,110.1219308,101.6794483,18,103,100.0,0.343029663,0.335393725,1036.063241,0.010765054,0.040534752,13.48521105,1.614648122,0.27902716,2.287580692,0.602921013,37.45415304,2.536628775,16.79808945,37.45415304,11.33241463,18.59104558,0.096111284,0.097852154,0.058259415,/Users/dharamkar.1/Library/CloudStorage/OneDrive-TheOhioStateUniversity/VSCode_image_processing_project/data/Step2_output/enhanced_sample_field/608.jpg,608,2.77,25.73,2
609.jpg,609,108.204839,91.16063457,64.42239318,106.0,89.0,63,18.32864318,112.1230269,108.204839,18,105,106.0,0.364136082,0.356408235,1227.527126,0.010025712,0.03690778,13.67117346,1.646799246,0.353194518,2.283373847,0.725607744,39.7251943,2.740038893,18.0010798,39.7251943,12.36081867,20.19032112,0.109017902,0.110861514,0.064779382,/Users/dharamkar.1/Library/CloudStorage/OneDrive-TheOhioStateUniversity/VSCode_image_processing_project/data/Step2_output/enhanced_sample_field/609.jpg,609,2.77,25.73,2
610.jpg,610,104.5998884,88.03192761,61.98415577,103.0,86.0,60,18.3477559,113.3600925,104.5998884,18,106,103.0,0.351665,0.344070196,1149.995776,0.010177996,0.038910123,13.62888667,1.637102678,0.327153543,2.284117723,0.675490662,38.39641509,2.674893843,17.63683595,38.39641509,11.97558652,19.57894267,0.101403965,0.103118567,0.060100944,/Users/dharamkar.1/Library/CloudStorage/OneDrive-TheOhioStateUniversity/VSCode_image_processing_project/data/Step2_output/enhanced_sample_field/610.jpg,610,2.77,25.73,2
611.jpg,611,133.5915976,110.8724091,79.90896046,136.0,113.0,82,17.2435228,110.4272162,133.5915976,17,101,136.0,0.444971655,0.453874118,1380.760991,0.009211462,0.03546975,13.86688514,1.688516052,0.734668389,2.475690189,1.490099714,48.20269403,4.323869317,20.60074068,48.20269403,16.5819024,24.13223918,0.168819948,0.169545313,0.099529386,/Users/dharamkar.1/Library/CloudStorage/OneDrive-TheOhioStateUniversity/VSCode_image_processing_project/data/Step2_output/enhanced_sample_field/611.jpg,611,2.07,0.18,1
612.jpg,612,170.4366032,143.9114318,106.7503388,174.0,147.0,108,17.66619499,101.2548031,170.4390346,17,96,174.0,0.575955749,0.588241176,1993.774764,0.007969585,0.030885859,14.25687893,1.68013976,0.595230713,2.446112652,1.831745948,61.28323207,4.543169718,23.47447998,61.28323207,19.44268223,29.33388005,0.29273144,0.295720793,0.180032297,/Users/dharamkar.1/Library/CloudStorage/OneDrive-TheOhioStateUniversity/VSCode_image_processing_project/data/Step2_output/enhanced_sample_field/612.jpg,612,2.07,0.18,1
613.jpg,613,137.2434829,114.874422,77.576989,140.0,118.0,80,18.64219946,123.28978,137.2435228,19,110,140.0,0.458583147,0.470096078,2015.962164,0.007556506,0.028364968,14.36670549,1.706568153,0.579312773,2.228748982,1.5278816,49.63733183,3.323425145,23.89330208,49.63733183,16.79780882,27.99086248,0.178333461,0.181166873,0.0968395,/Users/dharamkar.1/Library/CloudStorage/OneDrive-TheOhioStateUniversity/VSCode_image_processing_project/data/Step2_output/enhanced_sample_field/613.jpg,613,2.07,0.18,1
614.jpg,614,143.1385124,119.5240155,79.4127272,147.0,123.0,82,18.78286432,126.3037109,143.1385124,19,113,147.0,0.477059107,0.491593725,2273.28127,0.007279374,0.026908217,14.47028036,1.605124979,0.588150054,2.20300089,1.655720927,51.5445308,3.442250009,25.44308418,51.5445308,17.85492835,29.92946647,0.194378888,0.197422478,0.102607813,/Users/dharamkar.1/Library/CloudStorage/OneDrive-TheOhioStateUniversity/VSCode_image_processing_project/data/Step2_output/enhanced_sample_field/614.jpg,614,2.07,0.18,1
615.jpg,615,142.426997,118.7842993,78.35666454,146.0,122.0,81,18.83025749,127.8438895,142.4275151,19,114,146.0,0.474092314,0.486801176,2157.850136,0.007294403,0.029118969,14.46265551,1.612028843,0.601551722,2.198380056,1.603296273,51.25233487,3.435828354,25.64618801,51.25233487,17.90342195,30.0722862,0.191883772,0.194871412,0.100235497,/Users/dharamkar.1/Library/CloudStorage/OneDrive-TheOhioStateUniversity/VSCode_image_processing_project/data/Step2_output/enhanced_sample_field/615.jpg,615,2.07,0.18,1
616.jpg,616,140.4872848,118.1730907,80.86039142,143.0,121.0,83,18.67057956,118.8681043,140.4873047,19,107,143.0,0.471469064,0.481816078,1876.613429,0.007831277,0.028684422,14.28055115,1.748194947,0.588252339,2.217364687,1.614252541,50.93017592,3.227809255,23.77458427,50.93017592,16.74044879,28.14840849,0.188767306,0.192084328,0.104682297,/Users/dharamkar.1/Library/CloudStorage/OneDrive-TheOhioStateUniversity/VSCode_image_processing_project/data/Step2_output/enhanced_sample_field/616.jpg,616,2.07,0.18,1
617.jpg,617,131.9719786,112.7104791,83.46550143,135.0,115.0,86,18.06337691,99.71470424,131.9719786,18,93,135.0,0.449784254,0.460012941,1089.277146,0.010556935,0.042990986,13.56354005,1.646266867,0.728031108,2.322664175,1.451494867,48.61276849,3.009588854,19.05639889,48.61276849,14.04645017,22.80496521,0.169638064,0.172814859,0.107178878,/Users/dharamkar.1/Library/CloudStorage/OneDrive-TheOhioStateUniversity/VSCode_image_processing_project/data/Step2_output/enhanced_sample_field/617.jpg,617,1.75,0.21,1
618.jpg,618,170.5829281,147.5542291,109.5463568,175.0,152.0,112,18.66645408,95.6122449,170.5862962,19,91,175.0,0.587088079,0.603369804,1545.039758,0.009099159,0.035414145,13.95274594,1.718724988,0.516783437,2.245265359,1.819264877,62.31175572,2.935422185,23.30442563,62.31175572,17.0543969,29.60903404,0.300141837,0.307685418,0.189764247,/Users/dharamkar.1/Library/CloudStorage/OneDrive-TheOhioStateUniversity/VSCode_image_processing_project/data/Step2_output/enhanced_sample_field/618.jpg,618,1.75,0.21,1
619.jpg,619,126.1387317,106.8862006,76.80604273,129.0,109.0,79,18.29268973,105.651427,126.1387317,18,99,129.0,0.42670033,0.436751373,936.0248839,0.011369577,0.046183262,13.35323275,1.739554679,0.747098804,2.286760673,1.319903953,46.27347648,2.997428367,19.70546658,46.27347648,14.12164465,23.10285545,0.15203457,0.154716049,0.091688122,/Users/dharamkar.1/Library/CloudStorage/OneDrive-TheOhioStateUniversity/VSCode_image_processing_project/data/Step2_output/enhanced_sample_field/619.jpg,619,1.75,0.21,1
620.jpg,620,136.2157207,119.4925263,86.59219547,140.0,123.0,90,19.81355628,100.5597098,136.2157207,20,92,140.0,0.47323173,0.486608627,1439.538137,0.009153688,0.037029599,13.91032791,1.844343658,0.502799527,2.02511464,1.478089346,50.97343912,1.337513816,20.48301049,50.97343912,12.55732397,25.04290195,0.18547905,0.192457054,0.116649345,/Users/dharamkar.1/Library/CloudStorage/OneDrive-TheOhioStateUniversity/VSCode_image_processing_project/data/Step2_output/enhanced_sample_field/620.jpg,620,1.75,0.21,1
621.jpg,621,145.6343272,127.3773119,90.85263871,151.0,132.0,95,19.91625478,104.2211615,145.6345464,20,94,151.0,0.504405877,0.523896863,1706.606282,0.00855137,0.034031093,14.10169677,1.847885174,0.489722968,2.009806882,1.742662107,54.14094788,1.417916271,22.43504217,54.14094788,13.82162682,27.66850591,0.213096096,0.221075657,0.13006109,/Users/dharamkar.1/Library/CloudStorage/OneDrive-TheOhioStateUniversity/VSCode_image_processing_project/data/Step2_output/enhanced_sample_field/621.jpg,621,1.75,0.21,1
622.jpg,622,147.2901188,128.9886599,93.00083705,153.0,134.0,98,19.78384088,102.9931043,147.2901188,20,92,153.0,0.510913717,0.532688824,1854.233144,0.008145584,0.032034098,14.22024804,1.9109409,0.455895563,2.030328252,1.647543065,54.7813151,1.482017406,22.10090908,54.7813151,13.80657064,27.39827927,0.219095726,0.227186183,0.13584195,/Users/dharamkar.1/Library/CloudStorage/OneDrive-TheOhioStateUniversity/VSCode_image_processing_project/data/Step2_output/enhanced_sample_field/622.jpg,622,1.75,0.21,1
623.jpg,623,147.9056122,129.0509407,91.62312659,153.0,134.0,96,19.86860252,106.9637875,147.9056122,20,95,153.0,0.511211816,0.532260784,2020.344331,0.007895038,0.031134592,14.30460647,1.848777891,0.45806076,2.024451776,1.601694458,54.83262607,1.534440719,22.95673425,54.83262607,14.28493834,28.32796193,0.219682823,0.227680618,0.132736726,/Users/dharamkar.1/Library/CloudStorage/OneDrive-TheOhioStateUniversity/VSCode_image_processing_project/data/Step2_output/enhanced_sample_field/623.jpg,623,1.75,0.21,1
624.jpg,624,144.294324,126.03978,90.04633689,149.0,130.0,94,19.80076132,103.5415537,144.294324,20,95,149.0,0.499308797,0.516306667,1528.829797,0.008867294,0.036291917,14.01056981,1.868567487,0.51202779,2.023702202,1.698475058,53.62955348,1.503204102,22.18929365,53.62955348,13.78940699,27.29997174,0.208667374,0.21627527,0.127558039,/Users/dharamkar.1/Library/CloudStorage/OneDrive-TheOhioStateUniversity/VSCode_image_processing_project/data/Step2_output/enhanced_sample_field/624.jpg,624,1.75,0.21,1
625.jpg,625,121.3474171,105.2278579,81.82529496,125.0,108.0,85,17.75843033,89.99537628,121.3474171,18,82,125.0,0.419474272,0.431743529,1104.78141,0.010291271,0.041254256,13.5995005,1.429798081,0.479758809,2.388464807,1.0810561,45.42365356,2.562686407,15.52890722,45.42365356,11.49622886,18.56155667,0.14525191,0.148468038,0.100461532,/Users/dharamkar.1/Library/CloudStorage/OneDrive-TheOhioStateUniversity/VSCode_image_processing_project/data/Step2_output/enhanced_sample_field/625.jpg,625,2.66,1.65,1
626.jpg,626,157.4114716,138.0276427,110.1144173,162.0,142.0,114,17.66954321,80.94610969,157.4125279,17,76,162.0,0.549545736,0.565895294,1522.262332,0.009214072,0.035635435,13.91239872,1.776564774,0.522905418,2.405399618,1.509762452,58.53078416,2.897767135,17.65723432,58.53078416,13.89972073,22.55768969,0.2589829,0.265236387,0.185356595,/Users/dharamkar.1/Library/CloudStorage/OneDrive-TheOhioStateUniversity/VSCode_image_processing_project/data/Step2_output/enhanced_sample_field/626.jpg,626,2.66,1.65,1
627.jpg,627,125.0807956,110.1307199,83.11252392,129.0,114.0,86,19.4236089,93.65196508,125.0807956,20,84,129.0,0.43670431,0.449952549,1242.793842,0.009414739,0.038349867,13.80571443,1.589496744,0.476730705,2.115835047,1.212592589,47.20062695,1.487260295,17.24388453,47.20062695,10.97189318,20.89656384,0.156250841,0.161729853,0.105026955,/Users/dharamkar.1/Library/CloudStorage/OneDrive-TheOhioStateUniversity/VSCode_image_processing_project/data/Step2_output/enhanced_sample_field/627.jpg,627,2.66,1.65,1
628.jpg,628,137.5131138,121.2687739,91.3094308,142.0,125.0,95,19.44489397,94.07555405,137.5131537,19,84,142.0,0.480629912,0.496981569,1604.933696,0.008409537,0.032676389,14.11035166,1.726047307,0.473292786,2.094705628,1.388369029,51.68239016,1.502648954,18.74760154,51.68239016,12.02224715,23.21182834,0.191727805,0.198633774,0.127888805,/Users/dharamkar.1/Library/CloudStorage/OneDrive-TheOhioStateUniversity/VSCode_image_processing_project/data/Step2_output/enhanced_sample_field/628.jpg,628,2.66,1.65,1
629.jpg,629,140.7334184,123.4828005,91.75910794,146.0,128.0,96,19.41003667,98.17699697,140.7339565,19,87,146.0,0.489652073,0.508746275,1720.494355,0.008077934,0.032742776,14.21824278,1.862465295,0.452233744,2.096782593,1.414837395,52.61366073,1.664766124,19.79709389,52.61366073,12.81749507,24.48644219,0.200036651,0.206946366,0.130079688,/Users/dharamkar.1/Library/CloudStorage/OneDrive-TheOhioStateUniversity/VSCode_image_processing_project/data/Step2_output/enhanced_sample_field/629.jpg,629,2.66,1.65,1
630.jpg,630,124.0954241,105.8816366,77.59956952,124.0,106.0,78,18.25898836,102.6056282,124.0954241,18,96,124.0,0.422403645,0.423037255,1432.065843,0.009582903,0.033586125,13.75736607,1.529296655,0.567066178,2.292093558,1.143840678,45.79926805,2.793681811,18.57240726,45.79926805,13.27638196,21.86762219,0.148288535,0.151208438,0.092681522,/Users/dharamkar.1/Library/CloudStorage/OneDrive-TheOhioStateUniversity/VSCode_image_processing_project/data/Step2_output/enhanced_sample_field/630.jpg,630,1.59,1.41,1
631.jpg,631,161.8573621,139.6770169,103.6690649,163.0,140.0,103,18.76076212,97.1711376,161.8630222,18,93,163.0,0.556055557,0.558543137,1912.409453,0.00826327,0.030121716,14.15989714,1.833376993,0.591598708,2.22418273,1.736668191,59.27139595,2.953085565,22.35249204,59.27139595,16.39160322,28.08541165,0.266845254,0.273222174,0.16873128,/Users/dharamkar.1/Library/CloudStorage/OneDrive-TheOhioStateUniversity/VSCode_image_processing_project/data/Step2_output/enhanced_sample_field/631.jpg,631,1.59,1.41,1
632.jpg,632,127.6969069,111.0614636,78.92633929,128.0,112.0,79,19.69987643,106.3840282,127.6969069,20,97,128.0,0.440311972,0.442950588,1716.555073,0.008599379,0.030926192,14.03677814,1.77673459,0.475916743,2.041703833,1.141540938,47.63931615,1.519547459,20.31446273,47.63931615,12.4666832,24.25940903,0.159565305,0.165121089,0.09727617,/Users/dharamkar.1/Library/CloudStorage/OneDrive-TheOhioStateUniversity/VSCode_image_processing_project/data/Step2_output/enhanced_sample_field/632.jpg,632,1.59,1.41,1
633.jpg,633,138.5627392,120.4731346,85.57138871,140.0,122.0,87,19.66342474,106.2021484,138.5627392,20,97,140.0,0.477650038,0.482151373,1992.396861,0.008056797,0.028298532,14.20969431,1.839894331,0.492717596,2.043079748,1.417835607,51.45541278,1.653206913,21.74872747,51.45541278,13.62479018,26.4256917,0.190108672,0.196642073,0.115055078,/Users/dharamkar.1/Library/CloudStorage/OneDrive-TheOhioStateUniversity/VSCode_image_processing_project/data/Step2_output/enhanced_sample_field/633.jpg,633,1.59,1.41,1
634.jpg,634,139.6425183,120.6228276,83.68455038,141.0,122.0,85,19.72201849,112.4205198,139.6425183,20,102,141.0,0.478436322,0.482954902,2224.185939,0.007622237,0.026415772,14.35095321,1.92050817,0.485766416,2.036945628,1.472794541,51.568953,1.798468452,22.99201012,51.568953,14.40629339,27.73394593,0.191349223,0.197636703,0.111273334,/Users/dharamkar.1/Library/CloudStorage/OneDrive-TheOhioStateUniversity/VSCode_image_processing_project/data/Step2_output/enhanced_sample_field/634.jpg,634,1.59,1.41,1
635.jpg,635,129.4834782,109.9112325,79.15252312,132.0,112.0,81,18.326989,103.522162,129.4834782,18,98,132.0,0.438637771,0.446551765,843.9178411,0.01186069,0.048073322,13.19842727,1.663991351,0.729947747,2.276659784,1.548608273,47.50172098,2.996053818,20.0329531,47.50172098,14.38375446,23.66308623,0.161103397,0.164052374,0.09742076,/Users/dharamkar.1/Library/CloudStorage/OneDrive-TheOhioStateUniversity/VSCode_image_processing_project/data/Step2_output/enhanced_sample_field/635.jpg,635,1.27,1.67,1
636.jpg,636,163.0525151,140.2905572,101.3086137,167.0,143.0,103,18.93779895,100.5358937,163.0548469,19,97,167.0,0.558105393,0.570307843,1239.547626,0.010006326,0.039701714,13.69556112,1.683845486,0.610530216,2.169765696,2.048801701,59.50743711,2.815093942,24.00212309,59.50743711,17.00720845,29.99251663,0.269001357,0.275800609,0.162943281,/Users/dharamkar.1/Library/CloudStorage/OneDrive-TheOhioStateUniversity/VSCode_image_processing_project/data/Step2_output/enhanced_sample_field/636.jpg,636,1.27,1.67,1
637.jpg,637,134.6222696,116.8163265,81.0562221,138.0,120.0,83,19.96490354,108.542889,134.6222696,20,101,138.0,0.462830533,0.474542353,1337.35458,0.009513995,0.037086561,13.79904295,1.706216355,0.577152179,2.004190258,1.618918073,49.97186441,1.480507646,22.29664373,49.97186441,13.50354639,26.76906473,0.177585086,0.183951065,0.104085927,/Users/dharamkar.1/Library/CloudStorage/OneDrive-TheOhioStateUniversity/VSCode_image_processing_project/data/Step2_output/enhanced_sample_field/637.jpg,637,1.27,1.67,1
638.jpg,638,146.3429129,127.1974649,88.27612803,150.0,131.0,91,20.08723294,107.4182876,146.3429129,20,100,150.0,0.503763311,0.517683529,1381.245436,0.009439937,0.036958064,13.84383065,1.754101579,0.575839046,1.989068655,1.840325064,54.11424986,1.50292011,23.86506255,54.11424986,14.59833411,29.18058907,0.213032808,0.220823306,0.124301124,/Users/dharamkar.1/Library/CloudStorage/OneDrive-TheOhioStateUniversity/VSCode_image_processing_project/data/Step2_output/enhanced_sample_field/638.jpg,638,1.27,1.67,1
639.jpg,639,144.490354,124.7274195,85.83942522,149.0,129.0,89,19.82479672,110.6841518,144.490354,20,102,149.0,0.494600858,0.510405882,1512.221953,0.009101735,0.035070117,13.93482252,1.69456314,0.56925663,2.0246472,1.896981035,53.21338513,1.812789687,24.02065654,53.21338513,15.03592066,29.11786157,0.205602118,0.21242044,0.117848297,/Users/dharamkar.1/Library/CloudStorage/OneDrive-TheOhioStateUniversity/VSCode_image_processing_project/data/Step2_output/enhanced_sample_field/639.jpg,639,1.27,1.67,1
640.jpg,640,109.5159239,93.62234933,70.51424984,110.0,94.0,71,17.73266103,96.11314174,109.5159239,18,91,110.0,0.373857412,0.377139216,847.373999,0.012267061,0.044081458,13.11777666,1.380856907,0.335056023,2.385187103,0.589973636,40.68936676,2.672125802,15.65684688,40.68936676,11.31714121,17.97772774,0.114614551,0.116716122,0.075272571,/Users/dharamkar.1/Library/CloudStorage/OneDrive-TheOhioStateUniversity/VSCode_image_processing_project/data/Step2_output/enhanced_sample_field/640.jpg,640,2.51,1.33,2
641.jpg,641,149.5715681,130.4421835,103.0601483,151.0,131.0,103,17.64209981,82.84470663,149.5766103,17,81,151.0,0.519736992,0.522758039,1177.105341,0.010398756,0.038676193,13.59179952,1.775483329,0.669107544,2.397719066,1.757767961,55.59171379,2.956070453,17.52055908,55.59171379,13.73264269,22.04853816,0.229918656,0.235079257,0.161704905,/Users/dharamkar.1/Library/CloudStorage/OneDrive-TheOhioStateUniversity/VSCode_image_processing_project/data/Step2_output/enhanced_sample_field/641.jpg,641,2.51,1.33,2
642.jpg,642,127.1780533,111.3623445,82.16412229,129.0,113.0,83,19.5013353,97.06997369,127.1780732,20,90,129.0,0.44163918,0.447437647,1404.972974,0.009530504,0.033650394,13.78384542,1.531613231,0.527354451,2.090627625,1.175168621,47.73427419,1.546722029,18.55171035,47.73427419,11.70480599,22.39131928,0.160324007,0.165861338,0.10370062,/Users/dharamkar.1/Library/CloudStorage/OneDrive-TheOhioStateUniversity/VSCode_image_processing_project/data/Step2_output/enhanced_sample_field/642.jpg,642,2.51,1.33,2
643.jpg,643,130.9233099,114.1699817,83.86385922,133.0,116.0,85,19.3187779,99.84494579,130.9234893,19,91,133.0,0.453117618,0.459868039,1750.040319,0.008661615,0.031828393,14.03246053,1.65434089,0.530801476,2.112826441,1.286393291,48.92200999,1.765048741,19.22152601,48.92200999,12.41085386,23.26485128,0.169797918,0.175308068,0.108465501,/Users/dharamkar.1/Library/CloudStorage/OneDrive-TheOhioStateUniversity/VSCode_image_processing_project/data/Step2_output/enhanced_sample_field/643.jpg,643,2.51,1.33,2
644.jpg,644,126.9659798,110.6390107,80.92235332,128.0,112.0,82,19.37155214,100.0338608,126.9660196,19,92,128.0,0.439082042,0.4449,1522.634609,0.009190609,0.031665946,13.86521386,1.577195408,0.534775714,2.106155012,1.201873959,47.48619467,1.708541344,18.93851032,47.48619467,12.08806728,22.73771694,0.158749261,0.16393207,0.100950889,/Users/dharamkar.1/Library/CloudStorage/OneDrive-TheOhioStateUniversity/VSCode_image_processing_project/data/Step2_output/enhanced_sample_field/644.jpg,644,2.51,1.33,2
645.jpg,645,115.1444117,95.9803691,67.13958865,115.0,96.0,67,17.98399633,112.3020169,115.1444117,18,106,115.0,0.38420905,0.383821569,952.8529188,0.011677238,0.04322891,13.27227276,1.592748404,0.508340609,2.333987149,0.787470759,41.8826801,3.3284233,19.36756509,41.8826801,13.98253505,21.87084365,0.122878746,0.124242999,0.070815264,/Users/dharamkar.1/Library/CloudStorage/OneDrive-TheOhioStateUniversity/VSCode_image_processing_project/data/Step2_output/enhanced_sample_field/645.jpg,645,2.77,3.96,2
646.jpg,646,150.8484534,128.3871373,95.50438457,152.0,128.0,95,17.99170918,97.57824458,150.8583586,18,96,152.0,0.512899296,0.513218431,1277.685338,0.010276003,0.03721748,13.65400946,1.853759607,0.776726003,2.359830161,1.916654067,55.01124859,3.646157133,21.05269114,55.01124859,16.43697808,25.86264168,0.225930331,0.22940743,0.141818644,/Users/dharamkar.1/Library/CloudStorage/OneDrive-TheOhioStateUniversity/VSCode_image_processing_project/data/Step2_output/enhanced_sample_field/646.jpg,646,2.77,3.96,2
647.jpg,647,119.8077567,101.7643495,69.57262436,120.0,102.0,69,19.19228316,114.9683913,119.8077567,19,107,120.0,0.405010001,0.404821176,1265.450252,0.009942329,0.037374085,13.68932396,1.831619893,0.480598563,2.128108129,1.054965843,44.05061273,2.292840271,20.87604587,44.05061273,13.45026906,24.00601481,0.135396404,0.138732548,0.076868483,/Users/dharamkar.1/Library/CloudStorage/OneDrive-TheOhioStateUniversity/VSCode_image_processing_project/data/Step2_output/enhanced_sample_field/647.jpg,647,2.77,3.96,2
648.jpg,648,133.7918527,113.9677535,78.04984455,134.0,114.0,78,19.26187819,114.355389,133.7918527,19,107,134.0,0.453296837,0.454930588,1631.122758,0.008839794,0.031693032,13.99326182,1.85515177,0.571430483,2.109003455,1.459931723,49.04441198,2.391007234,22.7831959,49.04441198,14.92037362,26.92066392,0.171893161,0.1763015,0.097125601,/Users/dharamkar.1/Library/CloudStorage/OneDrive-TheOhioStateUniversity/VSCode_image_processing_project/data/Step2_output/enhanced_sample_field/648.jpg,648,2.77,3.96,2
649.jpg,649,126.5738999,107.0491669,71.54980469,127.0,107.0,72,19.27389589,119.2253268,126.5742188,19,111,127.0,0.426033995,0.426683922,1433.600336,0.00934518,0.034067789,13.85049319,1.865206653,0.536754568,2.108663845,1.28452652,46.2683111,2.446132759,22.75495476,46.2683111,14.70535823,26.31277996,0.151072766,0.154677553,0.082422522,/Users/dharamkar.1/Library/CloudStorage/OneDrive-TheOhioStateUniversity/VSCode_image_processing_project/data/Step2_output/enhanced_sample_field/649.jpg,649,2.77,3.96,2
650.jpg,650,126.4819037,107.0996692,72.19329959,126.0,107.0,72,19.21586017,117.7196468,126.4819037,19,110,126.0,0.42628096,0.426110588,1483.201413,0.009312972,0.033269469,13.85750138,1.850304604,0.537470263,2.117348282,1.283760663,46.28425514,2.452541175,22.40286593,46.28425514,14.56367283,25.96406868,0.151198524,0.1547964,0.083536877,/Users/dharamkar.1/Library/CloudStorage/OneDrive-TheOhioStateUniversity/VSCode_image_processing_project/data/Step2_output/enhanced_sample_field/650.jpg,650,2.77,3.96,2
651.jpg,651,145.2138672,118.6754026,81.52800143,148.0,121.0,84,17.4405692,120.3439892,145.2138672,17,110,148.0,0.477005877,0.487366667,1676.966067,0.008752498,0.033884366,14.03822307,1.669842033,0.748837767,2.444214483,1.895623367,51.56336466,5.072379693,24.31432748,51.56336466,19.71552898,28.46659636,0.197786206,0.19758767,0.106585635,/Users/dharamkar.1/Library/CloudStorage/OneDrive-TheOhioStateUniversity/VSCode_image_processing_project/data/Step2_output/enhanced_sample_field/651.jpg,651,2.05,2.19,1
652.jpg,652,174.2719428,142.9546795,95.16677296,179.0,148.0,99,18.06455277,123.1615912,174.2725008,18,114,179.0,0.573192509,0.591247059,2205.190283,0.008122685,0.030077603,14.2445666,1.952628586,0.673919369,2.321021401,2.228292193,61.2134759,5.353269077,29.81739171,61.2134759,23.67930544,36.01419588,0.294058366,0.294920759,0.150068048,/Users/dharamkar.1/Library/CloudStorage/OneDrive-TheOhioStateUniversity/VSCode_image_processing_project/data/Step2_output/enhanced_sample_field/652.jpg,652,2.05,2.19,1
653.jpg,653,150.7706473,128.059371,89.72516741,153.0,131.0,92,18.76261559,110.4400909,150.7706473,19,102,153.0,0.510280867,0.520451373,1677.387012,0.008614314,0.033537217,14.07060102,1.781530093,0.642756887,2.193756044,1.810932543,54.80947612,3.083781437,24.04542985,54.80947612,17.02459969,29.19035665,0.222810918,0.227457455,0.128256186,/Users/dharamkar.1/Library/CloudStorage/OneDrive-TheOhioStateUniversity/VSCode_image_processing_project/data/Step2_output/enhanced_sample_field/653.jpg,653,2.05,2.19,1
654.jpg,654,155.8513433,131.2906569,89.08109455,159.0,134.0,92,18.92625957,116.671317,155.8513433,19,107,159.0,0.523398013,0.534701176,1688.217189,0.008553514,0.034954778,14.10130663,1.582174939,0.66757971,2.17306045,1.919704266,56.17544542,3.358300521,26.28681057,56.17544542,18.58117727,31.75081145,0.236440556,0.24087651,0.128703085,/Users/dharamkar.1/Library/CloudStorage/OneDrive-TheOhioStateUniversity/VSCode_image_processing_project/data/Step2_output/enhanced_sample_field/654.jpg,654,2.05,2.19,1
655.jpg,655,154.1734295,130.2095623,88.80895249,157.0,133.0,92,18.95615434,116.1772361,154.1734295,19,106,157.0,0.518889804,0.530809412,1865.913757,0.008264046,0.03363573,14.18150896,1.753996343,0.634453515,2.166929274,1.836314111,55.71267763,3.217674016,25.80394282,55.71267763,18.11083575,31.18537504,0.231656588,0.236272865,0.127467904,/Users/dharamkar.1/Library/CloudStorage/OneDrive-TheOhioStateUniversity/VSCode_image_processing_project/data/Step2_output/enhanced_sample_field/655.jpg,655,2.05,2.19,1
656.jpg,656,144.769332,123.34658,87.26536591,147.0,126.0,90,18.77130501,108.7418686,144.769332,19,100,147.0,0.491362585,0.500620392,1654.319146,0.008732407,0.033825224,14.03184357,1.830149582,0.633881921,2.195250037,1.749280527,52.88841981,2.890956081,22.79248213,52.88841981,15.99405586,27.55228589,0.204939991,0.209442446,0.120343109,/Users/dharamkar.1/Library/CloudStorage/OneDrive-TheOhioStateUniversity/VSCode_image_processing_project/data/Step2_output/enhanced_sample_field/656.jpg,656,2.05,2.19,1
657.jpg,657,135.2820671,110.9676539,73.60389429,140.0,115.0,77,18.09470663,125.9994619,135.2820671,18,115,140.0,0.444864861,0.460503922,1408.359025,0.009297769,0.036321793,13.88328534,1.679643933,0.758493465,2.323162706,1.78894479,48.29292936,4.263138374,24.37549381,48.29292936,18.2055932,28.0055371,0.16941207,0.170261194,0.088010103,/Users/dharamkar.1/Library/CloudStorage/OneDrive-TheOhioStateUniversity/VSCode_image_processing_project/data/Step2_output/enhanced_sample_field/657.jpg,657,1.75,10.81,1
658.jpg,658,174.8756776,146.9933634,101.1761001,181.0,153.0,106,18.75916773,114.2739756,174.8783681,19,106,181.0,0.586725217,0.609761569,1901.306354,0.008638484,0.031268588,14.10990355,2.096951208,0.565995654,2.242518873,1.988898013,62.43112945,4.032012759,28.13420127,62.43112945,21.02425903,34.74843889,0.304422717,0.309094616,0.16716285,/Users/dharamkar.1/Library/CloudStorage/OneDrive-TheOhioStateUniversity/VSCode_image_processing_project/data/Step2_output/enhanced_sample_field/658.jpg,658,1.75,10.81,1
659.jpg,659,134.2266821,116.3158482,82.77222178,138.0,120.0,86,19.47953205,105.7814892,134.2266821,19,96,138.0,0.46158198,0.476793333,1335.65573,0.009318672,0.036656949,13.84580276,1.899315157,0.54710335,2.074107596,1.589746772,49.82491401,1.812323275,21.11234256,49.82491401,13.42238937,25.43342231,0.17702357,0.182724564,0.107297175,/Users/dharamkar.1/Library/CloudStorage/OneDrive-TheOhioStateUniversity/VSCode_image_processing_project/data/Step2_output/enhanced_sample_field/659.jpg,659,1.75,10.81,1
660.jpg,660,150.1882972,130.2413504,92.32501594,155.0,135.0,97,19.59470663,106.1120057,150.1882972,20,96,155.0,0.516652192,0.53591451,1615.957739,0.008488715,0.032742612,14.10173842,1.96912075,0.507426817,2.059686694,1.774075568,55.3910429,1.919755278,23.34102128,55.3910429,15.062719,28.76426195,0.225734843,0.233108018,0.135073268,/Users/dharamkar.1/Library/CloudStorage/OneDrive-TheOhioStateUniversity/VSCode_image_processing_project/data/Step2_output/enhanced_sample_field/660.jpg,660,1.75,10.81,1
661.jpg,661,144.0292769,124.138054,86.53232621,149.0,129.0,90,19.54689493,110.37215,144.0293168,19,100,149.0,0.492759082,0.509832549,1556.966228,0.008697723,0.033765039,14.03800242,2.084433084,0.55574419,2.064393022,1.803978673,53.01863795,2.033262578,23.36545465,53.01863795,15.03782413,28.34910108,0.204332776,0.210632405,0.119037142,/Users/dharamkar.1/Library/CloudStorage/OneDrive-TheOhioStateUniversity/VSCode_image_processing_project/data/Step2_output/enhanced_sample_field/661.jpg,661,1.75,10.81,1
662.jpg,662,146.0523956,125.6463648,86.84970902,151.0,131.0,91,19.58625638,112.3901068,146.0523956,20,101,151.0,0.498766304,0.51824902,1663.460222,0.008472849,0.033122416,14.10536616,1.948553911,0.54426177,2.059630839,1.87639403,53.63628944,2.084360816,24.03489359,53.63628944,15.47002979,29.15928522,0.209936324,0.216338043,0.120520056,/Users/dharamkar.1/Library/CloudStorage/OneDrive-TheOhioStateUniversity/VSCode_image_processing_project/data/Step2_output/enhanced_sample_field/662.jpg,662,1.75,10.81,1
663.jpg,663,122.6851483,102.8245576,74.50635762,125.0,105.0,77,17.51351244,108.6372967,122.6851483,17,99,125.0,0.411777219,0.421065098,1102.813701,0.010069508,0.040709953,13.64574321,1.567394173,0.654570981,2.411980537,1.117289908,44.73823273,3.567007196,18.94719574,44.73823273,14.41735009,21.93476569,0.142096235,0.143553071,0.085888593,/Users/dharamkar.1/Library/CloudStorage/OneDrive-TheOhioStateUniversity/VSCode_image_processing_project/data/Step2_output/enhanced_sample_field/663.jpg,663,2.66,10.69,1
664.jpg,664,162.8016781,138.3559072,102.0320273,168.0,143.0,106,17.89170121,101.4542012,162.8024354,18,94,168.0,0.552673262,0.57004,1733.026465,0.008721064,0.032350884,14.05927315,1.859936131,0.580295246,2.364055488,1.859104707,58.97985267,3.878309883,22.8927718,58.97985267,17.99040194,28.46741545,0.266035686,0.2700597,0.163864465,/Users/dharamkar.1/Library/CloudStorage/OneDrive-TheOhioStateUniversity/VSCode_image_processing_project/data/Step2_output/enhanced_sample_field/664.jpg,664,2.66,10.69,1
665.jpg,665,115.5232581,98.5240354,72.85449219,118.0,101.0,75,18.06527025,101.228117,115.5232581,18,93,118.0,0.393276848,0.402328235,892.914558,0.011143029,0.042879501,13.36400716,1.506870231,0.503932439,2.333739723,0.928458485,42.75391954,2.730716281,17.14194066,42.75391954,12.26036226,19.86248338,0.127540579,0.129938116,0.081125069,/Users/dharamkar.1/Library/CloudStorage/OneDrive-TheOhioStateUniversity/VSCode_image_processing_project/data/Step2_output/enhanced_sample_field/665.jpg,665,2.66,10.69,1
666.jpg,666,132.5095265,116.605688,87.311364,135.0,119.0,90,19.46956712,93.36009247,132.5095663,20,86,135.0,0.46224758,0.472931373,1172.160474,0.009702074,0.037023212,13.73047063,1.59602885,0.538359163,2.092299615,1.41658713,49.82372403,1.504611734,18.46423993,49.82372403,11.75981483,22.62490922,0.176442361,0.182714654,0.116783879,/Users/dharamkar.1/Library/CloudStorage/OneDrive-TheOhioStateUniversity/VSCode_image_processing_project/data/Step2_output/enhanced_sample_field/666.jpg,666,2.66,10.69,1
667.jpg,667,129.4850128,113.5495257,83.80094069,133.0,117.0,87,19.54625717,97.07874283,129.4850526,20,88,133.0,0.450160564,0.462543529,1178.296945,0.00968414,0.038816475,13.72963053,1.627574781,0.55483787,2.078091387,1.34235007,48.60600343,1.495494917,18.80966192,48.60600343,11.82012019,22.81818932,0.166863463,0.172760583,0.107999466,/Users/dharamkar.1/Library/CloudStorage/OneDrive-TheOhioStateUniversity/VSCode_image_processing_project/data/Step2_output/enhanced_sample_field/667.jpg,667,2.66,10.69,1
668.jpg,668,129.470743,113.2277583,83.77588887,133.0,116.0,87,19.34410874,97.52840003,129.470743,19,89,133.0,0.449238874,0.461687451,1235.219431,0.009426852,0.037241446,13.80163898,1.644341329,0.547486279,2.11117114,1.363790641,48.51410492,1.672154394,18.70059256,48.51410492,12.00729923,22.6526213,0.166471382,0.172024404,0.107826758,/Users/dharamkar.1/Library/CloudStorage/OneDrive-TheOhioStateUniversity/VSCode_image_processing_project/data/Step2_output/enhanced_sample_field/668.jpg,668,2.66,10.69,1
669.jpg,669,128.3915617,105.0583745,67.97040418,131.0,107.0,70,18.34542411,129.7419085,128.3915617,18,119,131.0,0.420951506,0.429146275,1445.4372,0.009258418,0.034182174,13.85922053,1.696728064,0.679435854,2.276626632,1.371298479,45.84230617,4.008737988,24.29959824,45.84230617,17.5164572,27.42727936,0.15061536,0.151524571,0.075939263,/Users/dharamkar.1/Library/CloudStorage/OneDrive-TheOhioStateUniversity/VSCode_image_processing_project/data/Step2_output/enhanced_sample_field/669.jpg,669,1.59,3.65,1
670.jpg,670,170.597437,143.6076411,97.80151865,174.0,147.0,100,19.05811543,115.5296755,170.5990713,19,109,174.0,0.57270726,0.585376078,1930.399023,0.008393163,0.030506358,14.14990922,1.95723201,0.639465477,2.19095153,2.119804644,61.06313235,3.728269153,28.11538991,61.06313235,20.43353273,34.53581493,0.288168533,0.293201377,0.156443691,/Users/dharamkar.1/Library/CloudStorage/OneDrive-TheOhioStateUniversity/VSCode_image_processing_project/data/Step2_output/enhanced_sample_field/670.jpg,670,1.59,3.65,1
671.jpg,671,135.0893654,116.8716916,82.50851004,137.0,118.0,84,19.52642698,105.731246,135.0893654,19,98,137.0,0.463785733,0.469247843,1313.981783,0.009489838,0.035347182,13.77764279,1.934419897,0.555411448,2.064784302,1.514823992,50.05975802,1.832650122,21.59007721,50.05975802,13.68865325,25.97675771,0.178951008,0.184687273,0.107043597,/Users/dharamkar.1/Library/CloudStorage/OneDrive-TheOhioStateUniversity/VSCode_image_processing_project/data/Step2_output/enhanced_sample_field/671.jpg,671,1.59,3.65,1
672.jpg,672,145.0239158,124.3365354,85.97983099,147.0,126.0,88,19.41105309,111.8219866,145.0239158,19,103,147.0,0.49398857,0.501997255,1714.890655,0.008404997,0.030970003,14.10923889,1.946009901,0.600083026,2.086002352,1.749316077,53.16137079,2.281262043,23.88318964,53.16137079,15.64195725,28.87298181,0.206104511,0.211941893,0.118025643,/Users/dharamkar.1/Library/CloudStorage/OneDrive-TheOhioStateUniversity/VSCode_image_processing_project/data/Step2_output/enhanced_sample_field/672.jpg,672,1.59,3.65,1
673.jpg,673,145.2864517,124.3854233,85.51821588,148.0,127.0,88,19.43955277,113.3100287,145.2864517,19,104,148.0,0.494213985,0.503373333,1761.352859,0.008284414,0.030090407,14.14487528,1.869602321,0.577966007,2.081701419,1.792384796,53.19265924,2.311261919,24.18928387,53.19265924,15.8266088,29.19380586,0.206444047,0.21222967,0.11709188,/Users/dharamkar.1/Library/CloudStorage/OneDrive-TheOhioStateUniversity/VSCode_image_processing_project/data/Step2_output/enhanced_sample_field/673.jpg,673,1.59,3.65,1
674.jpg,674,123.5799386,100.6418407,63.4134646,126.0,103.0,65,18.50336814,132.8466996,123.5799386,19,123,126.0,0.403262826,0.413162353,1112.174548,0.010302577,0.040157521,13.56409213,1.607649732,0.717233708,2.246806907,1.303391836,44.02582568,3.93455585,24.49161413,44.02582568,17.26040785,27.18505926,0.137797956,0.138560825,0.067107486,/Users/dharamkar.1/Library/CloudStorage/OneDrive-TheOhioStateUniversity/VSCode_image_processing_project/data/Step2_output/enhanced_sample_field/674.jpg,674,1.27,4.31,1
675.jpg,675,172.1962891,145.5231186,99.19602997,177.0,149.0,101,19.65216438,114.8194754,172.2637317,19,111,177.0,0.579807781,0.59461098,1609.091928,0.008748502,0.035488759,14.04554225,2.039628494,0.62816279,2.303582372,2.078512022,61.74896622,3.497746123,28.27566258,61.74896622,20.22607656,34.88170051,0.295240697,0.301099408,0.161068389,/Users/dharamkar.1/Library/CloudStorage/OneDrive-TheOhioStateUniversity/VSCode_image_processing_project/data/Step2_output/enhanced_sample_field/675.jpg,675,1.27,4.31,1
676.jpg,676,126.6671915,110.1816606,76.99828603,129.0,113.0,79,19.96233259,105.9119699,126.6671915,20,98,129.0,0.436440449,0.446857255,980.1764694,0.010849299,0.041763828,13.40511313,1.78909417,0.553409246,1.999712775,1.262079206,47.25408022,1.333396345,20.90202644,47.25408022,12.4386007,24.83735872,0.156381863,0.16214056,0.09324736,/Users/dharamkar.1/Library/CloudStorage/OneDrive-TheOhioStateUniversity/VSCode_image_processing_project/data/Step2_output/enhanced_sample_field/676.jpg,676,1.27,4.31,1
677.jpg,677,139.505401,120.9130261,83.86930006,143.0,124.0,87,19.8888911,107.7557996,139.5054209,20,100,143.0,0.479188444,0.490798039,1202.549247,0.00974789,0.037221076,13.69551742,1.834097602,0.570024429,2.010199673,1.785612753,51.63882727,1.596148343,22.97645686,51.63882727,14.11766852,27.76939813,0.191542951,0.198250476,0.111759659,/Users/dharamkar.1/Library/CloudStorage/OneDrive-TheOhioStateUniversity/VSCode_image_processing_project/data/Step2_output/enhanced_sample_field/677.jpg,677,1.27,4.31,1
678.jpg,678,143.4311224,123.2383012,84.53344228,147.0,127.0,88,19.65228396,112.2199059,143.4313217,20,103,147.0,0.489171198,0.502294902,1551.288217,0.008888961,0.033883877,13.95579012,1.886178447,0.575724307,2.058481437,1.821255436,52.67775301,2.045999255,24.03594965,52.67775301,15.32938746,28.98713501,0.201366252,0.207526836,0.114400193,/Users/dharamkar.1/Library/CloudStorage/OneDrive-TheOhioStateUniversity/VSCode_image_processing_project/data/Step2_output/enhanced_sample_field/678.jpg,678,1.27,4.31,1
679.jpg,679,122.4038783,101.9417849,72.98529177,125.0,104.0,75,17.45027503,113.4025032,122.4038783,17,102,125.0,0.408636144,0.417143529,1418.839446,0.009184121,0.03526924,13.90444908,1.577625529,0.643194735,2.439402931,1.133405419,44.43293185,3.768663671,19.43031015,44.43293185,14.88535352,22.34122716,0.140313741,0.141399224,0.082891608,/Users/dharamkar.1/Library/CloudStorage/OneDrive-TheOhioStateUniversity/VSCode_image_processing_project/data/Step2_output/enhanced_sample_field/679.jpg,679,2.51,2.77,2
680.jpg,680,153.4121891,128.9273756,92.78669085,158.0,133.0,96,17.84911113,108.8728476,153.413644,18,100,158.0,0.515782961,0.531389804,1811.077715,0.008470767,0.03138141,14.13913825,1.926497617,0.640877204,2.36829266,1.937877722,55.36108739,4.087421376,23.09950757,55.36108739,18.09107068,28.07553174,0.230222711,0.232814706,0.135846064,/Users/dharamkar.1/Library/CloudStorage/OneDrive-TheOhioStateUniversity/VSCode_image_processing_project/data/Step2_output/enhanced_sample_field/680.jpg,680,2.51,2.77,2
681.jpg,681,124.6907685,109.368463,82.20589525,127.0,111.0,84,19.25530134,94.08113441,124.6908084,19,86,127.0,0.433984438,0.442109412,1259.318926,0.009599294,0.036219727,13.77324768,1.465635274,0.496871593,2.141564389,1.098640744,46.92945815,1.637189355,17.40192392,46.92945815,11.2321095,21.0016409,0.154513594,0.159657016,0.102892648,/Users/dharamkar.1/Library/CloudStorage/OneDrive-TheOhioStateUniversity/VSCode_image_processing_project/data/Step2_output/enhanced_sample_field/681.jpg,681,2.51,2.77,2
682.jpg,682,124.0460379,108.1098334,79.80398996,126.0,110.0,82,19.24820631,99.34337133,124.0473334,19,90,126.0,0.429236963,0.437622353,1387.629504,0.009248012,0.035441126,13.8611613,1.505807238,0.524150145,2.144681876,1.16195022,46.46354292,1.763487398,18.17012579,46.46354292,11.72771255,21.73736357,0.15133877,0.156137015,0.09765902,/Users/dharamkar.1/Library/CloudStorage/OneDrive-TheOhioStateUniversity/VSCode_image_processing_project/data/Step2_output/enhanced_sample_field/682.jpg,682,2.51,2.77,2
683.jpg,683,132.0981545,114.5729233,84.13853237,135.0,117.0,86,19.01060268,101.2692522,132.0981545,19,92,135.0,0.455304766,0.465326275,1602.581478,0.00865422,0.032690123,14.04045576,1.791314582,0.553623473,2.166082795,1.407033613,49.15556669,2.075038555,19.39558357,49.15556669,12.94286534,23.43287597,0.172190874,0.177206893,0.109269896,/Users/dharamkar.1/Library/CloudStorage/OneDrive-TheOhioStateUniversity/VSCode_image_processing_project/data/Step2_output/enhanced_sample_field/683.jpg,683,2.51,2.77,2
684.jpg,684,128.7547632,105.9455716,70.76136001,132.0,109.0,73,18.12629544,126.3526985,128.7547632,18,114,132.0,0.424532326,0.436706667,1592.932475,0.008558116,0.034115473,14.07194191,1.669150608,0.667796262,2.319685124,1.484806482,46.17383018,3.967933375,23.13058819,46.17383018,16.99673201,26.37365468,0.152945498,0.153974535,0.080858585,/Users/dharamkar.1/Library/CloudStorage/OneDrive-TheOhioStateUniversity/VSCode_image_processing_project/data/Step2_output/enhanced_sample_field/684.jpg,684,2.77,5.18,2
685.jpg,685,155.1537388,128.2024673,86.09390944,160.0,133.0,89,18.25711496,123.9842554,155.1538584,18,113,160.0,0.513308178,0.531330196,2167.628984,0.007645926,0.029972556,14.38789545,1.496046272,0.668269714,2.29559957,1.904273524,55.22607507,4.464015668,26.70298834,55.22607507,20.3011328,31.77044915,0.229767951,0.231495776,0.120794802,/Users/dharamkar.1/Library/CloudStorage/OneDrive-TheOhioStateUniversity/VSCode_image_processing_project/data/Step2_output/enhanced_sample_field/685.jpg,685,2.77,5.18,2
686.jpg,686,132.4157964,113.3373525,79.77543048,135.0,116.0,81,19.0805963,109.4635284,132.4162149,19,101,135.0,0.45086944,0.460012941,1428.706959,0.008884361,0.033976628,13.96340627,1.897421823,0.570812409,2.145699218,1.526406867,48.76187835,2.366177736,21.39577599,48.76187835,14.23693931,25.43637702,0.169636806,0.174014061,0.100090789,/Users/dharamkar.1/Library/CloudStorage/OneDrive-TheOhioStateUniversity/VSCode_image_processing_project/data/Step2_output/enhanced_sample_field/686.jpg,686,2.77,5.18,2
687.jpg,687,134.6902702,113.6327328,76.40975765,138.0,116.0,78,19.09215561,120.6320751,134.6915657,19,110,138.0,0.452641894,0.463636863,1676.396481,0.008142828,0.031674513,14.18431074,1.814627019,0.585252836,2.149745854,1.641979838,49.0141018,2.78318944,23.69783459,49.0141018,15.8769591,27.76917363,0.172370582,0.17605515,0.094006902,/Users/dharamkar.1/Library/CloudStorage/OneDrive-TheOhioStateUniversity/VSCode_image_processing_project/data/Step2_output/enhanced_sample_field/687.jpg,687,2.77,5.18,2
688.jpg,688,137.0113002,117.020727,81.58631617,139.0,119.0,83,19.1055684,111.4428412,137.0113002,19,103,139.0,0.465544717,0.473958039,1583.367253,0.008486319,0.032304287,14.08244205,1.823738249,0.5779799,2.138900468,1.600603024,50.27571919,2.465827446,22.43770365,50.27571919,14.98782029,26.78527183,0.181897039,0.186504528,0.105398609,/Users/dharamkar.1/Library/CloudStorage/OneDrive-TheOhioStateUniversity/VSCode_image_processing_project/data/Step2_output/enhanced_sample_field/688.jpg,688,2.77,5.18,2
689.jpg,689,135.0241749,114.3516223,77.70561623,138.0,117.0,80,19.09369021,117.858239,135.0242546,19,108,138.0,0.455303383,0.466397647,1543.132447,0.008452307,0.033140936,14.08990165,1.847266001,0.605627716,2.143003954,1.613420242,49.26931798,2.66776503,23.29739827,49.26931798,15.56247416,27.43765979,0.174175937,0.17813664,0.096713932,/Users/dharamkar.1/Library/CloudStorage/OneDrive-TheOhioStateUniversity/VSCode_image_processing_project/data/Step2_output/enhanced_sample_field/689.jpg,689,2.77,5.18,2
690.jpg,690,100.8808594,77.6149155,50.78312341,103.0,80.0,52,15.99143017,136.521026,100.8810188,16,126,103.0,0.316173947,0.323836471,947.2919803,0.01146022,0.043370875,13.2894805,1.540629798,0.373805038,2.787503694,0.527940955,34.78562643,5.944802588,19.60907662,34.78562643,16.65697941,20.02735269,0.086436585,0.083916715,0.042705469,/Users/dharamkar.1/Library/CloudStorage/OneDrive-TheOhioStateUniversity/VSCode_image_processing_project/data/Step2_output/enhanced_sample_field/690.jpg,690,2.05,27.75,1
691.jpg,691,167.6377152,131.6661153,95.0763911,172.0,135.0,97,15.30765705,118.9310427,167.6434949,15,111,172.0,0.535968475,0.549255686,2420.629104,0.007524404,0.026603604,14.43396009,1.808484117,0.833523371,3.06249257,2.010596691,57.58469913,8.838043097,25.01760153,57.58469913,26.29317293,29.5689489,0.263472344,0.255263422,0.143808998,/Users/dharamkar.1/Library/CloudStorage/OneDrive-TheOhioStateUniversity/VSCode_image_processing_project/data/Step2_output/enhanced_sample_field/691.jpg,691,2.05,27.75,1
692.jpg,692,142.3259526,123.4910914,97.40549267,147.0,128.0,102,17.39291693,90.0007374,142.3287428,17,79,147.0,0.492598932,0.511261176,2254.352438,0.007564523,0.02685876,14.40526805,1.597443917,0.475255449,2.496044409,1.271838786,52.88282234,3.100870243,16.94729588,52.88282234,13.47098525,21.02983431,0.205321203,0.209391396,0.143654961,/Users/dharamkar.1/Library/CloudStorage/OneDrive-TheOhioStateUniversity/VSCode_image_processing_project/data/Step2_output/enhanced_sample_field/692.jpg,692,2.05,27.75,1
693.jpg,693,145.3941127,123.9198422,97.28720902,151.0,129.0,102,16.55777663,94.86393893,145.3941127,17,83,151.0,0.496325144,0.51796549,2415.432395,0.007337023,0.0255413,14.48996506,1.577759056,0.530697806,2.64639257,1.271678084,53.29806812,4.1259574,17.63068807,53.29806812,15.29999709,21.67466564,0.211155084,0.213201087,0.143792776,/Users/dharamkar.1/Library/CloudStorage/OneDrive-TheOhioStateUniversity/VSCode_image_processing_project/data/Step2_output/enhanced_sample_field/693.jpg,693,2.05,27.75,1
694.jpg,694,145.9784957,122.2623565,93.08244978,152.0,128.0,98,16.50546078,104.6664142,145.978695,17,91,152.0,0.490973195,0.512339608,2708.36475,0.007047789,0.02503694,14.5954644,1.634415629,0.566792523,2.683221005,1.36710463,52.82373398,4.759673226,19.41117319,52.82373398,17.05797845,23.50109157,0.208217564,0.208853004,0.133066084,/Users/dharamkar.1/Library/CloudStorage/OneDrive-TheOhioStateUniversity/VSCode_image_processing_project/data/Step2_output/enhanced_sample_field/694.jpg,694,2.05,27.75,1
695.jpg,695,96.5946867,75.75783243,47.21595982,99.0,78.0,48,17.19064892,138.6760403,96.5946867,17,130,99.0,0.30638351,0.313233333,676.5359345,0.01362125,0.050777638,12.84887038,1.687660041,0.233272232,2.489108427,0.418760532,33.69423862,4.669127804,20.26877132,33.69423862,15.05115125,20.54697531,0.079721926,0.078622012,0.038090921,/Users/dharamkar.1/Library/CloudStorage/OneDrive-TheOhioStateUniversity/VSCode_image_processing_project/data/Step2_output/enhanced_sample_field/695.jpg,695,1.75,39.6,1
696.jpg,696,156.0214445,127.0203484,95.72094228,158.0,129.0,97,15.63871173,103.7830835,156.0250518,16,99,158.0,0.51343684,0.520695686,1398.661475,0.009563625,0.036604654,13.82480658,1.702737791,0.931604858,2.890862019,1.914477992,55.16965397,6.631949753,21.23309726,55.16965397,20.89125854,25.50528242,0.234053863,0.23094608,0.142208054,/Users/dharamkar.1/Library/CloudStorage/OneDrive-TheOhioStateUniversity/VSCode_image_processing_project/data/Step2_output/enhanced_sample_field/696.jpg,696,1.75,39.6,1
697.jpg,697,138.4468471,129.5533123,111.3443678,142.0,133.0,115,20.4009088,54.54838967,138.4657605,21,49,142.0,0.510314994,0.523108235,1594.872718,0.008905605,0.033355285,14.00390759,2.068195263,0.280636471,2.015812109,0.882615018,54.49484186,0.163017811,11.08862209,54.49484186,6.43040223,14.66446471,0.213665927,0.22443886,0.183407418,/Users/dharamkar.1/Library/CloudStorage/OneDrive-TheOhioStateUniversity/VSCode_image_processing_project/data/Step2_output/enhanced_sample_field/697.jpg,697,1.75,39.6,1
698.jpg,698,141.8853237,131.9861886,113.0349171,145.0,135.0,116,19.85728237,56.25283004,141.900012,19,51,145.0,0.520483797,0.53379451,1621.206738,0.008915376,0.0341118,14.00929383,1.878007408,0.318873623,2.069506656,0.947219407,55.51552154,0.437826339,11.59280494,55.51552154,7.109504623,15.32233437,0.223673529,0.234329498,0.189733548,/Users/dharamkar.1/Library/CloudStorage/OneDrive-TheOhioStateUniversity/VSCode_image_processing_project/data/Step2_output/enhanced_sample_field/698.jpg,698,1.75,39.6,1
699.jpg,699,132.0247927,121.3057836,102.9105748,136.0,126.0,107,19.05235571,62.81582828,132.0248724,19,55,136.0,0.479440308,0.496222745,1756.599696,0.008606192,0.032227651,14.0861032,1.875238938,0.343474215,2.179073662,0.914437703,51.42159483,0.908330437,11.586002,51.42159483,7.602130497,14.91107543,0.188376814,0.196346469,0.156023123,/Users/dharamkar.1/Library/CloudStorage/OneDrive-TheOhioStateUniversity/VSCode_image_processing_project/data/Step2_output/enhanced_sample_field/699.jpg,699,1.75,39.6,1
700.jpg,700,74.18981186,61.17111767,46.75737404,74.0,61.0,47,15.83946508,102.8796237,74.18985172,17,95,74.0,0.246660232,0.247206667,519.8443906,0.01482168,0.061462497,12.60550742,3.63364958,0.116352377,2.846950057,0.27445673,26.79926522,3.177233416,11.01147426,26.79926522,8.476398259,10.91560873,0.050248314,0.050226738,0.033677632,/Users/dharamkar.1/Library/CloudStorage/OneDrive-TheOhioStateUniversity/VSCode_image_processing_project/data/Step2_output/enhanced_sample_field/700.jpg,700,2.66,39.13,1
701.jpg,701,134.9686105,116.9338329,100.2692921,134.0,116.0,99,14.41061464,70.05841438,134.9686304,15,66,134.0,0.468881215,0.464544706,1418.748739,0.009295883,0.034973067,13.86935119,2.150211462,0.572651733,3.20160204,0.931960988,50.43046025,4.227037941,11.78584047,50.43046025,12.22110163,14.47997304,0.186534568,0.187813937,0.147641493,/Users/dharamkar.1/Library/CloudStorage/OneDrive-TheOhioStateUniversity/VSCode_image_processing_project/data/Step2_output/enhanced_sample_field/701.jpg,701,2.66,39.13,1
702.jpg,702,119.1054887,114.1543965,102.3897082,120.0,115.0,103,21.40601084,39.63504464,119.1093551,22,36,120.0,0.448463802,0.452587451,1332.521501,0.009138888,0.036668458,13.89749357,1.311425798,0.136077531,1.909471484,0.436527315,48.21739299,-0.295559075,7.205325594,48.21739299,3.588217827,9.46387314,0.16074243,0.16966179,0.150963293,/Users/dharamkar.1/Library/CloudStorage/OneDrive-TheOhioStateUniversity/VSCode_image_processing_project/data/Step2_output/enhanced_sample_field/702.jpg,702,2.66,39.13,1
703.jpg,703,129.4039581,123.9288106,111.1376953,131.0,125.0,112,21.20220823,40.27262038,129.4040378,21,36,131.0,0.486941333,0.491803137,1647.11493,0.008203264,0.032130727,14.17880515,1.519874325,0.136819435,1.869985204,0.473267937,52.11566331,-0.277875038,7.732659932,52.11566331,3.974611222,10.33828096,0.19189857,0.202472946,0.179715955,/Users/dharamkar.1/Library/CloudStorage/OneDrive-TheOhioStateUniversity/VSCode_image_processing_project/data/Step2_output/enhanced_sample_field/703.jpg,703,2.66,39.13,1
704.jpg,704,132.1202766,126.1524434,112.2673788,134.0,128.0,114,21.22486846,42.94038983,132.1296437,21,38,134.0,0.495762725,0.504275098,1805.292561,0.008069223,0.030800473,14.22150334,1.686886392,0.181799943,1.901231563,0.544707584,53.00644675,-0.274610365,8.37298231,53.00644675,4.34334338,11.20581606,0.19954002,0.210520808,0.18415286,/Users/dharamkar.1/Library/CloudStorage/OneDrive-TheOhioStateUniversity/VSCode_image_processing_project/data/Step2_output/enhanced_sample_field/704.jpg,704,2.66,39.13,1
705.jpg,705,91.2027264,71.01508689,43.21035953,92.0,72.0,44,17.27469308,143.0417132,91.2027264,17,134,92.0,0.287451919,0.291653333,720.7200512,0.013428099,0.04781661,12.86518124,1.865890989,0.213835398,2.472299984,0.437748641,31.62235689,4.601043265,19.93770808,31.62235689,14.4830159,19.69204885,0.070287547,0.069192447,0.03270458,/Users/dharamkar.1/Library/CloudStorage/OneDrive-TheOhioStateUniversity/VSCode_image_processing_project/data/Step2_output/enhanced_sample_field/705.jpg,705,1.59,29.25,1
706.jpg,706,147.082111,119.6149155,87.97973135,148.0,120.0,88,16.18728077,108.8127192,147.08524,16,103,148.0,0.483022736,0.484605882,1626.2292,0.00915684,0.031322006,13.93616217,1.787168766,0.909114171,2.741572614,1.812435322,52.12587944,6.102836797,21.41832992,52.12587944,19.91458405,25.32925269,0.204786375,0.202564062,0.120566782,/Users/dharamkar.1/Library/CloudStorage/OneDrive-TheOhioStateUniversity/VSCode_image_processing_project/data/Step2_output/enhanced_sample_field/706.jpg,706,1.59,29.25,1
707.jpg,707,123.7516741,113.3623246,95.1124442,125.0,114.0,96,19.37228954,64.19238281,123.7850167,19,59,125.0,0.448055863,0.452274902,1363.889114,0.009486945,0.035103823,13.82223509,1.784512446,0.348360093,2.160748571,0.80054336,48.24308004,0.839499421,11.60294314,48.24308004,7.385106394,14.66906161,0.162924894,0.169865466,0.132706632,/Users/dharamkar.1/Library/CloudStorage/OneDrive-TheOhioStateUniversity/VSCode_image_processing_project/data/Step2_output/enhanced_sample_field/707.jpg,707,1.59,29.25,1
708.jpg,708,138.3143734,129.99715,111.8870177,140.0,132.0,114,20.73118622,52.42020089,138.3144133,21,48,140.0,0.511603214,0.518941569,1660.767857,0.008776447,0.031448583,14.02491349,2.034608587,0.261904351,1.92847308,0.848874342,54.61869528,-0.053438446,10.94791157,54.61869528,6.062831311,14.53500009,0.214335822,0.225623899,0.185177768,/Users/dharamkar.1/Library/CloudStorage/OneDrive-TheOhioStateUniversity/VSCode_image_processing_project/data/Step2_output/enhanced_sample_field/708.jpg,708,1.59,29.25,1
709.jpg,709,141.5779456,132.4989836,113.5302934,144.0,135.0,116,20.39542809,54.90792411,141.5810348,20,50,144.0,0.521806355,0.530706275,1936.212924,0.008183858,0.02977525,14.20535832,1.871819066,0.258023859,1.98011779,0.892785693,55.64089337,0.104533453,11.48004648,55.64089337,6.593727994,15.24936158,0.224124018,0.235564049,0.191414434,/Users/dharamkar.1/Library/CloudStorage/OneDrive-TheOhioStateUniversity/VSCode_image_processing_project/data/Step2_output/enhanced_sample_field/709.jpg,709,1.59,29.25,1
710.jpg,710,119.5885882,107.5408761,90.13155692,121.0,109.0,91,17.83077567,67.97871492,119.5885882,17,62,121.0,0.426846286,0.431528235,1187.237688,0.01001101,0.037957816,13.66631313,2.279061974,0.388425399,2.397211534,0.72413014,46.08707008,1.705358988,11.48719367,46.08707008,8.386246348,14.18106205,0.148540229,0.153330845,0.118765803,/Users/dharamkar.1/Library/CloudStorage/OneDrive-TheOhioStateUniversity/VSCode_image_processing_project/data/Step2_output/enhanced_sample_field/710.jpg,710,1.59,29.25,1
711.jpg,711,116.5357741,100.7958586,76.55076132,117.0,101.0,77,18.1804249,94.75402583,116.5357741,18,87,117.0,0.401539291,0.404292549,1033.319447,0.010306243,0.041321152,13.58817794,1.493283331,0.399789654,2.307164391,0.836779254,43.57701834,2.338836422,16.07048977,43.57701834,11.3057703,18.926327,0.132316288,0.135475987,0.08854282,/Users/dharamkar.1/Library/CloudStorage/OneDrive-TheOhioStateUniversity/VSCode_image_processing_project/data/Step2_output/enhanced_sample_field/711.jpg,711,1.59,29.25,1
712.jpg,712,90.06411432,68.91262755,39.14128268,91.0,70.0,40,17.43054448,152.258251,90.06411432,17,144,91.0,0.279454135,0.283810196,557.9815423,0.014810928,0.057614333,12.59683775,2.005407743,0.174881684,2.44982219,0.4507665,30.80778485,4.934120032,21.35025128,30.80778485,15.28002761,20.52776644,0.067142611,0.065702259,0.02845734,/Users/dharamkar.1/Library/CloudStorage/OneDrive-TheOhioStateUniversity/VSCode_image_processing_project/data/Step2_output/enhanced_sample_field/712.jpg,712,1.27,29.5,1
713.jpg,713,151.4447345,121.9751475,86.01988999,153.0,123.0,87,16.51576451,115.9300662,151.4506537,16,110,153.0,0.492725728,0.497992549,1390.005225,0.009720872,0.035739059,13.77058413,1.827920866,0.908737767,2.674360953,2.149490737,53.17667215,6.394683561,24.00320942,53.17667215,21.68208825,28.19380578,0.214827437,0.212082595,0.117678303,/Users/dharamkar.1/Library/CloudStorage/OneDrive-TheOhioStateUniversity/VSCode_image_processing_project/data/Step2_output/enhanced_sample_field/713.jpg,713,1.27,29.5,1
714.jpg,714,115.0269452,95.25904815,68.59299267,117.0,97.0,70,17.21199378,110.1355827,115.0269452,17,102,117.0,0.382498446,0.389692549,891.8203475,0.011363195,0.044029175,13.33034448,1.701643322,0.544797619,2.490423722,0.78955177,41.69375526,3.890757271,18.25266872,41.69375526,14.23372085,20.6100031,0.12251168,0.123030406,0.072920257,/Users/dharamkar.1/Library/CloudStorage/OneDrive-TheOhioStateUniversity/VSCode_image_processing_project/data/Step2_output/enhanced_sample_field/714.jpg,714,1.27,29.5,1
715.jpg,715,132.6726921,121.089764,100.7211416,136.0,124.0,103,19.15023119,66.81080596,132.6790497,19,60,136.0,0.478755132,0.489786275,1511.803451,0.009128599,0.034465618,13.92635849,1.653014651,0.382768697,2.176185042,0.981847253,51.37175306,0.953081036,12.80079246,51.37175306,8.289616447,16.37219801,0.188047284,0.195911341,0.150277807,/Users/dharamkar.1/Library/CloudStorage/OneDrive-TheOhioStateUniversity/VSCode_image_processing_project/data/Step2_output/enhanced_sample_field/715.jpg,715,1.27,29.5,1
716.jpg,716,139.3312141,128.6717355,107.8797632,143.0,132.0,111,19.92753508,62.78358179,139.3473772,20,56,143.0,0.507599112,0.521724314,1667.197349,0.008827102,0.033382527,14.04310675,1.598670245,0.323064517,2.112900163,1.068439195,54.25158911,0.467485402,12.75777852,54.25158911,7.718591377,16.66238024,0.212101034,0.222123491,0.173198858,/Users/dharamkar.1/Library/CloudStorage/OneDrive-TheOhioStateUniversity/VSCode_image_processing_project/data/Step2_output/enhanced_sample_field/716.jpg,716,1.27,29.5,1
717.jpg,717,140.7761081,131.502571,111.8113441,144.0,135.0,115,20.50759327,56.9304249,140.7821867,21,51,144.0,0.517856706,0.530706275,1612.760991,0.008903006,0.033700072,14.00077358,1.925085913,0.28520491,1.978064291,0.96328643,55.25435976,0.070036002,11.91547573,55.25435976,6.764300695,15.7718084,0.22044276,0.231771675,0.185822287,/Users/dharamkar.1/Library/CloudStorage/OneDrive-TheOhioStateUniversity/VSCode_image_processing_project/data/Step2_output/enhanced_sample_field/717.jpg,717,1.27,29.5,1
718.jpg,718,127.1402065,118.5003986,100.649155,130.0,121.0,103,20.46069834,58.05106027,127.1508291,21,52,130.0,0.466859934,0.477768627,1320.973755,0.00963718,0.037459996,13.79737478,2.033031645,0.297299008,2.01435571,0.828884825,50.13385104,0.157893826,11.03884903,50.13385104,6.252151115,14.26919471,0.176423872,0.185309409,0.148659414,/Users/dharamkar.1/Library/CloudStorage/OneDrive-TheOhioStateUniversity/VSCode_image_processing_project/data/Step2_output/enhanced_sample_field/718.jpg,718,1.27,29.5,1
719.jpg,719,92.17711655,74.29611767,50.23975606,91.0,73.0,49,17.16031569,126.7069914,92.17711655,17,119,91.0,0.299456338,0.295054118,962.6153307,0.011720145,0.0437607,13.28854909,1.736309499,0.234512224,2.524560686,0.490317748,32.81972539,3.848285511,17.19799178,32.81972539,12.63384709,17.75126353,0.074810401,0.074543886,0.040887241,/Users/dharamkar.1/Library/CloudStorage/OneDrive-TheOhioStateUniversity/VSCode_image_processing_project/data/Step2_output/enhanced_sample_field/719.jpg,719,2.51,21.72,2
720.jpg,720,149.6128428,122.8057239,95.25579959,148.0,121.0,93,15.23905851,99.67309072,149.6131617,15,94,148.0,0.496140734,0.489375686,2255.36497,0.00823205,0.02962715,14.23752148,1.540194579,0.81698643,2.966991525,1.469231156,53.38128997,6.267988036,18.98032738,53.38128997,19.06835455,22.8083571,0.216429602,0.213970126,0.138744398,/Users/dharamkar.1/Library/CloudStorage/OneDrive-TheOhioStateUniversity/VSCode_image_processing_project/data/Step2_output/enhanced_sample_field/720.jpg,720,2.51,21.72,2
721.jpg,721,128.2566765,118.6588807,101.2496811,127.0,118.0,100,19.54161352,58.54671556,128.2602639,19,54,127.0,0.468404741,0.465691373,1677.602699,0.008931993,0.03449959,14.00990099,1.901146595,0.306656298,2.128426806,0.755469467,50.29485388,0.621346557,10.92774902,50.29485388,6.826244388,14.06562086,0.178580416,0.186666114,0.150349008,/Users/dharamkar.1/Library/CloudStorage/OneDrive-TheOhioStateUniversity/VSCode_image_processing_project/data/Step2_output/enhanced_sample_field/721.jpg,721,2.51,21.72,2
722.jpg,722,134.4405493,124.3919603,106.1497329,134.0,124.0,106,19.52266024,58.81431362,134.4478436,19,54,134.0,0.491027533,0.490054118,1871.198451,0.008505883,0.031873551,14.14820452,1.885843445,0.319563211,2.125952468,0.834941406,52.5781551,0.644381871,11.35329095,52.5781551,7.164200824,14.76461628,0.197678283,0.206625266,0.166195495,/Users/dharamkar.1/Library/CloudStorage/OneDrive-TheOhioStateUniversity/VSCode_image_processing_project/data/Step2_output/enhanced_sample_field/722.jpg,722,2.51,21.72,2
723.jpg,723,124.114497,115.9708426,99.71918846,124.0,116.0,99,20.17592076,55.48196349,124.1145568,20,50,124.0,0.456978921,0.456196471,1769.632988,0.008733933,0.033021149,14.07417859,1.87635347,0.251832664,2.021567995,0.637953717,49.12124134,0.226904951,10.12380442,49.12124134,5.83651363,13.05893266,0.168571923,0.176926972,0.145090423,/Users/dharamkar.1/Library/CloudStorage/OneDrive-TheOhioStateUniversity/VSCode_image_processing_project/data/Step2_output/enhanced_sample_field/723.jpg,723,2.51,21.72,2
724.jpg,724,130.4821429,120.1403061,101.3675861,130.0,120.0,101,19.43160077,63.38382892,130.4829401,19,57,130.0,0.474448758,0.473281569,2052.806474,0.008125349,0.030336263,14.26156898,1.734907314,0.307696106,2.118230361,0.772011597,50.91806493,0.699684781,11.76111594,50.91806493,7.388696362,15.11910901,0.183802417,0.191980074,0.1514036,/Users/dharamkar.1/Library/CloudStorage/OneDrive-TheOhioStateUniversity/VSCode_image_processing_project/data/Step2_output/enhanced_sample_field/724.jpg,724,2.51,21.72,2
725.jpg,725,87.86306202,70.00880899,45.71898916,88.0,70.0,45,17.23202328,132.2504385,87.86306202,17,124,88.0,0.282555066,0.281325098,802.2189902,0.012626613,0.04667853,13.03618983,1.844446104,0.189997019,2.499808231,0.422304867,30.98435411,3.924459907,17.50516516,30.98435411,12.58136497,17.56169855,0.066900648,0.066448597,0.034852932,/Users/dharamkar.1/Library/CloudStorage/OneDrive-TheOhioStateUniversity/VSCode_image_processing_project/data/Step2_output/enhanced_sample_field/725.jpg,725,2.77,27.98,2
726.jpg,726,151.0123565,123.0053412,92.55018335,152.0,123.0,92,15.67590083,106.540338,151.0149275,16,100,152.0,0.49710202,0.497739608,2258.684677,0.007892283,0.026514499,14.31483549,1.677208385,0.802702427,2.865165053,1.616688306,53.52599191,6.4031298,20.74734723,53.52599191,20.16071965,24.76523266,0.218047362,0.215311692,0.132562408,/Users/dharamkar.1/Library/CloudStorage/OneDrive-TheOhioStateUniversity/VSCode_image_processing_project/data/Step2_output/enhanced_sample_field/726.jpg,726,2.77,27.98,2
727.jpg,727,128.9174904,116.163066,95.71498326,131.0,118.0,97,18.54542012,73.27824059,128.9283921,18,66,131.0,0.460388527,0.466822353,2080.782551,0.007913709,0.027914397,14.28922737,1.733254044,0.369603317,2.288595754,0.85844602,49.53109464,1.460461895,13.11386457,49.53109464,9.055794948,16.47848621,0.174030709,0.180288614,0.135576817,/Users/dharamkar.1/Library/CloudStorage/OneDrive-TheOhioStateUniversity/VSCode_image_processing_project/data/Step2_output/enhanced_sample_field/727.jpg,727,2.77,27.98,2
728.jpg,728,133.04261,119.416474,97.19874043,135.0,121.0,99,18.62424267,75.79432398,133.0498645,18,69,135.0,0.473373056,0.48077451,1928.173006,0.00811928,0.029073587,14.22348831,1.632766628,0.417980905,2.30802055,0.96015494,50.86264645,1.528596235,14.15068683,50.86264645,9.74380023,17.82725015,0.184929955,0.191503501,0.140768907,/Users/dharamkar.1/Library/CloudStorage/OneDrive-TheOhioStateUniversity/VSCode_image_processing_project/data/Step2_output/enhanced_sample_field/728.jpg,728,2.77,27.98,2
729.jpg,729,135.069316,121.8487524,100.0120775,137.0,124.0,102,18.66408243,73.16882573,135.0699139,19,66,137.0,0.482681168,0.489786275,2077.944547,0.007889414,0.028425289,14.29421166,1.669263602,0.386568891,2.225004235,0.929398159,51.79137349,1.398368002,13.8295346,51.79137349,9.448605724,17.56507963,0.192445576,0.19959485,0.148950232,/Users/dharamkar.1/Library/CloudStorage/OneDrive-TheOhioStateUniversity/VSCode_image_processing_project/data/Step2_output/enhanced_sample_field/729.jpg,729,2.77,27.98,2
730.jpg,730,129.4255022,116.4089605,95.12131298,132.0,118.0,97,18.59546397,75.79878827,129.4257215,19,67,132.0,0.461333867,0.469307451,2150.608344,0.007816999,0.027382016,14.32560647,1.631525871,0.370750051,2.238705011,0.881526973,49.63497939,1.439583718,13.61264295,49.63497939,9.285008421,17.08116572,0.1748169,0.181147395,0.134279116,/Users/dharamkar.1/Library/CloudStorage/OneDrive-TheOhioStateUniversity/VSCode_image_processing_project/data/Step2_output/enhanced_sample_field/730.jpg,730,2.77,27.98,2
731.jpg,731,127.0421317,115.1398876,95.02519133,129.0,117.0,97,18.84006298,72.30970982,127.0421317,19,64,129.0,0.455760176,0.462603137,1995.1043,0.007886213,0.028908266,14.28811392,1.713618892,0.339551743,2.200806712,0.828698877,49.0513664,1.164264397,12.82565584,49.0513664,8.482372182,16.14239066,0.16971976,0.176358056,0.133393896,/Users/dharamkar.1/Library/CloudStorage/OneDrive-TheOhioStateUniversity/VSCode_image_processing_project/data/Step2_output/enhanced_sample_field/731.jpg,731,2.77,27.98,2
