image_path,image_no,soc,moisture,soil_type
/Users/dharamkar.1/Library/CloudStorage/OneDrive-TheOhioStateUniversity/VSCode_image_processing_project/data/Step2_output/enhanced_sample_field/1.jpg,1,1.17,12.26,1
/Users/dharamkar.1/Library/CloudStorage/OneDrive-TheOhioStateUniversity/VSCode_image_processing_project/data/Step2_output/enhanced_sample_field/2.jpg,2,7.76,78.27,1
/Users/dharamkar.1/Library/CloudStorage/OneDrive-TheOhioStateUniversity/VSCode_image_processing_project/data/Step2_output/enhanced_sample_field/3.jpg,3,3.34,68.36,1
/Users/dharamkar.1/Library/CloudStorage/OneDrive-TheOhioStateUniversity/VSCode_image_processing_project/data/Step2_output/enhanced_sample_field/4.jpg,4,3.34,68.36,1
/Users/dharamkar.1/Library/CloudStorage/OneDrive-TheOhioStateUniversity/VSCode_image_processing_project/data/Step2_output/enhanced_sample_field/5.jpg,5,3.34,68.36,1
/Users/dharamkar.1/Library/CloudStorage/OneDrive-TheOhioStateUniversity/VSCode_image_processing_project/data/Step2_output/enhanced_sample_field/6.jpg,6,1.22,13.5,1
/Users/dharamkar.1/Library/CloudStorage/OneDrive-TheOhioStateUniversity/VSCode_image_processing_project/data/Step2_output/enhanced_sample_field/7.jpg,7,1.22,13.5,1
/Users/dharamkar.1/Library/CloudStorage/OneDrive-TheOhioStateUniversity/VSCode_image_processing_project/data/Step2_output/enhanced_sample_field/8.jpg,8,3.68,75.84,1
/Users/dharamkar.1/Library/CloudStorage/OneDrive-TheOhioStateUniversity/VSCode_image_processing_project/data/Step2_output/enhanced_sample_field/9.jpg,9,3.68,75.84,1
/Users/dharamkar.1/Library/CloudStorage/OneDrive-TheOhioStateUniversity/VSCode_image_processing_project/data/Step2_output/enhanced_sample_field/10.jpg,10,4.43,69.63,1
/Users/dharamkar.1/Library/CloudStorage/OneDrive-TheOhioStateUniversity/VSCode_image_processing_project/data/Step2_output/enhanced_sample_field/11.jpg,11,4.43,69.63,1
/Users/dharamkar.1/Library/CloudStorage/OneDrive-TheOhioStateUniversity/VSCode_image_processing_project/data/Step2_output/enhanced_sample_field/12.jpg,12,5.34,86.86,1
/Users/dharamkar.1/Library/CloudStorage/OneDrive-TheOhioStateUniversity/VSCode_image_processing_project/data/Step2_output/enhanced_sample_field/13.jpg,13,5.34,86.86,1
/Users/dharamkar.1/Library/CloudStorage/OneDrive-TheOhioStateUniversity/VSCode_image_processing_project/data/Step2_output/enhanced_sample_field/14.jpg,14,5.34,86.86,1
/Users/dharamkar.1/Library/CloudStorage/OneDrive-TheOhioStateUniversity/VSCode_image_processing_project/data/Step2_output/enhanced_sample_field/15.jpg,15,0.99,4.13,1
/Users/dharamkar.1/Library/CloudStorage/OneDrive-TheOhioStateUniversity/VSCode_image_processing_project/data/Step2_output/enhanced_sample_field/16.jpg,16,0.99,4.13,1
/Users/dharamkar.1/Library/CloudStorage/OneDrive-TheOhioStateUniversity/VSCode_image_processing_project/data/Step2_output/enhanced_sample_field/17.jpg,17,1.31,34.31,1
/Users/dharamkar.1/Library/CloudStorage/OneDrive-TheOhioStateUniversity/VSCode_image_processing_project/data/Step2_output/enhanced_sample_field/18.jpg,18,1.31,34.31,1
/Users/dharamkar.1/Library/CloudStorage/OneDrive-TheOhioStateUniversity/VSCode_image_processing_project/data/Step2_output/enhanced_sample_field/19.jpg,19,1.31,34.31,1
/Users/dharamkar.1/Library/CloudStorage/OneDrive-TheOhioStateUniversity/VSCode_image_processing_project/data/Step2_output/enhanced_sample_field/20.jpg,20,1.38,0.0,1
/Users/dharamkar.1/Library/CloudStorage/OneDrive-TheOhioStateUniversity/VSCode_image_processing_project/data/Step2_output/enhanced_sample_field/21.jpg,21,1.38,0.0,1
/Users/dharamkar.1/Library/CloudStorage/OneDrive-TheOhioStateUniversity/VSCode_image_processing_project/data/Step2_output/enhanced_sample_field/22.jpg,22,1.48,0.0,1
/Users/dharamkar.1/Library/CloudStorage/OneDrive-TheOhioStateUniversity/VSCode_image_processing_project/data/Step2_output/enhanced_sample_field/23.jpg,23,1.48,0.0,1
/Users/dharamkar.1/Library/CloudStorage/OneDrive-TheOhioStateUniversity/VSCode_image_processing_project/data/Step2_output/enhanced_sample_field/24.jpg,24,1.48,0.0,1
/Users/dharamkar.1/Library/CloudStorage/OneDrive-TheOhioStateUniversity/VSCode_image_processing_project/data/Step2_output/enhanced_sample_field/25.jpg,25,2.12,0.0,1
/Users/dharamkar.1/Library/CloudStorage/OneDrive-TheOhioStateUniversity/VSCode_image_processing_project/data/Step2_output/enhanced_sample_field/26.jpg,26,2.12,0.0,1
/Users/dharamkar.1/Library/CloudStorage/OneDrive-TheOhioStateUniversity/VSCode_image_processing_project/data/Step2_output/enhanced_sample_field/27.jpg,27,2.12,0.0,1
/Users/dharamkar.1/Library/CloudStorage/OneDrive-TheOhioStateUniversity/VSCode_image_processing_project/data/Step2_output/enhanced_sample_field/28.jpg,28,1.32,0.0,1
/Users/dharamkar.1/Library/CloudStorage/OneDrive-TheOhioStateUniversity/VSCode_image_processing_project/data/Step2_output/enhanced_sample_field/29.jpg,29,1.32,0.0,1
/Users/dharamkar.1/Library/CloudStorage/OneDrive-TheOhioStateUniversity/VSCode_image_processing_project/data/Step2_output/enhanced_sample_field/30.jpg,30,1.32,0.0,1
/Users/dharamkar.1/Library/CloudStorage/OneDrive-TheOhioStateUniversity/VSCode_image_processing_project/data/Step2_output/enhanced_sample_field/31.jpg,31,2.2,0.0,1
/Users/dharamkar.1/Library/CloudStorage/OneDrive-TheOhioStateUniversity/VSCode_image_processing_project/data/Step2_output/enhanced_sample_field/32.jpg,32,2.2,0.0,1
/Users/dharamkar.1/Library/CloudStorage/OneDrive-TheOhioStateUniversity/VSCode_image_processing_project/data/Step2_output/enhanced_sample_field/33.jpg,33,2.2,0.0,1
/Users/dharamkar.1/Library/CloudStorage/OneDrive-TheOhioStateUniversity/VSCode_image_processing_project/data/Step2_output/enhanced_sample_field/34.jpg,34,1.49,0.0,1
/Users/dharamkar.1/Library/CloudStorage/OneDrive-TheOhioStateUniversity/VSCode_image_processing_project/data/Step2_output/enhanced_sample_field/35.jpg,35,1.49,0.0,1
/Users/dharamkar.1/Library/CloudStorage/OneDrive-TheOhioStateUniversity/VSCode_image_processing_project/data/Step2_output/enhanced_sample_field/36.jpg,36,1.49,0.0,1
/Users/dharamkar.1/Library/CloudStorage/OneDrive-TheOhioStateUniversity/VSCode_image_processing_project/data/Step2_output/enhanced_sample_field/37.jpg,37,6.72,0.0,1
/Users/dharamkar.1/Library/CloudStorage/OneDrive-TheOhioStateUniversity/VSCode_image_processing_project/data/Step2_output/enhanced_sample_field/38.jpg,38,6.72,0.0,1
/Users/dharamkar.1/Library/CloudStorage/OneDrive-TheOhioStateUniversity/VSCode_image_processing_project/data/Step2_output/enhanced_sample_field/39.jpg,39,6.72,0.0,1
/Users/dharamkar.1/Library/CloudStorage/OneDrive-TheOhioStateUniversity/VSCode_image_processing_project/data/Step2_output/enhanced_sample_field/40.jpg,40,1.18,0.0,1
/Users/dharamkar.1/Library/CloudStorage/OneDrive-TheOhioStateUniversity/VSCode_image_processing_project/data/Step2_output/enhanced_sample_field/41.jpg,41,1.18,0.0,1
/Users/dharamkar.1/Library/CloudStorage/OneDrive-TheOhioStateUniversity/VSCode_image_processing_project/data/Step2_output/enhanced_sample_field/42.jpg,42,1.18,0.0,1
/Users/dharamkar.1/Library/CloudStorage/OneDrive-TheOhioStateUniversity/VSCode_image_processing_project/data/Step2_output/enhanced_sample_field/43.jpg,43,3.11,0.0,1
/Users/dharamkar.1/Library/CloudStorage/OneDrive-TheOhioStateUniversity/VSCode_image_processing_project/data/Step2_output/enhanced_sample_field/44.jpg,44,3.11,0.0,1
/Users/dharamkar.1/Library/CloudStorage/OneDrive-TheOhioStateUniversity/VSCode_image_processing_project/data/Step2_output/enhanced_sample_field/45.jpg,45,3.11,0.0,1
/Users/dharamkar.1/Library/CloudStorage/OneDrive-TheOhioStateUniversity/VSCode_image_processing_project/data/Step2_output/enhanced_sample_field/46.jpg,46,1.38,46.78,1
/Users/dharamkar.1/Library/CloudStorage/OneDrive-TheOhioStateUniversity/VSCode_image_processing_project/data/Step2_output/enhanced_sample_field/47.jpg,47,1.38,46.78,1
/Users/dharamkar.1/Library/CloudStorage/OneDrive-TheOhioStateUniversity/VSCode_image_processing_project/data/Step2_output/enhanced_sample_field/48.jpg,48,1.48,46.5,1
/Users/dharamkar.1/Library/CloudStorage/OneDrive-TheOhioStateUniversity/VSCode_image_processing_project/data/Step2_output/enhanced_sample_field/49.jpg,49,1.48,46.5,1
/Users/dharamkar.1/Library/CloudStorage/OneDrive-TheOhioStateUniversity/VSCode_image_processing_project/data/Step2_output/enhanced_sample_field/50.jpg,50,2.12,51.14,1
/Users/dharamkar.1/Library/CloudStorage/OneDrive-TheOhioStateUniversity/VSCode_image_processing_project/data/Step2_output/enhanced_sample_field/51.jpg,51,1.32,48.55,1
/Users/dharamkar.1/Library/CloudStorage/OneDrive-TheOhioStateUniversity/VSCode_image_processing_project/data/Step2_output/enhanced_sample_field/52.jpg,52,1.32,48.55,1
/Users/dharamkar.1/Library/CloudStorage/OneDrive-TheOhioStateUniversity/VSCode_image_processing_project/data/Step2_output/enhanced_sample_field/53.jpg,53,2.2,51.05,1
/Users/dharamkar.1/Library/CloudStorage/OneDrive-TheOhioStateUniversity/VSCode_image_processing_project/data/Step2_output/enhanced_sample_field/54.jpg,54,2.2,51.05,1
/Users/dharamkar.1/Library/CloudStorage/OneDrive-TheOhioStateUniversity/VSCode_image_processing_project/data/Step2_output/enhanced_sample_field/55.jpg,55,1.49,39.76,1
/Users/dharamkar.1/Library/CloudStorage/OneDrive-TheOhioStateUniversity/VSCode_image_processing_project/data/Step2_output/enhanced_sample_field/56.jpg,56,1.49,39.76,1
/Users/dharamkar.1/Library/CloudStorage/OneDrive-TheOhioStateUniversity/VSCode_image_processing_project/data/Step2_output/enhanced_sample_field/57.jpg,57,6.72,53.32,1
/Users/dharamkar.1/Library/CloudStorage/OneDrive-TheOhioStateUniversity/VSCode_image_processing_project/data/Step2_output/enhanced_sample_field/58.jpg,58,6.72,53.32,1
/Users/dharamkar.1/Library/CloudStorage/OneDrive-TheOhioStateUniversity/VSCode_image_processing_project/data/Step2_output/enhanced_sample_field/59.jpg,59,1.18,48.3,1
/Users/dharamkar.1/Library/CloudStorage/OneDrive-TheOhioStateUniversity/VSCode_image_processing_project/data/Step2_output/enhanced_sample_field/60.jpg,60,1.18,48.3,1
/Users/dharamkar.1/Library/CloudStorage/OneDrive-TheOhioStateUniversity/VSCode_image_processing_project/data/Step2_output/enhanced_sample_field/61.jpg,61,3.11,58.85,1
/Users/dharamkar.1/Library/CloudStorage/OneDrive-TheOhioStateUniversity/VSCode_image_processing_project/data/Step2_output/enhanced_sample_field/62.jpg,62,3.11,58.85,1
/Users/dharamkar.1/Library/CloudStorage/OneDrive-TheOhioStateUniversity/VSCode_image_processing_project/data/Step2_output/enhanced_sample_field/63.jpg,63,3.11,58.85,1
/Users/dharamkar.1/Library/CloudStorage/OneDrive-TheOhioStateUniversity/VSCode_image_processing_project/data/Step2_output/enhanced_sample_field/64.jpg,64,1.38,6.86,1
/Users/dharamkar.1/Library/CloudStorage/OneDrive-TheOhioStateUniversity/VSCode_image_processing_project/data/Step2_output/enhanced_sample_field/65.jpg,65,1.38,6.86,1
/Users/dharamkar.1/Library/CloudStorage/OneDrive-TheOhioStateUniversity/VSCode_image_processing_project/data/Step2_output/enhanced_sample_field/66.jpg,66,1.48,7.21,1
/Users/dharamkar.1/Library/CloudStorage/OneDrive-TheOhioStateUniversity/VSCode_image_processing_project/data/Step2_output/enhanced_sample_field/67.jpg,67,1.48,7.21,1
/Users/dharamkar.1/Library/CloudStorage/OneDrive-TheOhioStateUniversity/VSCode_image_processing_project/data/Step2_output/enhanced_sample_field/68.jpg,68,2.12,12.83,1
/Users/dharamkar.1/Library/CloudStorage/OneDrive-TheOhioStateUniversity/VSCode_image_processing_project/data/Step2_output/enhanced_sample_field/69.jpg,69,2.12,12.83,1
/Users/dharamkar.1/Library/CloudStorage/OneDrive-TheOhioStateUniversity/VSCode_image_processing_project/data/Step2_output/enhanced_sample_field/70.jpg,70,1.32,7.34,1
/Users/dharamkar.1/Library/CloudStorage/OneDrive-TheOhioStateUniversity/VSCode_image_processing_project/data/Step2_output/enhanced_sample_field/71.jpg,71,1.32,7.34,1
/Users/dharamkar.1/Library/CloudStorage/OneDrive-TheOhioStateUniversity/VSCode_image_processing_project/data/Step2_output/enhanced_sample_field/72.jpg,72,2.2,10.52,1
/Users/dharamkar.1/Library/CloudStorage/OneDrive-TheOhioStateUniversity/VSCode_image_processing_project/data/Step2_output/enhanced_sample_field/73.jpg,73,2.2,10.52,1
/Users/dharamkar.1/Library/CloudStorage/OneDrive-TheOhioStateUniversity/VSCode_image_processing_project/data/Step2_output/enhanced_sample_field/74.jpg,74,1.49,8.04,1
/Users/dharamkar.1/Library/CloudStorage/OneDrive-TheOhioStateUniversity/VSCode_image_processing_project/data/Step2_output/enhanced_sample_field/75.jpg,75,1.49,8.04,1
/Users/dharamkar.1/Library/CloudStorage/OneDrive-TheOhioStateUniversity/VSCode_image_processing_project/data/Step2_output/enhanced_sample_field/76.jpg,76,1.49,8.04,1
/Users/dharamkar.1/Library/CloudStorage/OneDrive-TheOhioStateUniversity/VSCode_image_processing_project/data/Step2_output/enhanced_sample_field/77.jpg,77,6.72,12.25,1
/Users/dharamkar.1/Library/CloudStorage/OneDrive-TheOhioStateUniversity/VSCode_image_processing_project/data/Step2_output/enhanced_sample_field/78.jpg,78,6.72,12.25,1
/Users/dharamkar.1/Library/CloudStorage/OneDrive-TheOhioStateUniversity/VSCode_image_processing_project/data/Step2_output/enhanced_sample_field/79.jpg,79,6.72,12.25,1
/Users/dharamkar.1/Library/CloudStorage/OneDrive-TheOhioStateUniversity/VSCode_image_processing_project/data/Step2_output/enhanced_sample_field/80.jpg,80,1.18,7.07,1
/Users/dharamkar.1/Library/CloudStorage/OneDrive-TheOhioStateUniversity/VSCode_image_processing_project/data/Step2_output/enhanced_sample_field/81.jpg,81,1.18,7.07,1
/Users/dharamkar.1/Library/CloudStorage/OneDrive-TheOhioStateUniversity/VSCode_image_processing_project/data/Step2_output/enhanced_sample_field/82.jpg,82,1.18,7.07,1
/Users/dharamkar.1/Library/CloudStorage/OneDrive-TheOhioStateUniversity/VSCode_image_processing_project/data/Step2_output/enhanced_sample_field/83.jpg,83,3.11,14.96,1
/Users/dharamkar.1/Library/CloudStorage/OneDrive-TheOhioStateUniversity/VSCode_image_processing_project/data/Step2_output/enhanced_sample_field/84.jpg,84,3.11,14.96,1
/Users/dharamkar.1/Library/CloudStorage/OneDrive-TheOhioStateUniversity/VSCode_image_processing_project/data/Step2_output/enhanced_sample_field/85.jpg,85,3.11,14.96,1
/Users/dharamkar.1/Library/CloudStorage/OneDrive-TheOhioStateUniversity/VSCode_image_processing_project/data/Step2_output/enhanced_sample_field/86.jpg,86,1.38,2.73,1
/Users/dharamkar.1/Library/CloudStorage/OneDrive-TheOhioStateUniversity/VSCode_image_processing_project/data/Step2_output/enhanced_sample_field/87.jpg,87,1.38,2.73,1
/Users/dharamkar.1/Library/CloudStorage/OneDrive-TheOhioStateUniversity/VSCode_image_processing_project/data/Step2_output/enhanced_sample_field/88.jpg,88,1.48,5.1,1
/Users/dharamkar.1/Library/CloudStorage/OneDrive-TheOhioStateUniversity/VSCode_image_processing_project/data/Step2_output/enhanced_sample_field/89.jpg,89,1.48,5.1,1
/Users/dharamkar.1/Library/CloudStorage/OneDrive-TheOhioStateUniversity/VSCode_image_processing_project/data/Step2_output/enhanced_sample_field/90.jpg,90,1.48,5.1,1
/Users/dharamkar.1/Library/CloudStorage/OneDrive-TheOhioStateUniversity/VSCode_image_processing_project/data/Step2_output/enhanced_sample_field/91.jpg,91,2.12,5.56,1
/Users/dharamkar.1/Library/CloudStorage/OneDrive-TheOhioStateUniversity/VSCode_image_processing_project/data/Step2_output/enhanced_sample_field/92.jpg,92,2.12,5.56,1
/Users/dharamkar.1/Library/CloudStorage/OneDrive-TheOhioStateUniversity/VSCode_image_processing_project/data/Step2_output/enhanced_sample_field/93.jpg,93,1.32,2.37,1
/Users/dharamkar.1/Library/CloudStorage/OneDrive-TheOhioStateUniversity/VSCode_image_processing_project/data/Step2_output/enhanced_sample_field/94.jpg,94,1.32,2.37,1
/Users/dharamkar.1/Library/CloudStorage/OneDrive-TheOhioStateUniversity/VSCode_image_processing_project/data/Step2_output/enhanced_sample_field/95.jpg,95,2.2,4.33,1
/Users/dharamkar.1/Library/CloudStorage/OneDrive-TheOhioStateUniversity/VSCode_image_processing_project/data/Step2_output/enhanced_sample_field/96.jpg,96,2.2,4.33,1
/Users/dharamkar.1/Library/CloudStorage/OneDrive-TheOhioStateUniversity/VSCode_image_processing_project/data/Step2_output/enhanced_sample_field/97.jpg,97,1.49,2.79,1
/Users/dharamkar.1/Library/CloudStorage/OneDrive-TheOhioStateUniversity/VSCode_image_processing_project/data/Step2_output/enhanced_sample_field/98.jpg,98,1.49,2.79,1
/Users/dharamkar.1/Library/CloudStorage/OneDrive-TheOhioStateUniversity/VSCode_image_processing_project/data/Step2_output/enhanced_sample_field/99.jpg,99,6.72,5.68,1
/Users/dharamkar.1/Library/CloudStorage/OneDrive-TheOhioStateUniversity/VSCode_image_processing_project/data/Step2_output/enhanced_sample_field/100.jpg,100,6.72,5.68,1
/Users/dharamkar.1/Library/CloudStorage/OneDrive-TheOhioStateUniversity/VSCode_image_processing_project/data/Step2_output/enhanced_sample_field/101.jpg,101,1.18,3.91,1
/Users/dharamkar.1/Library/CloudStorage/OneDrive-TheOhioStateUniversity/VSCode_image_processing_project/data/Step2_output/enhanced_sample_field/102.jpg,102,1.18,3.91,1
/Users/dharamkar.1/Library/CloudStorage/OneDrive-TheOhioStateUniversity/VSCode_image_processing_project/data/Step2_output/enhanced_sample_field/103.jpg,103,1.18,3.91,1
/Users/dharamkar.1/Library/CloudStorage/OneDrive-TheOhioStateUniversity/VSCode_image_processing_project/data/Step2_output/enhanced_sample_field/104.jpg,104,3.11,10.48,1
/Users/dharamkar.1/Library/CloudStorage/OneDrive-TheOhioStateUniversity/VSCode_image_processing_project/data/Step2_output/enhanced_sample_field/105.jpg,105,3.11,10.48,1
/Users/dharamkar.1/Library/CloudStorage/OneDrive-TheOhioStateUniversity/VSCode_image_processing_project/data/Step2_output/enhanced_sample_field/106.jpg,106,3.11,10.48,1
/Users/dharamkar.1/Library/CloudStorage/OneDrive-TheOhioStateUniversity/VSCode_image_processing_project/data/Step2_output/enhanced_sample_field/107.jpg,107,1.38,0.75,1
/Users/dharamkar.1/Library/CloudStorage/OneDrive-TheOhioStateUniversity/VSCode_image_processing_project/data/Step2_output/enhanced_sample_field/108.jpg,108,1.38,0.75,1
/Users/dharamkar.1/Library/CloudStorage/OneDrive-TheOhioStateUniversity/VSCode_image_processing_project/data/Step2_output/enhanced_sample_field/109.jpg,109,1.38,0.75,1
/Users/dharamkar.1/Library/CloudStorage/OneDrive-TheOhioStateUniversity/VSCode_image_processing_project/data/Step2_output/enhanced_sample_field/110.jpg,110,1.48,0.71,1
/Users/dharamkar.1/Library/CloudStorage/OneDrive-TheOhioStateUniversity/VSCode_image_processing_project/data/Step2_output/enhanced_sample_field/111.jpg,111,1.48,0.71,1
/Users/dharamkar.1/Library/CloudStorage/OneDrive-TheOhioStateUniversity/VSCode_image_processing_project/data/Step2_output/enhanced_sample_field/112.jpg,112,1.48,0.71,1
/Users/dharamkar.1/Library/CloudStorage/OneDrive-TheOhioStateUniversity/VSCode_image_processing_project/data/Step2_output/enhanced_sample_field/113.jpg,113,1.48,0.71,1
/Users/dharamkar.1/Library/CloudStorage/OneDrive-TheOhioStateUniversity/VSCode_image_processing_project/data/Step2_output/enhanced_sample_field/114.jpg,114,2.12,0.85,1
/Users/dharamkar.1/Library/CloudStorage/OneDrive-TheOhioStateUniversity/VSCode_image_processing_project/data/Step2_output/enhanced_sample_field/115.jpg,115,2.12,0.85,1
/Users/dharamkar.1/Library/CloudStorage/OneDrive-TheOhioStateUniversity/VSCode_image_processing_project/data/Step2_output/enhanced_sample_field/116.jpg,116,1.32,0.69,1
/Users/dharamkar.1/Library/CloudStorage/OneDrive-TheOhioStateUniversity/VSCode_image_processing_project/data/Step2_output/enhanced_sample_field/117.jpg,117,1.32,0.69,1
/Users/dharamkar.1/Library/CloudStorage/OneDrive-TheOhioStateUniversity/VSCode_image_processing_project/data/Step2_output/enhanced_sample_field/118.jpg,118,1.32,0.69,1
/Users/dharamkar.1/Library/CloudStorage/OneDrive-TheOhioStateUniversity/VSCode_image_processing_project/data/Step2_output/enhanced_sample_field/119.jpg,119,2.2,0.87,1
/Users/dharamkar.1/Library/CloudStorage/OneDrive-TheOhioStateUniversity/VSCode_image_processing_project/data/Step2_output/enhanced_sample_field/120.jpg,120,2.2,0.87,1
/Users/dharamkar.1/Library/CloudStorage/OneDrive-TheOhioStateUniversity/VSCode_image_processing_project/data/Step2_output/enhanced_sample_field/121.jpg,121,2.2,0.87,1
/Users/dharamkar.1/Library/CloudStorage/OneDrive-TheOhioStateUniversity/VSCode_image_processing_project/data/Step2_output/enhanced_sample_field/122.jpg,122,1.49,0.62,1
/Users/dharamkar.1/Library/CloudStorage/OneDrive-TheOhioStateUniversity/VSCode_image_processing_project/data/Step2_output/enhanced_sample_field/123.jpg,123,1.49,0.62,1
/Users/dharamkar.1/Library/CloudStorage/OneDrive-TheOhioStateUniversity/VSCode_image_processing_project/data/Step2_output/enhanced_sample_field/124.jpg,124,1.49,0.62,1
/Users/dharamkar.1/Library/CloudStorage/OneDrive-TheOhioStateUniversity/VSCode_image_processing_project/data/Step2_output/enhanced_sample_field/125.jpg,125,6.72,1.03,1
/Users/dharamkar.1/Library/CloudStorage/OneDrive-TheOhioStateUniversity/VSCode_image_processing_project/data/Step2_output/enhanced_sample_field/126.jpg,126,6.72,1.03,1
/Users/dharamkar.1/Library/CloudStorage/OneDrive-TheOhioStateUniversity/VSCode_image_processing_project/data/Step2_output/enhanced_sample_field/127.jpg,127,6.72,1.03,1
/Users/dharamkar.1/Library/CloudStorage/OneDrive-TheOhioStateUniversity/VSCode_image_processing_project/data/Step2_output/enhanced_sample_field/128.jpg,128,1.18,0.68,1
/Users/dharamkar.1/Library/CloudStorage/OneDrive-TheOhioStateUniversity/VSCode_image_processing_project/data/Step2_output/enhanced_sample_field/129.jpg,129,1.18,0.68,1
/Users/dharamkar.1/Library/CloudStorage/OneDrive-TheOhioStateUniversity/VSCode_image_processing_project/data/Step2_output/enhanced_sample_field/130.jpg,130,1.18,0.68,1
/Users/dharamkar.1/Library/CloudStorage/OneDrive-TheOhioStateUniversity/VSCode_image_processing_project/data/Step2_output/enhanced_sample_field/131.jpg,131,3.11,0.98,1
/Users/dharamkar.1/Library/CloudStorage/OneDrive-TheOhioStateUniversity/VSCode_image_processing_project/data/Step2_output/enhanced_sample_field/132.jpg,132,3.11,0.98,1
/Users/dharamkar.1/Library/CloudStorage/OneDrive-TheOhioStateUniversity/VSCode_image_processing_project/data/Step2_output/enhanced_sample_field/133.jpg,133,3.11,0.98,1
/Users/dharamkar.1/Library/CloudStorage/OneDrive-TheOhioStateUniversity/VSCode_image_processing_project/data/Step2_output/enhanced_sample_field/134.jpg,134,1.38,19.4,1
/Users/dharamkar.1/Library/CloudStorage/OneDrive-TheOhioStateUniversity/VSCode_image_processing_project/data/Step2_output/enhanced_sample_field/135.jpg,135,1.38,19.4,1
/Users/dharamkar.1/Library/CloudStorage/OneDrive-TheOhioStateUniversity/VSCode_image_processing_project/data/Step2_output/enhanced_sample_field/136.jpg,136,1.48,19.86,1
/Users/dharamkar.1/Library/CloudStorage/OneDrive-TheOhioStateUniversity/VSCode_image_processing_project/data/Step2_output/enhanced_sample_field/137.jpg,137,1.48,19.86,1
/Users/dharamkar.1/Library/CloudStorage/OneDrive-TheOhioStateUniversity/VSCode_image_processing_project/data/Step2_output/enhanced_sample_field/138.jpg,138,1.48,19.86,1
/Users/dharamkar.1/Library/CloudStorage/OneDrive-TheOhioStateUniversity/VSCode_image_processing_project/data/Step2_output/enhanced_sample_field/139.jpg,139,2.12,5.03,1
/Users/dharamkar.1/Library/CloudStorage/OneDrive-TheOhioStateUniversity/VSCode_image_processing_project/data/Step2_output/enhanced_sample_field/140.jpg,140,2.12,5.03,1
/Users/dharamkar.1/Library/CloudStorage/OneDrive-TheOhioStateUniversity/VSCode_image_processing_project/data/Step2_output/enhanced_sample_field/141.jpg,141,2.12,5.03,1
/Users/dharamkar.1/Library/CloudStorage/OneDrive-TheOhioStateUniversity/VSCode_image_processing_project/data/Step2_output/enhanced_sample_field/142.jpg,142,1.32,1.81,1
/Users/dharamkar.1/Library/CloudStorage/OneDrive-TheOhioStateUniversity/VSCode_image_processing_project/data/Step2_output/enhanced_sample_field/143.jpg,143,1.32,1.81,1
/Users/dharamkar.1/Library/CloudStorage/OneDrive-TheOhioStateUniversity/VSCode_image_processing_project/data/Step2_output/enhanced_sample_field/144.jpg,144,1.32,1.81,1
/Users/dharamkar.1/Library/CloudStorage/OneDrive-TheOhioStateUniversity/VSCode_image_processing_project/data/Step2_output/enhanced_sample_field/145.jpg,145,2.2,4.12,1
/Users/dharamkar.1/Library/CloudStorage/OneDrive-TheOhioStateUniversity/VSCode_image_processing_project/data/Step2_output/enhanced_sample_field/146.jpg,146,2.2,4.12,1
/Users/dharamkar.1/Library/CloudStorage/OneDrive-TheOhioStateUniversity/VSCode_image_processing_project/data/Step2_output/enhanced_sample_field/147.jpg,147,2.2,4.12,1
/Users/dharamkar.1/Library/CloudStorage/OneDrive-TheOhioStateUniversity/VSCode_image_processing_project/data/Step2_output/enhanced_sample_field/148.jpg,148,1.49,2.36,1
/Users/dharamkar.1/Library/CloudStorage/OneDrive-TheOhioStateUniversity/VSCode_image_processing_project/data/Step2_output/enhanced_sample_field/149.jpg,149,1.49,2.36,1
/Users/dharamkar.1/Library/CloudStorage/OneDrive-TheOhioStateUniversity/VSCode_image_processing_project/data/Step2_output/enhanced_sample_field/150.jpg,150,6.72,25.64,1
/Users/dharamkar.1/Library/CloudStorage/OneDrive-TheOhioStateUniversity/VSCode_image_processing_project/data/Step2_output/enhanced_sample_field/151.jpg,151,6.72,25.64,1
/Users/dharamkar.1/Library/CloudStorage/OneDrive-TheOhioStateUniversity/VSCode_image_processing_project/data/Step2_output/enhanced_sample_field/152.jpg,152,6.72,25.64,1
/Users/dharamkar.1/Library/CloudStorage/OneDrive-TheOhioStateUniversity/VSCode_image_processing_project/data/Step2_output/enhanced_sample_field/153.jpg,153,1.18,22.42,1
/Users/dharamkar.1/Library/CloudStorage/OneDrive-TheOhioStateUniversity/VSCode_image_processing_project/data/Step2_output/enhanced_sample_field/154.jpg,154,1.18,22.42,1
/Users/dharamkar.1/Library/CloudStorage/OneDrive-TheOhioStateUniversity/VSCode_image_processing_project/data/Step2_output/enhanced_sample_field/155.jpg,155,1.18,22.42,1
/Users/dharamkar.1/Library/CloudStorage/OneDrive-TheOhioStateUniversity/VSCode_image_processing_project/data/Step2_output/enhanced_sample_field/156.jpg,156,3.11,23.27,1
/Users/dharamkar.1/Library/CloudStorage/OneDrive-TheOhioStateUniversity/VSCode_image_processing_project/data/Step2_output/enhanced_sample_field/157.jpg,157,3.11,23.27,1
/Users/dharamkar.1/Library/CloudStorage/OneDrive-TheOhioStateUniversity/VSCode_image_processing_project/data/Step2_output/enhanced_sample_field/158.jpg,158,3.11,23.27,1
/Users/dharamkar.1/Library/CloudStorage/OneDrive-TheOhioStateUniversity/VSCode_image_processing_project/data/Step2_output/enhanced_sample_field/159.jpg,159,1.38,3.03,1
/Users/dharamkar.1/Library/CloudStorage/OneDrive-TheOhioStateUniversity/VSCode_image_processing_project/data/Step2_output/enhanced_sample_field/160.jpg,160,1.38,3.03,1
/Users/dharamkar.1/Library/CloudStorage/OneDrive-TheOhioStateUniversity/VSCode_image_processing_project/data/Step2_output/enhanced_sample_field/161.jpg,161,1.38,3.03,1
/Users/dharamkar.1/Library/CloudStorage/OneDrive-TheOhioStateUniversity/VSCode_image_processing_project/data/Step2_output/enhanced_sample_field/162.jpg,162,1.48,2.6,1
/Users/dharamkar.1/Library/CloudStorage/OneDrive-TheOhioStateUniversity/VSCode_image_processing_project/data/Step2_output/enhanced_sample_field/163.jpg,163,1.48,2.6,1
/Users/dharamkar.1/Library/CloudStorage/OneDrive-TheOhioStateUniversity/VSCode_image_processing_project/data/Step2_output/enhanced_sample_field/164.jpg,164,1.48,2.6,1
/Users/dharamkar.1/Library/CloudStorage/OneDrive-TheOhioStateUniversity/VSCode_image_processing_project/data/Step2_output/enhanced_sample_field/165.jpg,165,2.12,5.03,1
/Users/dharamkar.1/Library/CloudStorage/OneDrive-TheOhioStateUniversity/VSCode_image_processing_project/data/Step2_output/enhanced_sample_field/166.jpg,166,2.12,5.03,1
/Users/dharamkar.1/Library/CloudStorage/OneDrive-TheOhioStateUniversity/VSCode_image_processing_project/data/Step2_output/enhanced_sample_field/167.jpg,167,2.12,5.03,1
/Users/dharamkar.1/Library/CloudStorage/OneDrive-TheOhioStateUniversity/VSCode_image_processing_project/data/Step2_output/enhanced_sample_field/168.jpg,168,1.32,1.81,1
/Users/dharamkar.1/Library/CloudStorage/OneDrive-TheOhioStateUniversity/VSCode_image_processing_project/data/Step2_output/enhanced_sample_field/169.jpg,169,1.32,1.81,1
/Users/dharamkar.1/Library/CloudStorage/OneDrive-TheOhioStateUniversity/VSCode_image_processing_project/data/Step2_output/enhanced_sample_field/170.jpg,170,1.32,1.81,1
/Users/dharamkar.1/Library/CloudStorage/OneDrive-TheOhioStateUniversity/VSCode_image_processing_project/data/Step2_output/enhanced_sample_field/171.jpg,171,2.2,4.12,1
/Users/dharamkar.1/Library/CloudStorage/OneDrive-TheOhioStateUniversity/VSCode_image_processing_project/data/Step2_output/enhanced_sample_field/172.jpg,172,2.2,4.12,1
/Users/dharamkar.1/Library/CloudStorage/OneDrive-TheOhioStateUniversity/VSCode_image_processing_project/data/Step2_output/enhanced_sample_field/173.jpg,173,2.2,4.12,1
/Users/dharamkar.1/Library/CloudStorage/OneDrive-TheOhioStateUniversity/VSCode_image_processing_project/data/Step2_output/enhanced_sample_field/174.jpg,174,1.49,2.36,1
/Users/dharamkar.1/Library/CloudStorage/OneDrive-TheOhioStateUniversity/VSCode_image_processing_project/data/Step2_output/enhanced_sample_field/175.jpg,175,1.49,2.36,1
/Users/dharamkar.1/Library/CloudStorage/OneDrive-TheOhioStateUniversity/VSCode_image_processing_project/data/Step2_output/enhanced_sample_field/176.jpg,176,1.49,2.36,1
/Users/dharamkar.1/Library/CloudStorage/OneDrive-TheOhioStateUniversity/VSCode_image_processing_project/data/Step2_output/enhanced_sample_field/177.jpg,177,6.72,7.26,1
/Users/dharamkar.1/Library/CloudStorage/OneDrive-TheOhioStateUniversity/VSCode_image_processing_project/data/Step2_output/enhanced_sample_field/178.jpg,178,6.72,7.26,1
/Users/dharamkar.1/Library/CloudStorage/OneDrive-TheOhioStateUniversity/VSCode_image_processing_project/data/Step2_output/enhanced_sample_field/179.jpg,179,6.72,7.26,1
/Users/dharamkar.1/Library/CloudStorage/OneDrive-TheOhioStateUniversity/VSCode_image_processing_project/data/Step2_output/enhanced_sample_field/180.jpg,180,1.18,3.23,1
/Users/dharamkar.1/Library/CloudStorage/OneDrive-TheOhioStateUniversity/VSCode_image_processing_project/data/Step2_output/enhanced_sample_field/181.jpg,181,1.18,3.23,1
/Users/dharamkar.1/Library/CloudStorage/OneDrive-TheOhioStateUniversity/VSCode_image_processing_project/data/Step2_output/enhanced_sample_field/182.jpg,182,1.18,3.23,1
/Users/dharamkar.1/Library/CloudStorage/OneDrive-TheOhioStateUniversity/VSCode_image_processing_project/data/Step2_output/enhanced_sample_field/183.jpg,183,3.11,4.43,1
/Users/dharamkar.1/Library/CloudStorage/OneDrive-TheOhioStateUniversity/VSCode_image_processing_project/data/Step2_output/enhanced_sample_field/184.jpg,184,3.11,4.43,1
/Users/dharamkar.1/Library/CloudStorage/OneDrive-TheOhioStateUniversity/VSCode_image_processing_project/data/Step2_output/enhanced_sample_field/185.jpg,185,3.11,4.43,1
/Users/dharamkar.1/Library/CloudStorage/OneDrive-TheOhioStateUniversity/VSCode_image_processing_project/data/Step2_output/enhanced_sample_field/186.jpg,186,1.38,0.82,1
/Users/dharamkar.1/Library/CloudStorage/OneDrive-TheOhioStateUniversity/VSCode_image_processing_project/data/Step2_output/enhanced_sample_field/187.jpg,187,1.38,0.82,1
/Users/dharamkar.1/Library/CloudStorage/OneDrive-TheOhioStateUniversity/VSCode_image_processing_project/data/Step2_output/enhanced_sample_field/188.jpg,188,1.48,0.74,1
/Users/dharamkar.1/Library/CloudStorage/OneDrive-TheOhioStateUniversity/VSCode_image_processing_project/data/Step2_output/enhanced_sample_field/189.jpg,189,2.12,0.85,1
/Users/dharamkar.1/Library/CloudStorage/OneDrive-TheOhioStateUniversity/VSCode_image_processing_project/data/Step2_output/enhanced_sample_field/190.jpg,190,2.12,0.85,1
/Users/dharamkar.1/Library/CloudStorage/OneDrive-TheOhioStateUniversity/VSCode_image_processing_project/data/Step2_output/enhanced_sample_field/191.jpg,191,1.32,0.74,1
/Users/dharamkar.1/Library/CloudStorage/OneDrive-TheOhioStateUniversity/VSCode_image_processing_project/data/Step2_output/enhanced_sample_field/192.jpg,192,1.32,0.74,1
/Users/dharamkar.1/Library/CloudStorage/OneDrive-TheOhioStateUniversity/VSCode_image_processing_project/data/Step2_output/enhanced_sample_field/193.jpg,193,2.2,0.91,1
/Users/dharamkar.1/Library/CloudStorage/OneDrive-TheOhioStateUniversity/VSCode_image_processing_project/data/Step2_output/enhanced_sample_field/194.jpg,194,2.2,0.91,1
/Users/dharamkar.1/Library/CloudStorage/OneDrive-TheOhioStateUniversity/VSCode_image_processing_project/data/Step2_output/enhanced_sample_field/195.jpg,195,2.2,0.91,1
/Users/dharamkar.1/Library/CloudStorage/OneDrive-TheOhioStateUniversity/VSCode_image_processing_project/data/Step2_output/enhanced_sample_field/196.jpg,196,1.49,0.67,1
/Users/dharamkar.1/Library/CloudStorage/OneDrive-TheOhioStateUniversity/VSCode_image_processing_project/data/Step2_output/enhanced_sample_field/197.jpg,197,1.49,0.67,1
/Users/dharamkar.1/Library/CloudStorage/OneDrive-TheOhioStateUniversity/VSCode_image_processing_project/data/Step2_output/enhanced_sample_field/198.jpg,198,6.72,0.99,1
/Users/dharamkar.1/Library/CloudStorage/OneDrive-TheOhioStateUniversity/VSCode_image_processing_project/data/Step2_output/enhanced_sample_field/199.jpg,199,6.72,0.99,1
/Users/dharamkar.1/Library/CloudStorage/OneDrive-TheOhioStateUniversity/VSCode_image_processing_project/data/Step2_output/enhanced_sample_field/200.jpg,200,6.72,0.99,1
/Users/dharamkar.1/Library/CloudStorage/OneDrive-TheOhioStateUniversity/VSCode_image_processing_project/data/Step2_output/enhanced_sample_field/201.jpg,201,6.72,0.99,1
/Users/dharamkar.1/Library/CloudStorage/OneDrive-TheOhioStateUniversity/VSCode_image_processing_project/data/Step2_output/enhanced_sample_field/202.jpg,202,1.18,0.76,1
/Users/dharamkar.1/Library/CloudStorage/OneDrive-TheOhioStateUniversity/VSCode_image_processing_project/data/Step2_output/enhanced_sample_field/203.jpg,203,1.18,0.76,1
/Users/dharamkar.1/Library/CloudStorage/OneDrive-TheOhioStateUniversity/VSCode_image_processing_project/data/Step2_output/enhanced_sample_field/204.jpg,204,3.11,0.84,1
/Users/dharamkar.1/Library/CloudStorage/OneDrive-TheOhioStateUniversity/VSCode_image_processing_project/data/Step2_output/enhanced_sample_field/205.jpg,205,3.11,0.84,1
/Users/dharamkar.1/Library/CloudStorage/OneDrive-TheOhioStateUniversity/VSCode_image_processing_project/data/Step2_output/enhanced_sample_field/206.jpg,206,2.05,13.26,2
/Users/dharamkar.1/Library/CloudStorage/OneDrive-TheOhioStateUniversity/VSCode_image_processing_project/data/Step2_output/enhanced_sample_field/207.jpg,207,2.05,13.26,2
/Users/dharamkar.1/Library/CloudStorage/OneDrive-TheOhioStateUniversity/VSCode_image_processing_project/data/Step2_output/enhanced_sample_field/208.jpg,208,2.05,13.26,2
/Users/dharamkar.1/Library/CloudStorage/OneDrive-TheOhioStateUniversity/VSCode_image_processing_project/data/Step2_output/enhanced_sample_field/209.jpg,209,2.05,13.26,2
/Users/dharamkar.1/Library/CloudStorage/OneDrive-TheOhioStateUniversity/VSCode_image_processing_project/data/Step2_output/enhanced_sample_field/210.jpg,210,2.05,13.26,2
/Users/dharamkar.1/Library/CloudStorage/OneDrive-TheOhioStateUniversity/VSCode_image_processing_project/data/Step2_output/enhanced_sample_field/211.jpg,211,2.05,13.26,2
/Users/dharamkar.1/Library/CloudStorage/OneDrive-TheOhioStateUniversity/VSCode_image_processing_project/data/Step2_output/enhanced_sample_field/212.jpg,212,2.05,13.26,2
/Users/dharamkar.1/Library/CloudStorage/OneDrive-TheOhioStateUniversity/VSCode_image_processing_project/data/Step2_output/enhanced_sample_field/213.jpg,213,2.05,13.26,2
/Users/dharamkar.1/Library/CloudStorage/OneDrive-TheOhioStateUniversity/VSCode_image_processing_project/data/Step2_output/enhanced_sample_field/214.jpg,214,2.05,13.26,2
/Users/dharamkar.1/Library/CloudStorage/OneDrive-TheOhioStateUniversity/VSCode_image_processing_project/data/Step2_output/enhanced_sample_field/215.jpg,215,2.05,13.26,2
/Users/dharamkar.1/Library/CloudStorage/OneDrive-TheOhioStateUniversity/VSCode_image_processing_project/data/Step2_output/enhanced_sample_field/216.jpg,216,2.05,13.26,2
/Users/dharamkar.1/Library/CloudStorage/OneDrive-TheOhioStateUniversity/VSCode_image_processing_project/data/Step2_output/enhanced_sample_field/217.jpg,217,2.05,13.26,2
/Users/dharamkar.1/Library/CloudStorage/OneDrive-TheOhioStateUniversity/VSCode_image_processing_project/data/Step2_output/enhanced_sample_field/218.jpg,218,2.29,13.35,2
/Users/dharamkar.1/Library/CloudStorage/OneDrive-TheOhioStateUniversity/VSCode_image_processing_project/data/Step2_output/enhanced_sample_field/219.jpg,219,2.29,13.35,2
/Users/dharamkar.1/Library/CloudStorage/OneDrive-TheOhioStateUniversity/VSCode_image_processing_project/data/Step2_output/enhanced_sample_field/220.jpg,220,2.29,13.35,2
/Users/dharamkar.1/Library/CloudStorage/OneDrive-TheOhioStateUniversity/VSCode_image_processing_project/data/Step2_output/enhanced_sample_field/221.jpg,221,2.29,13.35,2
/Users/dharamkar.1/Library/CloudStorage/OneDrive-TheOhioStateUniversity/VSCode_image_processing_project/data/Step2_output/enhanced_sample_field/222.jpg,222,2.29,13.35,2
/Users/dharamkar.1/Library/CloudStorage/OneDrive-TheOhioStateUniversity/VSCode_image_processing_project/data/Step2_output/enhanced_sample_field/223.jpg,223,2.29,13.35,2
/Users/dharamkar.1/Library/CloudStorage/OneDrive-TheOhioStateUniversity/VSCode_image_processing_project/data/Step2_output/enhanced_sample_field/224.jpg,224,2.29,13.35,2
/Users/dharamkar.1/Library/CloudStorage/OneDrive-TheOhioStateUniversity/VSCode_image_processing_project/data/Step2_output/enhanced_sample_field/225.jpg,225,2.29,13.35,2
/Users/dharamkar.1/Library/CloudStorage/OneDrive-TheOhioStateUniversity/VSCode_image_processing_project/data/Step2_output/enhanced_sample_field/226.jpg,226,2.29,13.35,2
/Users/dharamkar.1/Library/CloudStorage/OneDrive-TheOhioStateUniversity/VSCode_image_processing_project/data/Step2_output/enhanced_sample_field/227.jpg,227,2.29,13.35,2
/Users/dharamkar.1/Library/CloudStorage/OneDrive-TheOhioStateUniversity/VSCode_image_processing_project/data/Step2_output/enhanced_sample_field/228.jpg,228,2.29,13.35,2
/Users/dharamkar.1/Library/CloudStorage/OneDrive-TheOhioStateUniversity/VSCode_image_processing_project/data/Step2_output/enhanced_sample_field/229.jpg,229,2.29,13.35,2
/Users/dharamkar.1/Library/CloudStorage/OneDrive-TheOhioStateUniversity/VSCode_image_processing_project/data/Step2_output/enhanced_sample_field/230.jpg,230,1.92,8.89,2
/Users/dharamkar.1/Library/CloudStorage/OneDrive-TheOhioStateUniversity/VSCode_image_processing_project/data/Step2_output/enhanced_sample_field/231.jpg,231,1.92,8.89,2
/Users/dharamkar.1/Library/CloudStorage/OneDrive-TheOhioStateUniversity/VSCode_image_processing_project/data/Step2_output/enhanced_sample_field/232.jpg,232,1.92,8.89,2
/Users/dharamkar.1/Library/CloudStorage/OneDrive-TheOhioStateUniversity/VSCode_image_processing_project/data/Step2_output/enhanced_sample_field/233.jpg,233,1.92,8.89,2
/Users/dharamkar.1/Library/CloudStorage/OneDrive-TheOhioStateUniversity/VSCode_image_processing_project/data/Step2_output/enhanced_sample_field/234.jpg,234,1.92,8.89,2
/Users/dharamkar.1/Library/CloudStorage/OneDrive-TheOhioStateUniversity/VSCode_image_processing_project/data/Step2_output/enhanced_sample_field/235.jpg,235,1.92,8.89,2
/Users/dharamkar.1/Library/CloudStorage/OneDrive-TheOhioStateUniversity/VSCode_image_processing_project/data/Step2_output/enhanced_sample_field/236.jpg,236,1.92,8.89,2
/Users/dharamkar.1/Library/CloudStorage/OneDrive-TheOhioStateUniversity/VSCode_image_processing_project/data/Step2_output/enhanced_sample_field/237.jpg,237,1.92,8.89,2
/Users/dharamkar.1/Library/CloudStorage/OneDrive-TheOhioStateUniversity/VSCode_image_processing_project/data/Step2_output/enhanced_sample_field/238.jpg,238,1.92,8.89,2
/Users/dharamkar.1/Library/CloudStorage/OneDrive-TheOhioStateUniversity/VSCode_image_processing_project/data/Step2_output/enhanced_sample_field/239.jpg,239,1.92,8.89,2
/Users/dharamkar.1/Library/CloudStorage/OneDrive-TheOhioStateUniversity/VSCode_image_processing_project/data/Step2_output/enhanced_sample_field/240.jpg,240,1.92,8.89,2
/Users/dharamkar.1/Library/CloudStorage/OneDrive-TheOhioStateUniversity/VSCode_image_processing_project/data/Step2_output/enhanced_sample_field/241.jpg,241,1.92,8.89,2
/Users/dharamkar.1/Library/CloudStorage/OneDrive-TheOhioStateUniversity/VSCode_image_processing_project/data/Step2_output/enhanced_sample_field/242.jpg,242,1.92,8.89,2
/Users/dharamkar.1/Library/CloudStorage/OneDrive-TheOhioStateUniversity/VSCode_image_processing_project/data/Step2_output/enhanced_sample_field/243.jpg,243,1.92,8.89,2
/Users/dharamkar.1/Library/CloudStorage/OneDrive-TheOhioStateUniversity/VSCode_image_processing_project/data/Step2_output/enhanced_sample_field/244.jpg,244,1.92,8.89,2
/Users/dharamkar.1/Library/CloudStorage/OneDrive-TheOhioStateUniversity/VSCode_image_processing_project/data/Step2_output/enhanced_sample_field/245.jpg,245,1.92,8.89,2
/Users/dharamkar.1/Library/CloudStorage/OneDrive-TheOhioStateUniversity/VSCode_image_processing_project/data/Step2_output/enhanced_sample_field/246.jpg,246,1.92,8.89,2
/Users/dharamkar.1/Library/CloudStorage/OneDrive-TheOhioStateUniversity/VSCode_image_processing_project/data/Step2_output/enhanced_sample_field/247.jpg,247,1.92,8.89,2
/Users/dharamkar.1/Library/CloudStorage/OneDrive-TheOhioStateUniversity/VSCode_image_processing_project/data/Step2_output/enhanced_sample_field/248.jpg,248,1.92,8.89,2
/Users/dharamkar.1/Library/CloudStorage/OneDrive-TheOhioStateUniversity/VSCode_image_processing_project/data/Step2_output/enhanced_sample_field/249.jpg,249,1.92,8.89,2
/Users/dharamkar.1/Library/CloudStorage/OneDrive-TheOhioStateUniversity/VSCode_image_processing_project/data/Step2_output/enhanced_sample_field/250.jpg,250,1.92,8.89,2
/Users/dharamkar.1/Library/CloudStorage/OneDrive-TheOhioStateUniversity/VSCode_image_processing_project/data/Step2_output/enhanced_sample_field/251.jpg,251,1.92,8.89,2
/Users/dharamkar.1/Library/CloudStorage/OneDrive-TheOhioStateUniversity/VSCode_image_processing_project/data/Step2_output/enhanced_sample_field/252.jpg,252,2.5,7.68,3
/Users/dharamkar.1/Library/CloudStorage/OneDrive-TheOhioStateUniversity/VSCode_image_processing_project/data/Step2_output/enhanced_sample_field/253.jpg,253,2.5,7.68,3
/Users/dharamkar.1/Library/CloudStorage/OneDrive-TheOhioStateUniversity/VSCode_image_processing_project/data/Step2_output/enhanced_sample_field/254.jpg,254,2.5,7.68,3
/Users/dharamkar.1/Library/CloudStorage/OneDrive-TheOhioStateUniversity/VSCode_image_processing_project/data/Step2_output/enhanced_sample_field/255.jpg,255,2.5,7.68,3
/Users/dharamkar.1/Library/CloudStorage/OneDrive-TheOhioStateUniversity/VSCode_image_processing_project/data/Step2_output/enhanced_sample_field/256.jpg,256,2.5,7.68,3
/Users/dharamkar.1/Library/CloudStorage/OneDrive-TheOhioStateUniversity/VSCode_image_processing_project/data/Step2_output/enhanced_sample_field/257.jpg,257,2.5,7.68,3
/Users/dharamkar.1/Library/CloudStorage/OneDrive-TheOhioStateUniversity/VSCode_image_processing_project/data/Step2_output/enhanced_sample_field/258.jpg,258,2.5,7.68,3
/Users/dharamkar.1/Library/CloudStorage/OneDrive-TheOhioStateUniversity/VSCode_image_processing_project/data/Step2_output/enhanced_sample_field/259.jpg,259,2.5,7.68,3
/Users/dharamkar.1/Library/CloudStorage/OneDrive-TheOhioStateUniversity/VSCode_image_processing_project/data/Step2_output/enhanced_sample_field/260.jpg,260,2.5,7.68,3
/Users/dharamkar.1/Library/CloudStorage/OneDrive-TheOhioStateUniversity/VSCode_image_processing_project/data/Step2_output/enhanced_sample_field/261.jpg,261,2.5,7.68,3
/Users/dharamkar.1/Library/CloudStorage/OneDrive-TheOhioStateUniversity/VSCode_image_processing_project/data/Step2_output/enhanced_sample_field/262.jpg,262,2.5,7.68,3
/Users/dharamkar.1/Library/CloudStorage/OneDrive-TheOhioStateUniversity/VSCode_image_processing_project/data/Step2_output/enhanced_sample_field/263.jpg,263,2.5,7.68,3
/Users/dharamkar.1/Library/CloudStorage/OneDrive-TheOhioStateUniversity/VSCode_image_processing_project/data/Step2_output/enhanced_sample_field/264.jpg,264,2.5,7.68,3
/Users/dharamkar.1/Library/CloudStorage/OneDrive-TheOhioStateUniversity/VSCode_image_processing_project/data/Step2_output/enhanced_sample_field/265.jpg,265,2.5,7.68,3
/Users/dharamkar.1/Library/CloudStorage/OneDrive-TheOhioStateUniversity/VSCode_image_processing_project/data/Step2_output/enhanced_sample_field/266.jpg,266,2.5,7.68,3
/Users/dharamkar.1/Library/CloudStorage/OneDrive-TheOhioStateUniversity/VSCode_image_processing_project/data/Step2_output/enhanced_sample_field/267.jpg,267,2.5,7.68,3
/Users/dharamkar.1/Library/CloudStorage/OneDrive-TheOhioStateUniversity/VSCode_image_processing_project/data/Step2_output/enhanced_sample_field/268.jpg,268,2.5,7.68,3
/Users/dharamkar.1/Library/CloudStorage/OneDrive-TheOhioStateUniversity/VSCode_image_processing_project/data/Step2_output/enhanced_sample_field/269.jpg,269,2.05,0.0,2
/Users/dharamkar.1/Library/CloudStorage/OneDrive-TheOhioStateUniversity/VSCode_image_processing_project/data/Step2_output/enhanced_sample_field/270.jpg,270,2.05,0.0,2
/Users/dharamkar.1/Library/CloudStorage/OneDrive-TheOhioStateUniversity/VSCode_image_processing_project/data/Step2_output/enhanced_sample_field/271.jpg,271,2.05,0.0,2
/Users/dharamkar.1/Library/CloudStorage/OneDrive-TheOhioStateUniversity/VSCode_image_processing_project/data/Step2_output/enhanced_sample_field/272.jpg,272,2.29,0.0,2
/Users/dharamkar.1/Library/CloudStorage/OneDrive-TheOhioStateUniversity/VSCode_image_processing_project/data/Step2_output/enhanced_sample_field/273.jpg,273,2.29,0.0,2
/Users/dharamkar.1/Library/CloudStorage/OneDrive-TheOhioStateUniversity/VSCode_image_processing_project/data/Step2_output/enhanced_sample_field/274.jpg,274,2.29,0.0,2
/Users/dharamkar.1/Library/CloudStorage/OneDrive-TheOhioStateUniversity/VSCode_image_processing_project/data/Step2_output/enhanced_sample_field/275.jpg,275,1.92,0.0,2
/Users/dharamkar.1/Library/CloudStorage/OneDrive-TheOhioStateUniversity/VSCode_image_processing_project/data/Step2_output/enhanced_sample_field/276.jpg,276,1.92,0.0,2
/Users/dharamkar.1/Library/CloudStorage/OneDrive-TheOhioStateUniversity/VSCode_image_processing_project/data/Step2_output/enhanced_sample_field/277.jpg,277,1.92,0.0,2
/Users/dharamkar.1/Library/CloudStorage/OneDrive-TheOhioStateUniversity/VSCode_image_processing_project/data/Step2_output/enhanced_sample_field/278.jpg,278,2.5,0.0,3
/Users/dharamkar.1/Library/CloudStorage/OneDrive-TheOhioStateUniversity/VSCode_image_processing_project/data/Step2_output/enhanced_sample_field/279.jpg,279,2.5,0.0,3
/Users/dharamkar.1/Library/CloudStorage/OneDrive-TheOhioStateUniversity/VSCode_image_processing_project/data/Step2_output/enhanced_sample_field/280.jpg,280,2.5,0.0,3
/Users/dharamkar.1/Library/CloudStorage/OneDrive-TheOhioStateUniversity/VSCode_image_processing_project/data/Step2_output/enhanced_sample_field/281.jpg,281,2.05,47.79,2
/Users/dharamkar.1/Library/CloudStorage/OneDrive-TheOhioStateUniversity/VSCode_image_processing_project/data/Step2_output/enhanced_sample_field/282.jpg,282,2.05,47.79,2
/Users/dharamkar.1/Library/CloudStorage/OneDrive-TheOhioStateUniversity/VSCode_image_processing_project/data/Step2_output/enhanced_sample_field/283.jpg,283,2.05,47.79,2
/Users/dharamkar.1/Library/CloudStorage/OneDrive-TheOhioStateUniversity/VSCode_image_processing_project/data/Step2_output/enhanced_sample_field/284.jpg,284,2.05,47.79,2
/Users/dharamkar.1/Library/CloudStorage/OneDrive-TheOhioStateUniversity/VSCode_image_processing_project/data/Step2_output/enhanced_sample_field/285.jpg,285,2.05,47.79,2
/Users/dharamkar.1/Library/CloudStorage/OneDrive-TheOhioStateUniversity/VSCode_image_processing_project/data/Step2_output/enhanced_sample_field/286.jpg,286,2.05,47.79,2
/Users/dharamkar.1/Library/CloudStorage/OneDrive-TheOhioStateUniversity/VSCode_image_processing_project/data/Step2_output/enhanced_sample_field/287.jpg,287,2.29,52.65,2
/Users/dharamkar.1/Library/CloudStorage/OneDrive-TheOhioStateUniversity/VSCode_image_processing_project/data/Step2_output/enhanced_sample_field/288.jpg,288,2.29,52.65,2
/Users/dharamkar.1/Library/CloudStorage/OneDrive-TheOhioStateUniversity/VSCode_image_processing_project/data/Step2_output/enhanced_sample_field/289.jpg,289,2.29,52.65,2
/Users/dharamkar.1/Library/CloudStorage/OneDrive-TheOhioStateUniversity/VSCode_image_processing_project/data/Step2_output/enhanced_sample_field/290.jpg,290,1.92,45.85,2
/Users/dharamkar.1/Library/CloudStorage/OneDrive-TheOhioStateUniversity/VSCode_image_processing_project/data/Step2_output/enhanced_sample_field/291.jpg,291,1.92,45.85,2
/Users/dharamkar.1/Library/CloudStorage/OneDrive-TheOhioStateUniversity/VSCode_image_processing_project/data/Step2_output/enhanced_sample_field/292.jpg,292,1.92,45.85,2
/Users/dharamkar.1/Library/CloudStorage/OneDrive-TheOhioStateUniversity/VSCode_image_processing_project/data/Step2_output/enhanced_sample_field/293.jpg,293,2.5,57.41,3
/Users/dharamkar.1/Library/CloudStorage/OneDrive-TheOhioStateUniversity/VSCode_image_processing_project/data/Step2_output/enhanced_sample_field/294.jpg,294,2.5,57.41,3
/Users/dharamkar.1/Library/CloudStorage/OneDrive-TheOhioStateUniversity/VSCode_image_processing_project/data/Step2_output/enhanced_sample_field/295.jpg,295,2.5,57.41,3
/Users/dharamkar.1/Library/CloudStorage/OneDrive-TheOhioStateUniversity/VSCode_image_processing_project/data/Step2_output/enhanced_sample_field/296.jpg,296,2.05,27.86,2
/Users/dharamkar.1/Library/CloudStorage/OneDrive-TheOhioStateUniversity/VSCode_image_processing_project/data/Step2_output/enhanced_sample_field/297.jpg,297,2.05,27.86,2
/Users/dharamkar.1/Library/CloudStorage/OneDrive-TheOhioStateUniversity/VSCode_image_processing_project/data/Step2_output/enhanced_sample_field/298.jpg,298,2.05,27.86,2
/Users/dharamkar.1/Library/CloudStorage/OneDrive-TheOhioStateUniversity/VSCode_image_processing_project/data/Step2_output/enhanced_sample_field/299.jpg,299,2.05,27.86,2
/Users/dharamkar.1/Library/CloudStorage/OneDrive-TheOhioStateUniversity/VSCode_image_processing_project/data/Step2_output/enhanced_sample_field/300.jpg,300,2.29,29.46,2
/Users/dharamkar.1/Library/CloudStorage/OneDrive-TheOhioStateUniversity/VSCode_image_processing_project/data/Step2_output/enhanced_sample_field/301.jpg,301,2.29,29.46,2
/Users/dharamkar.1/Library/CloudStorage/OneDrive-TheOhioStateUniversity/VSCode_image_processing_project/data/Step2_output/enhanced_sample_field/302.jpg,302,2.29,29.46,2
/Users/dharamkar.1/Library/CloudStorage/OneDrive-TheOhioStateUniversity/VSCode_image_processing_project/data/Step2_output/enhanced_sample_field/303.jpg,303,2.29,29.46,2
/Users/dharamkar.1/Library/CloudStorage/OneDrive-TheOhioStateUniversity/VSCode_image_processing_project/data/Step2_output/enhanced_sample_field/304.jpg,304,1.92,28.31,2
/Users/dharamkar.1/Library/CloudStorage/OneDrive-TheOhioStateUniversity/VSCode_image_processing_project/data/Step2_output/enhanced_sample_field/305.jpg,305,1.92,28.31,2
/Users/dharamkar.1/Library/CloudStorage/OneDrive-TheOhioStateUniversity/VSCode_image_processing_project/data/Step2_output/enhanced_sample_field/306.jpg,306,1.92,28.31,2
/Users/dharamkar.1/Library/CloudStorage/OneDrive-TheOhioStateUniversity/VSCode_image_processing_project/data/Step2_output/enhanced_sample_field/307.jpg,307,1.92,28.31,2
/Users/dharamkar.1/Library/CloudStorage/OneDrive-TheOhioStateUniversity/VSCode_image_processing_project/data/Step2_output/enhanced_sample_field/308.jpg,308,2.5,25.85,3
/Users/dharamkar.1/Library/CloudStorage/OneDrive-TheOhioStateUniversity/VSCode_image_processing_project/data/Step2_output/enhanced_sample_field/309.jpg,309,2.5,25.85,3
/Users/dharamkar.1/Library/CloudStorage/OneDrive-TheOhioStateUniversity/VSCode_image_processing_project/data/Step2_output/enhanced_sample_field/310.jpg,310,2.5,25.85,3
/Users/dharamkar.1/Library/CloudStorage/OneDrive-TheOhioStateUniversity/VSCode_image_processing_project/data/Step2_output/enhanced_sample_field/311.jpg,311,2.5,25.85,3
/Users/dharamkar.1/Library/CloudStorage/OneDrive-TheOhioStateUniversity/VSCode_image_processing_project/data/Step2_output/enhanced_sample_field/312.jpg,312,2.05,12.44,2
/Users/dharamkar.1/Library/CloudStorage/OneDrive-TheOhioStateUniversity/VSCode_image_processing_project/data/Step2_output/enhanced_sample_field/313.jpg,313,2.05,12.44,2
/Users/dharamkar.1/Library/CloudStorage/OneDrive-TheOhioStateUniversity/VSCode_image_processing_project/data/Step2_output/enhanced_sample_field/314.jpg,314,2.05,12.44,2
/Users/dharamkar.1/Library/CloudStorage/OneDrive-TheOhioStateUniversity/VSCode_image_processing_project/data/Step2_output/enhanced_sample_field/315.jpg,315,2.05,12.44,2
/Users/dharamkar.1/Library/CloudStorage/OneDrive-TheOhioStateUniversity/VSCode_image_processing_project/data/Step2_output/enhanced_sample_field/316.jpg,316,2.29,13.59,2
/Users/dharamkar.1/Library/CloudStorage/OneDrive-TheOhioStateUniversity/VSCode_image_processing_project/data/Step2_output/enhanced_sample_field/317.jpg,317,2.29,13.59,2
/Users/dharamkar.1/Library/CloudStorage/OneDrive-TheOhioStateUniversity/VSCode_image_processing_project/data/Step2_output/enhanced_sample_field/318.jpg,318,2.29,13.59,2
/Users/dharamkar.1/Library/CloudStorage/OneDrive-TheOhioStateUniversity/VSCode_image_processing_project/data/Step2_output/enhanced_sample_field/319.jpg,319,2.29,13.59,2
/Users/dharamkar.1/Library/CloudStorage/OneDrive-TheOhioStateUniversity/VSCode_image_processing_project/data/Step2_output/enhanced_sample_field/320.jpg,320,1.92,14.31,2
/Users/dharamkar.1/Library/CloudStorage/OneDrive-TheOhioStateUniversity/VSCode_image_processing_project/data/Step2_output/enhanced_sample_field/321.jpg,321,1.92,14.31,2
/Users/dharamkar.1/Library/CloudStorage/OneDrive-TheOhioStateUniversity/VSCode_image_processing_project/data/Step2_output/enhanced_sample_field/322.jpg,322,1.92,14.31,2
/Users/dharamkar.1/Library/CloudStorage/OneDrive-TheOhioStateUniversity/VSCode_image_processing_project/data/Step2_output/enhanced_sample_field/323.jpg,323,1.92,14.31,2
/Users/dharamkar.1/Library/CloudStorage/OneDrive-TheOhioStateUniversity/VSCode_image_processing_project/data/Step2_output/enhanced_sample_field/324.jpg,324,2.5,5.62,3
/Users/dharamkar.1/Library/CloudStorage/OneDrive-TheOhioStateUniversity/VSCode_image_processing_project/data/Step2_output/enhanced_sample_field/325.jpg,325,2.5,5.62,3
/Users/dharamkar.1/Library/CloudStorage/OneDrive-TheOhioStateUniversity/VSCode_image_processing_project/data/Step2_output/enhanced_sample_field/326.jpg,326,2.5,5.62,3
/Users/dharamkar.1/Library/CloudStorage/OneDrive-TheOhioStateUniversity/VSCode_image_processing_project/data/Step2_output/enhanced_sample_field/327.jpg,327,2.5,5.62,3
/Users/dharamkar.1/Library/CloudStorage/OneDrive-TheOhioStateUniversity/VSCode_image_processing_project/data/Step2_output/enhanced_sample_field/328.jpg,328,2.05,5.25,2
/Users/dharamkar.1/Library/CloudStorage/OneDrive-TheOhioStateUniversity/VSCode_image_processing_project/data/Step2_output/enhanced_sample_field/329.jpg,329,2.05,5.25,2
/Users/dharamkar.1/Library/CloudStorage/OneDrive-TheOhioStateUniversity/VSCode_image_processing_project/data/Step2_output/enhanced_sample_field/330.jpg,330,2.05,5.25,2
/Users/dharamkar.1/Library/CloudStorage/OneDrive-TheOhioStateUniversity/VSCode_image_processing_project/data/Step2_output/enhanced_sample_field/331.jpg,331,2.05,5.25,2
/Users/dharamkar.1/Library/CloudStorage/OneDrive-TheOhioStateUniversity/VSCode_image_processing_project/data/Step2_output/enhanced_sample_field/332.jpg,332,2.29,4.3,2
/Users/dharamkar.1/Library/CloudStorage/OneDrive-TheOhioStateUniversity/VSCode_image_processing_project/data/Step2_output/enhanced_sample_field/333.jpg,333,2.29,4.3,2
/Users/dharamkar.1/Library/CloudStorage/OneDrive-TheOhioStateUniversity/VSCode_image_processing_project/data/Step2_output/enhanced_sample_field/334.jpg,334,2.29,4.3,2
/Users/dharamkar.1/Library/CloudStorage/OneDrive-TheOhioStateUniversity/VSCode_image_processing_project/data/Step2_output/enhanced_sample_field/335.jpg,335,2.29,4.3,2
/Users/dharamkar.1/Library/CloudStorage/OneDrive-TheOhioStateUniversity/VSCode_image_processing_project/data/Step2_output/enhanced_sample_field/336.jpg,336,1.92,7.87,2
/Users/dharamkar.1/Library/CloudStorage/OneDrive-TheOhioStateUniversity/VSCode_image_processing_project/data/Step2_output/enhanced_sample_field/337.jpg,337,1.92,7.87,2
/Users/dharamkar.1/Library/CloudStorage/OneDrive-TheOhioStateUniversity/VSCode_image_processing_project/data/Step2_output/enhanced_sample_field/338.jpg,338,1.92,7.87,2
/Users/dharamkar.1/Library/CloudStorage/OneDrive-TheOhioStateUniversity/VSCode_image_processing_project/data/Step2_output/enhanced_sample_field/339.jpg,339,1.92,7.87,2
/Users/dharamkar.1/Library/CloudStorage/OneDrive-TheOhioStateUniversity/VSCode_image_processing_project/data/Step2_output/enhanced_sample_field/340.jpg,340,2.5,1.76,3
/Users/dharamkar.1/Library/CloudStorage/OneDrive-TheOhioStateUniversity/VSCode_image_processing_project/data/Step2_output/enhanced_sample_field/341.jpg,341,2.5,1.76,3
/Users/dharamkar.1/Library/CloudStorage/OneDrive-TheOhioStateUniversity/VSCode_image_processing_project/data/Step2_output/enhanced_sample_field/342.jpg,342,2.5,1.76,3
/Users/dharamkar.1/Library/CloudStorage/OneDrive-TheOhioStateUniversity/VSCode_image_processing_project/data/Step2_output/enhanced_sample_field/343.jpg,343,2.5,1.76,3
/Users/dharamkar.1/Library/CloudStorage/OneDrive-TheOhioStateUniversity/VSCode_image_processing_project/data/Step2_output/enhanced_sample_field/344.jpg,344,2.05,36.1,2
/Users/dharamkar.1/Library/CloudStorage/OneDrive-TheOhioStateUniversity/VSCode_image_processing_project/data/Step2_output/enhanced_sample_field/345.jpg,345,2.05,36.1,2
/Users/dharamkar.1/Library/CloudStorage/OneDrive-TheOhioStateUniversity/VSCode_image_processing_project/data/Step2_output/enhanced_sample_field/346.jpg,346,2.05,36.1,2
/Users/dharamkar.1/Library/CloudStorage/OneDrive-TheOhioStateUniversity/VSCode_image_processing_project/data/Step2_output/enhanced_sample_field/347.jpg,347,2.05,36.1,2
/Users/dharamkar.1/Library/CloudStorage/OneDrive-TheOhioStateUniversity/VSCode_image_processing_project/data/Step2_output/enhanced_sample_field/348.jpg,348,2.05,36.1,2
/Users/dharamkar.1/Library/CloudStorage/OneDrive-TheOhioStateUniversity/VSCode_image_processing_project/data/Step2_output/enhanced_sample_field/349.jpg,349,2.29,32.6,2
/Users/dharamkar.1/Library/CloudStorage/OneDrive-TheOhioStateUniversity/VSCode_image_processing_project/data/Step2_output/enhanced_sample_field/350.jpg,350,2.29,32.6,2
/Users/dharamkar.1/Library/CloudStorage/OneDrive-TheOhioStateUniversity/VSCode_image_processing_project/data/Step2_output/enhanced_sample_field/351.jpg,351,2.29,32.6,2
/Users/dharamkar.1/Library/CloudStorage/OneDrive-TheOhioStateUniversity/VSCode_image_processing_project/data/Step2_output/enhanced_sample_field/352.jpg,352,2.29,32.6,2
/Users/dharamkar.1/Library/CloudStorage/OneDrive-TheOhioStateUniversity/VSCode_image_processing_project/data/Step2_output/enhanced_sample_field/353.jpg,353,1.92,33.39,2
/Users/dharamkar.1/Library/CloudStorage/OneDrive-TheOhioStateUniversity/VSCode_image_processing_project/data/Step2_output/enhanced_sample_field/354.jpg,354,1.92,33.39,2
/Users/dharamkar.1/Library/CloudStorage/OneDrive-TheOhioStateUniversity/VSCode_image_processing_project/data/Step2_output/enhanced_sample_field/355.jpg,355,1.92,33.39,2
/Users/dharamkar.1/Library/CloudStorage/OneDrive-TheOhioStateUniversity/VSCode_image_processing_project/data/Step2_output/enhanced_sample_field/356.jpg,356,1.92,33.39,2
/Users/dharamkar.1/Library/CloudStorage/OneDrive-TheOhioStateUniversity/VSCode_image_processing_project/data/Step2_output/enhanced_sample_field/357.jpg,357,2.5,27.6,3
/Users/dharamkar.1/Library/CloudStorage/OneDrive-TheOhioStateUniversity/VSCode_image_processing_project/data/Step2_output/enhanced_sample_field/358.jpg,358,2.5,27.6,3
/Users/dharamkar.1/Library/CloudStorage/OneDrive-TheOhioStateUniversity/VSCode_image_processing_project/data/Step2_output/enhanced_sample_field/359.jpg,359,2.5,27.6,3
/Users/dharamkar.1/Library/CloudStorage/OneDrive-TheOhioStateUniversity/VSCode_image_processing_project/data/Step2_output/enhanced_sample_field/360.jpg,360,2.5,27.6,3
/Users/dharamkar.1/Library/CloudStorage/OneDrive-TheOhioStateUniversity/VSCode_image_processing_project/data/Step2_output/enhanced_sample_field/361.jpg,361,2.07,17.5,1
/Users/dharamkar.1/Library/CloudStorage/OneDrive-TheOhioStateUniversity/VSCode_image_processing_project/data/Step2_output/enhanced_sample_field/362.jpg,362,2.07,17.5,1
/Users/dharamkar.1/Library/CloudStorage/OneDrive-TheOhioStateUniversity/VSCode_image_processing_project/data/Step2_output/enhanced_sample_field/363.jpg,363,2.07,17.5,1
/Users/dharamkar.1/Library/CloudStorage/OneDrive-TheOhioStateUniversity/VSCode_image_processing_project/data/Step2_output/enhanced_sample_field/364.jpg,364,2.07,17.5,1
/Users/dharamkar.1/Library/CloudStorage/OneDrive-TheOhioStateUniversity/VSCode_image_processing_project/data/Step2_output/enhanced_sample_field/365.jpg,365,2.07,17.5,1
/Users/dharamkar.1/Library/CloudStorage/OneDrive-TheOhioStateUniversity/VSCode_image_processing_project/data/Step2_output/enhanced_sample_field/366.jpg,366,2.07,17.5,1
/Users/dharamkar.1/Library/CloudStorage/OneDrive-TheOhioStateUniversity/VSCode_image_processing_project/data/Step2_output/enhanced_sample_field/367.jpg,367,2.07,17.5,1
/Users/dharamkar.1/Library/CloudStorage/OneDrive-TheOhioStateUniversity/VSCode_image_processing_project/data/Step2_output/enhanced_sample_field/368.jpg,368,2.07,17.5,1
/Users/dharamkar.1/Library/CloudStorage/OneDrive-TheOhioStateUniversity/VSCode_image_processing_project/data/Step2_output/enhanced_sample_field/369.jpg,369,2.07,17.5,1
/Users/dharamkar.1/Library/CloudStorage/OneDrive-TheOhioStateUniversity/VSCode_image_processing_project/data/Step2_output/enhanced_sample_field/370.jpg,370,2.07,17.5,1
/Users/dharamkar.1/Library/CloudStorage/OneDrive-TheOhioStateUniversity/VSCode_image_processing_project/data/Step2_output/enhanced_sample_field/371.jpg,371,2.07,17.5,1
/Users/dharamkar.1/Library/CloudStorage/OneDrive-TheOhioStateUniversity/VSCode_image_processing_project/data/Step2_output/enhanced_sample_field/372.jpg,372,1.75,22.3,1
/Users/dharamkar.1/Library/CloudStorage/OneDrive-TheOhioStateUniversity/VSCode_image_processing_project/data/Step2_output/enhanced_sample_field/373.jpg,373,1.75,22.3,1
/Users/dharamkar.1/Library/CloudStorage/OneDrive-TheOhioStateUniversity/VSCode_image_processing_project/data/Step2_output/enhanced_sample_field/374.jpg,374,1.75,22.3,1
/Users/dharamkar.1/Library/CloudStorage/OneDrive-TheOhioStateUniversity/VSCode_image_processing_project/data/Step2_output/enhanced_sample_field/375.jpg,375,1.75,22.3,1
/Users/dharamkar.1/Library/CloudStorage/OneDrive-TheOhioStateUniversity/VSCode_image_processing_project/data/Step2_output/enhanced_sample_field/376.jpg,376,1.75,22.3,1
/Users/dharamkar.1/Library/CloudStorage/OneDrive-TheOhioStateUniversity/VSCode_image_processing_project/data/Step2_output/enhanced_sample_field/377.jpg,377,1.75,22.3,1
/Users/dharamkar.1/Library/CloudStorage/OneDrive-TheOhioStateUniversity/VSCode_image_processing_project/data/Step2_output/enhanced_sample_field/378.jpg,378,1.75,22.3,1
/Users/dharamkar.1/Library/CloudStorage/OneDrive-TheOhioStateUniversity/VSCode_image_processing_project/data/Step2_output/enhanced_sample_field/379.jpg,379,1.75,22.3,1
/Users/dharamkar.1/Library/CloudStorage/OneDrive-TheOhioStateUniversity/VSCode_image_processing_project/data/Step2_output/enhanced_sample_field/380.jpg,380,1.75,22.3,1
/Users/dharamkar.1/Library/CloudStorage/OneDrive-TheOhioStateUniversity/VSCode_image_processing_project/data/Step2_output/enhanced_sample_field/381.jpg,381,1.75,22.3,1
/Users/dharamkar.1/Library/CloudStorage/OneDrive-TheOhioStateUniversity/VSCode_image_processing_project/data/Step2_output/enhanced_sample_field/382.jpg,382,1.75,22.3,1
/Users/dharamkar.1/Library/CloudStorage/OneDrive-TheOhioStateUniversity/VSCode_image_processing_project/data/Step2_output/enhanced_sample_field/383.jpg,383,2.66,19.2,1
/Users/dharamkar.1/Library/CloudStorage/OneDrive-TheOhioStateUniversity/VSCode_image_processing_project/data/Step2_output/enhanced_sample_field/384.jpg,384,2.66,19.2,1
/Users/dharamkar.1/Library/CloudStorage/OneDrive-TheOhioStateUniversity/VSCode_image_processing_project/data/Step2_output/enhanced_sample_field/385.jpg,385,2.66,19.2,1
/Users/dharamkar.1/Library/CloudStorage/OneDrive-TheOhioStateUniversity/VSCode_image_processing_project/data/Step2_output/enhanced_sample_field/386.jpg,386,2.66,19.2,1
/Users/dharamkar.1/Library/CloudStorage/OneDrive-TheOhioStateUniversity/VSCode_image_processing_project/data/Step2_output/enhanced_sample_field/387.jpg,387,2.66,19.2,1
/Users/dharamkar.1/Library/CloudStorage/OneDrive-TheOhioStateUniversity/VSCode_image_processing_project/data/Step2_output/enhanced_sample_field/388.jpg,388,2.66,19.2,1
/Users/dharamkar.1/Library/CloudStorage/OneDrive-TheOhioStateUniversity/VSCode_image_processing_project/data/Step2_output/enhanced_sample_field/389.jpg,389,2.66,19.2,1
/Users/dharamkar.1/Library/CloudStorage/OneDrive-TheOhioStateUniversity/VSCode_image_processing_project/data/Step2_output/enhanced_sample_field/390.jpg,390,2.66,19.2,1
/Users/dharamkar.1/Library/CloudStorage/OneDrive-TheOhioStateUniversity/VSCode_image_processing_project/data/Step2_output/enhanced_sample_field/391.jpg,391,2.66,19.2,1
/Users/dharamkar.1/Library/CloudStorage/OneDrive-TheOhioStateUniversity/VSCode_image_processing_project/data/Step2_output/enhanced_sample_field/392.jpg,392,2.66,19.2,1
/Users/dharamkar.1/Library/CloudStorage/OneDrive-TheOhioStateUniversity/VSCode_image_processing_project/data/Step2_output/enhanced_sample_field/393.jpg,393,2.66,19.2,1
/Users/dharamkar.1/Library/CloudStorage/OneDrive-TheOhioStateUniversity/VSCode_image_processing_project/data/Step2_output/enhanced_sample_field/394.jpg,394,2.66,19.2,1
/Users/dharamkar.1/Library/CloudStorage/OneDrive-TheOhioStateUniversity/VSCode_image_processing_project/data/Step2_output/enhanced_sample_field/395.jpg,395,2.66,19.2,1
/Users/dharamkar.1/Library/CloudStorage/OneDrive-TheOhioStateUniversity/VSCode_image_processing_project/data/Step2_output/enhanced_sample_field/396.jpg,396,1.59,13.3,1
/Users/dharamkar.1/Library/CloudStorage/OneDrive-TheOhioStateUniversity/VSCode_image_processing_project/data/Step2_output/enhanced_sample_field/397.jpg,397,1.59,13.3,1
/Users/dharamkar.1/Library/CloudStorage/OneDrive-TheOhioStateUniversity/VSCode_image_processing_project/data/Step2_output/enhanced_sample_field/398.jpg,398,1.59,13.3,1
/Users/dharamkar.1/Library/CloudStorage/OneDrive-TheOhioStateUniversity/VSCode_image_processing_project/data/Step2_output/enhanced_sample_field/399.jpg,399,1.59,13.3,1
/Users/dharamkar.1/Library/CloudStorage/OneDrive-TheOhioStateUniversity/VSCode_image_processing_project/data/Step2_output/enhanced_sample_field/400.jpg,400,1.59,13.3,1
/Users/dharamkar.1/Library/CloudStorage/OneDrive-TheOhioStateUniversity/VSCode_image_processing_project/data/Step2_output/enhanced_sample_field/401.jpg,401,1.59,13.3,1
/Users/dharamkar.1/Library/CloudStorage/OneDrive-TheOhioStateUniversity/VSCode_image_processing_project/data/Step2_output/enhanced_sample_field/402.jpg,402,1.27,13.6,1
/Users/dharamkar.1/Library/CloudStorage/OneDrive-TheOhioStateUniversity/VSCode_image_processing_project/data/Step2_output/enhanced_sample_field/403.jpg,403,1.27,13.6,1
/Users/dharamkar.1/Library/CloudStorage/OneDrive-TheOhioStateUniversity/VSCode_image_processing_project/data/Step2_output/enhanced_sample_field/404.jpg,404,1.27,13.6,1
/Users/dharamkar.1/Library/CloudStorage/OneDrive-TheOhioStateUniversity/VSCode_image_processing_project/data/Step2_output/enhanced_sample_field/405.jpg,405,1.27,13.6,1
/Users/dharamkar.1/Library/CloudStorage/OneDrive-TheOhioStateUniversity/VSCode_image_processing_project/data/Step2_output/enhanced_sample_field/406.jpg,406,1.27,13.6,1
/Users/dharamkar.1/Library/CloudStorage/OneDrive-TheOhioStateUniversity/VSCode_image_processing_project/data/Step2_output/enhanced_sample_field/407.jpg,407,1.27,13.6,1
/Users/dharamkar.1/Library/CloudStorage/OneDrive-TheOhioStateUniversity/VSCode_image_processing_project/data/Step2_output/enhanced_sample_field/408.jpg,408,1.27,13.6,1
/Users/dharamkar.1/Library/CloudStorage/OneDrive-TheOhioStateUniversity/VSCode_image_processing_project/data/Step2_output/enhanced_sample_field/409.jpg,409,1.27,13.6,1
/Users/dharamkar.1/Library/CloudStorage/OneDrive-TheOhioStateUniversity/VSCode_image_processing_project/data/Step2_output/enhanced_sample_field/410.jpg,410,1.27,13.6,1
/Users/dharamkar.1/Library/CloudStorage/OneDrive-TheOhioStateUniversity/VSCode_image_processing_project/data/Step2_output/enhanced_sample_field/411.jpg,411,1.27,13.6,1
/Users/dharamkar.1/Library/CloudStorage/OneDrive-TheOhioStateUniversity/VSCode_image_processing_project/data/Step2_output/enhanced_sample_field/412.jpg,412,1.27,13.6,1
/Users/dharamkar.1/Library/CloudStorage/OneDrive-TheOhioStateUniversity/VSCode_image_processing_project/data/Step2_output/enhanced_sample_field/413.jpg,413,1.27,13.6,1
/Users/dharamkar.1/Library/CloudStorage/OneDrive-TheOhioStateUniversity/VSCode_image_processing_project/data/Step2_output/enhanced_sample_field/414.jpg,414,1.27,13.6,1
/Users/dharamkar.1/Library/CloudStorage/OneDrive-TheOhioStateUniversity/VSCode_image_processing_project/data/Step2_output/enhanced_sample_field/415.jpg,415,1.27,13.6,1
/Users/dharamkar.1/Library/CloudStorage/OneDrive-TheOhioStateUniversity/VSCode_image_processing_project/data/Step2_output/enhanced_sample_field/416.jpg,416,2.51,19.4,2
/Users/dharamkar.1/Library/CloudStorage/OneDrive-TheOhioStateUniversity/VSCode_image_processing_project/data/Step2_output/enhanced_sample_field/417.jpg,417,2.51,19.4,2
/Users/dharamkar.1/Library/CloudStorage/OneDrive-TheOhioStateUniversity/VSCode_image_processing_project/data/Step2_output/enhanced_sample_field/418.jpg,418,2.51,19.4,2
/Users/dharamkar.1/Library/CloudStorage/OneDrive-TheOhioStateUniversity/VSCode_image_processing_project/data/Step2_output/enhanced_sample_field/419.jpg,419,2.51,19.4,2
/Users/dharamkar.1/Library/CloudStorage/OneDrive-TheOhioStateUniversity/VSCode_image_processing_project/data/Step2_output/enhanced_sample_field/420.jpg,420,2.51,19.4,2
/Users/dharamkar.1/Library/CloudStorage/OneDrive-TheOhioStateUniversity/VSCode_image_processing_project/data/Step2_output/enhanced_sample_field/421.jpg,421,2.51,19.4,2
/Users/dharamkar.1/Library/CloudStorage/OneDrive-TheOhioStateUniversity/VSCode_image_processing_project/data/Step2_output/enhanced_sample_field/422.jpg,422,2.51,19.4,2
/Users/dharamkar.1/Library/CloudStorage/OneDrive-TheOhioStateUniversity/VSCode_image_processing_project/data/Step2_output/enhanced_sample_field/423.jpg,423,2.51,19.4,2
/Users/dharamkar.1/Library/CloudStorage/OneDrive-TheOhioStateUniversity/VSCode_image_processing_project/data/Step2_output/enhanced_sample_field/424.jpg,424,2.51,19.4,2
/Users/dharamkar.1/Library/CloudStorage/OneDrive-TheOhioStateUniversity/VSCode_image_processing_project/data/Step2_output/enhanced_sample_field/425.jpg,425,2.51,19.4,2
/Users/dharamkar.1/Library/CloudStorage/OneDrive-TheOhioStateUniversity/VSCode_image_processing_project/data/Step2_output/enhanced_sample_field/426.jpg,426,2.51,19.4,2
/Users/dharamkar.1/Library/CloudStorage/OneDrive-TheOhioStateUniversity/VSCode_image_processing_project/data/Step2_output/enhanced_sample_field/427.jpg,427,2.77,18.6,2
/Users/dharamkar.1/Library/CloudStorage/OneDrive-TheOhioStateUniversity/VSCode_image_processing_project/data/Step2_output/enhanced_sample_field/428.jpg,428,2.77,18.6,2
/Users/dharamkar.1/Library/CloudStorage/OneDrive-TheOhioStateUniversity/VSCode_image_processing_project/data/Step2_output/enhanced_sample_field/429.jpg,429,2.77,18.6,2
/Users/dharamkar.1/Library/CloudStorage/OneDrive-TheOhioStateUniversity/VSCode_image_processing_project/data/Step2_output/enhanced_sample_field/430.jpg,430,2.77,18.6,2
/Users/dharamkar.1/Library/CloudStorage/OneDrive-TheOhioStateUniversity/VSCode_image_processing_project/data/Step2_output/enhanced_sample_field/431.jpg,431,2.77,18.6,2
/Users/dharamkar.1/Library/CloudStorage/OneDrive-TheOhioStateUniversity/VSCode_image_processing_project/data/Step2_output/enhanced_sample_field/432.jpg,432,2.77,18.6,2
/Users/dharamkar.1/Library/CloudStorage/OneDrive-TheOhioStateUniversity/VSCode_image_processing_project/data/Step2_output/enhanced_sample_field/433.jpg,433,2.77,18.6,2
/Users/dharamkar.1/Library/CloudStorage/OneDrive-TheOhioStateUniversity/VSCode_image_processing_project/data/Step2_output/enhanced_sample_field/434.jpg,434,2.77,18.6,2
/Users/dharamkar.1/Library/CloudStorage/OneDrive-TheOhioStateUniversity/VSCode_image_processing_project/data/Step2_output/enhanced_sample_field/435.jpg,435,2.77,18.6,2
/Users/dharamkar.1/Library/CloudStorage/OneDrive-TheOhioStateUniversity/VSCode_image_processing_project/data/Step2_output/enhanced_sample_field/436.jpg,436,2.77,18.6,2
/Users/dharamkar.1/Library/CloudStorage/OneDrive-TheOhioStateUniversity/VSCode_image_processing_project/data/Step2_output/enhanced_sample_field/437.jpg,437,2.07,0.0,1
/Users/dharamkar.1/Library/CloudStorage/OneDrive-TheOhioStateUniversity/VSCode_image_processing_project/data/Step2_output/enhanced_sample_field/438.jpg,438,2.07,0.0,1
/Users/dharamkar.1/Library/CloudStorage/OneDrive-TheOhioStateUniversity/VSCode_image_processing_project/data/Step2_output/enhanced_sample_field/439.jpg,439,2.07,0.0,1
/Users/dharamkar.1/Library/CloudStorage/OneDrive-TheOhioStateUniversity/VSCode_image_processing_project/data/Step2_output/enhanced_sample_field/440.jpg,440,2.07,0.0,1
/Users/dharamkar.1/Library/CloudStorage/OneDrive-TheOhioStateUniversity/VSCode_image_processing_project/data/Step2_output/enhanced_sample_field/441.jpg,441,2.07,0.0,1
/Users/dharamkar.1/Library/CloudStorage/OneDrive-TheOhioStateUniversity/VSCode_image_processing_project/data/Step2_output/enhanced_sample_field/442.jpg,442,2.07,0.0,1
/Users/dharamkar.1/Library/CloudStorage/OneDrive-TheOhioStateUniversity/VSCode_image_processing_project/data/Step2_output/enhanced_sample_field/443.jpg,443,2.07,0.0,1
/Users/dharamkar.1/Library/CloudStorage/OneDrive-TheOhioStateUniversity/VSCode_image_processing_project/data/Step2_output/enhanced_sample_field/444.jpg,444,2.07,0.0,1
/Users/dharamkar.1/Library/CloudStorage/OneDrive-TheOhioStateUniversity/VSCode_image_processing_project/data/Step2_output/enhanced_sample_field/445.jpg,445,1.75,0.0,1
/Users/dharamkar.1/Library/CloudStorage/OneDrive-TheOhioStateUniversity/VSCode_image_processing_project/data/Step2_output/enhanced_sample_field/446.jpg,446,1.75,0.0,1
/Users/dharamkar.1/Library/CloudStorage/OneDrive-TheOhioStateUniversity/VSCode_image_processing_project/data/Step2_output/enhanced_sample_field/447.jpg,447,1.75,0.0,1
/Users/dharamkar.1/Library/CloudStorage/OneDrive-TheOhioStateUniversity/VSCode_image_processing_project/data/Step2_output/enhanced_sample_field/448.jpg,448,1.75,0.0,1
/Users/dharamkar.1/Library/CloudStorage/OneDrive-TheOhioStateUniversity/VSCode_image_processing_project/data/Step2_output/enhanced_sample_field/449.jpg,449,1.75,0.0,1
/Users/dharamkar.1/Library/CloudStorage/OneDrive-TheOhioStateUniversity/VSCode_image_processing_project/data/Step2_output/enhanced_sample_field/450.jpg,450,1.75,0.0,1
/Users/dharamkar.1/Library/CloudStorage/OneDrive-TheOhioStateUniversity/VSCode_image_processing_project/data/Step2_output/enhanced_sample_field/451.jpg,451,2.66,0.0,1
/Users/dharamkar.1/Library/CloudStorage/OneDrive-TheOhioStateUniversity/VSCode_image_processing_project/data/Step2_output/enhanced_sample_field/452.jpg,452,2.66,0.0,1
/Users/dharamkar.1/Library/CloudStorage/OneDrive-TheOhioStateUniversity/VSCode_image_processing_project/data/Step2_output/enhanced_sample_field/453.jpg,453,2.66,0.0,1
/Users/dharamkar.1/Library/CloudStorage/OneDrive-TheOhioStateUniversity/VSCode_image_processing_project/data/Step2_output/enhanced_sample_field/454.jpg,454,2.66,0.0,1
/Users/dharamkar.1/Library/CloudStorage/OneDrive-TheOhioStateUniversity/VSCode_image_processing_project/data/Step2_output/enhanced_sample_field/455.jpg,455,2.66,0.0,1
/Users/dharamkar.1/Library/CloudStorage/OneDrive-TheOhioStateUniversity/VSCode_image_processing_project/data/Step2_output/enhanced_sample_field/456.jpg,456,2.66,0.0,1
/Users/dharamkar.1/Library/CloudStorage/OneDrive-TheOhioStateUniversity/VSCode_image_processing_project/data/Step2_output/enhanced_sample_field/457.jpg,457,1.59,0.0,1
/Users/dharamkar.1/Library/CloudStorage/OneDrive-TheOhioStateUniversity/VSCode_image_processing_project/data/Step2_output/enhanced_sample_field/458.jpg,458,1.59,0.0,1
/Users/dharamkar.1/Library/CloudStorage/OneDrive-TheOhioStateUniversity/VSCode_image_processing_project/data/Step2_output/enhanced_sample_field/459.jpg,459,1.59,0.0,1
/Users/dharamkar.1/Library/CloudStorage/OneDrive-TheOhioStateUniversity/VSCode_image_processing_project/data/Step2_output/enhanced_sample_field/460.jpg,460,1.59,0.0,1
/Users/dharamkar.1/Library/CloudStorage/OneDrive-TheOhioStateUniversity/VSCode_image_processing_project/data/Step2_output/enhanced_sample_field/461.jpg,461,1.59,0.0,1
/Users/dharamkar.1/Library/CloudStorage/OneDrive-TheOhioStateUniversity/VSCode_image_processing_project/data/Step2_output/enhanced_sample_field/462.jpg,462,1.59,0.0,1
/Users/dharamkar.1/Library/CloudStorage/OneDrive-TheOhioStateUniversity/VSCode_image_processing_project/data/Step2_output/enhanced_sample_field/463.jpg,463,1.27,0.0,1
/Users/dharamkar.1/Library/CloudStorage/OneDrive-TheOhioStateUniversity/VSCode_image_processing_project/data/Step2_output/enhanced_sample_field/464.jpg,464,1.27,0.0,1
/Users/dharamkar.1/Library/CloudStorage/OneDrive-TheOhioStateUniversity/VSCode_image_processing_project/data/Step2_output/enhanced_sample_field/465.jpg,465,1.27,0.0,1
/Users/dharamkar.1/Library/CloudStorage/OneDrive-TheOhioStateUniversity/VSCode_image_processing_project/data/Step2_output/enhanced_sample_field/466.jpg,466,1.27,0.0,1
/Users/dharamkar.1/Library/CloudStorage/OneDrive-TheOhioStateUniversity/VSCode_image_processing_project/data/Step2_output/enhanced_sample_field/467.jpg,467,1.27,0.0,1
/Users/dharamkar.1/Library/CloudStorage/OneDrive-TheOhioStateUniversity/VSCode_image_processing_project/data/Step2_output/enhanced_sample_field/468.jpg,468,1.27,0.0,1
/Users/dharamkar.1/Library/CloudStorage/OneDrive-TheOhioStateUniversity/VSCode_image_processing_project/data/Step2_output/enhanced_sample_field/469.jpg,469,2.51,0.0,2
/Users/dharamkar.1/Library/CloudStorage/OneDrive-TheOhioStateUniversity/VSCode_image_processing_project/data/Step2_output/enhanced_sample_field/470.jpg,470,2.51,0.0,2
/Users/dharamkar.1/Library/CloudStorage/OneDrive-TheOhioStateUniversity/VSCode_image_processing_project/data/Step2_output/enhanced_sample_field/471.jpg,471,2.51,0.0,2
/Users/dharamkar.1/Library/CloudStorage/OneDrive-TheOhioStateUniversity/VSCode_image_processing_project/data/Step2_output/enhanced_sample_field/472.jpg,472,2.51,0.0,2
/Users/dharamkar.1/Library/CloudStorage/OneDrive-TheOhioStateUniversity/VSCode_image_processing_project/data/Step2_output/enhanced_sample_field/473.jpg,473,2.51,0.0,2
/Users/dharamkar.1/Library/CloudStorage/OneDrive-TheOhioStateUniversity/VSCode_image_processing_project/data/Step2_output/enhanced_sample_field/474.jpg,474,2.77,0.0,2
/Users/dharamkar.1/Library/CloudStorage/OneDrive-TheOhioStateUniversity/VSCode_image_processing_project/data/Step2_output/enhanced_sample_field/475.jpg,475,2.77,0.0,2
/Users/dharamkar.1/Library/CloudStorage/OneDrive-TheOhioStateUniversity/VSCode_image_processing_project/data/Step2_output/enhanced_sample_field/476.jpg,476,2.77,0.0,2
/Users/dharamkar.1/Library/CloudStorage/OneDrive-TheOhioStateUniversity/VSCode_image_processing_project/data/Step2_output/enhanced_sample_field/477.jpg,477,2.77,0.0,2
/Users/dharamkar.1/Library/CloudStorage/OneDrive-TheOhioStateUniversity/VSCode_image_processing_project/data/Step2_output/enhanced_sample_field/478.jpg,478,2.77,0.0,2
/Users/dharamkar.1/Library/CloudStorage/OneDrive-TheOhioStateUniversity/VSCode_image_processing_project/data/Step2_output/enhanced_sample_field/479.jpg,479,2.77,0.0,2
/Users/dharamkar.1/Library/CloudStorage/OneDrive-TheOhioStateUniversity/VSCode_image_processing_project/data/Step2_output/enhanced_sample_field/480.jpg,480,2.05,77.01,1
/Users/dharamkar.1/Library/CloudStorage/OneDrive-TheOhioStateUniversity/VSCode_image_processing_project/data/Step2_output/enhanced_sample_field/481.jpg,481,2.05,77.01,1
/Users/dharamkar.1/Library/CloudStorage/OneDrive-TheOhioStateUniversity/VSCode_image_processing_project/data/Step2_output/enhanced_sample_field/482.jpg,482,2.05,77.01,1
/Users/dharamkar.1/Library/CloudStorage/OneDrive-TheOhioStateUniversity/VSCode_image_processing_project/data/Step2_output/enhanced_sample_field/483.jpg,483,2.05,77.01,1
/Users/dharamkar.1/Library/CloudStorage/OneDrive-TheOhioStateUniversity/VSCode_image_processing_project/data/Step2_output/enhanced_sample_field/484.jpg,484,2.05,77.01,1
/Users/dharamkar.1/Library/CloudStorage/OneDrive-TheOhioStateUniversity/VSCode_image_processing_project/data/Step2_output/enhanced_sample_field/485.jpg,485,2.05,77.01,1
/Users/dharamkar.1/Library/CloudStorage/OneDrive-TheOhioStateUniversity/VSCode_image_processing_project/data/Step2_output/enhanced_sample_field/486.jpg,486,1.75,75.9,1
/Users/dharamkar.1/Library/CloudStorage/OneDrive-TheOhioStateUniversity/VSCode_image_processing_project/data/Step2_output/enhanced_sample_field/487.jpg,487,1.75,75.9,1
/Users/dharamkar.1/Library/CloudStorage/OneDrive-TheOhioStateUniversity/VSCode_image_processing_project/data/Step2_output/enhanced_sample_field/488.jpg,488,1.75,75.9,1
/Users/dharamkar.1/Library/CloudStorage/OneDrive-TheOhioStateUniversity/VSCode_image_processing_project/data/Step2_output/enhanced_sample_field/489.jpg,489,1.75,75.9,1
/Users/dharamkar.1/Library/CloudStorage/OneDrive-TheOhioStateUniversity/VSCode_image_processing_project/data/Step2_output/enhanced_sample_field/490.jpg,490,1.75,75.9,1
/Users/dharamkar.1/Library/CloudStorage/OneDrive-TheOhioStateUniversity/VSCode_image_processing_project/data/Step2_output/enhanced_sample_field/491.jpg,491,1.75,75.9,1
/Users/dharamkar.1/Library/CloudStorage/OneDrive-TheOhioStateUniversity/VSCode_image_processing_project/data/Step2_output/enhanced_sample_field/492.jpg,492,2.66,65.56,1
/Users/dharamkar.1/Library/CloudStorage/OneDrive-TheOhioStateUniversity/VSCode_image_processing_project/data/Step2_output/enhanced_sample_field/493.jpg,493,2.66,65.56,1
/Users/dharamkar.1/Library/CloudStorage/OneDrive-TheOhioStateUniversity/VSCode_image_processing_project/data/Step2_output/enhanced_sample_field/494.jpg,494,2.66,65.56,1
/Users/dharamkar.1/Library/CloudStorage/OneDrive-TheOhioStateUniversity/VSCode_image_processing_project/data/Step2_output/enhanced_sample_field/495.jpg,495,2.66,65.56,1
/Users/dharamkar.1/Library/CloudStorage/OneDrive-TheOhioStateUniversity/VSCode_image_processing_project/data/Step2_output/enhanced_sample_field/496.jpg,496,2.66,65.56,1
/Users/dharamkar.1/Library/CloudStorage/OneDrive-TheOhioStateUniversity/VSCode_image_processing_project/data/Step2_output/enhanced_sample_field/497.jpg,497,2.66,65.56,1
/Users/dharamkar.1/Library/CloudStorage/OneDrive-TheOhioStateUniversity/VSCode_image_processing_project/data/Step2_output/enhanced_sample_field/498.jpg,498,1.59,51.52,1
/Users/dharamkar.1/Library/CloudStorage/OneDrive-TheOhioStateUniversity/VSCode_image_processing_project/data/Step2_output/enhanced_sample_field/499.jpg,499,1.59,51.52,1
/Users/dharamkar.1/Library/CloudStorage/OneDrive-TheOhioStateUniversity/VSCode_image_processing_project/data/Step2_output/enhanced_sample_field/500.jpg,500,1.59,51.52,1
/Users/dharamkar.1/Library/CloudStorage/OneDrive-TheOhioStateUniversity/VSCode_image_processing_project/data/Step2_output/enhanced_sample_field/501.jpg,501,1.59,51.52,1
/Users/dharamkar.1/Library/CloudStorage/OneDrive-TheOhioStateUniversity/VSCode_image_processing_project/data/Step2_output/enhanced_sample_field/502.jpg,502,1.59,51.52,1
/Users/dharamkar.1/Library/CloudStorage/OneDrive-TheOhioStateUniversity/VSCode_image_processing_project/data/Step2_output/enhanced_sample_field/503.jpg,503,1.27,60.16,1
/Users/dharamkar.1/Library/CloudStorage/OneDrive-TheOhioStateUniversity/VSCode_image_processing_project/data/Step2_output/enhanced_sample_field/504.jpg,504,1.27,60.16,1
/Users/dharamkar.1/Library/CloudStorage/OneDrive-TheOhioStateUniversity/VSCode_image_processing_project/data/Step2_output/enhanced_sample_field/505.jpg,505,1.27,60.16,1
/Users/dharamkar.1/Library/CloudStorage/OneDrive-TheOhioStateUniversity/VSCode_image_processing_project/data/Step2_output/enhanced_sample_field/506.jpg,506,1.27,60.16,1
/Users/dharamkar.1/Library/CloudStorage/OneDrive-TheOhioStateUniversity/VSCode_image_processing_project/data/Step2_output/enhanced_sample_field/507.jpg,507,1.27,60.16,1
/Users/dharamkar.1/Library/CloudStorage/OneDrive-TheOhioStateUniversity/VSCode_image_processing_project/data/Step2_output/enhanced_sample_field/508.jpg,508,1.27,60.16,1
/Users/dharamkar.1/Library/CloudStorage/OneDrive-TheOhioStateUniversity/VSCode_image_processing_project/data/Step2_output/enhanced_sample_field/509.jpg,509,2.51,21.1,2
/Users/dharamkar.1/Library/CloudStorage/OneDrive-TheOhioStateUniversity/VSCode_image_processing_project/data/Step2_output/enhanced_sample_field/510.jpg,510,2.51,21.1,2
/Users/dharamkar.1/Library/CloudStorage/OneDrive-TheOhioStateUniversity/VSCode_image_processing_project/data/Step2_output/enhanced_sample_field/511.jpg,511,2.51,21.1,2
/Users/dharamkar.1/Library/CloudStorage/OneDrive-TheOhioStateUniversity/VSCode_image_processing_project/data/Step2_output/enhanced_sample_field/512.jpg,512,2.51,21.1,2
/Users/dharamkar.1/Library/CloudStorage/OneDrive-TheOhioStateUniversity/VSCode_image_processing_project/data/Step2_output/enhanced_sample_field/513.jpg,513,2.51,21.1,2
/Users/dharamkar.1/Library/CloudStorage/OneDrive-TheOhioStateUniversity/VSCode_image_processing_project/data/Step2_output/enhanced_sample_field/514.jpg,514,2.51,21.1,2
/Users/dharamkar.1/Library/CloudStorage/OneDrive-TheOhioStateUniversity/VSCode_image_processing_project/data/Step2_output/enhanced_sample_field/515.jpg,515,2.77,50.91,2
/Users/dharamkar.1/Library/CloudStorage/OneDrive-TheOhioStateUniversity/VSCode_image_processing_project/data/Step2_output/enhanced_sample_field/516.jpg,516,2.77,50.91,2
/Users/dharamkar.1/Library/CloudStorage/OneDrive-TheOhioStateUniversity/VSCode_image_processing_project/data/Step2_output/enhanced_sample_field/517.jpg,517,2.77,50.91,2
/Users/dharamkar.1/Library/CloudStorage/OneDrive-TheOhioStateUniversity/VSCode_image_processing_project/data/Step2_output/enhanced_sample_field/518.jpg,518,2.77,50.91,2
/Users/dharamkar.1/Library/CloudStorage/OneDrive-TheOhioStateUniversity/VSCode_image_processing_project/data/Step2_output/enhanced_sample_field/519.jpg,519,2.77,50.91,2
/Users/dharamkar.1/Library/CloudStorage/OneDrive-TheOhioStateUniversity/VSCode_image_processing_project/data/Step2_output/enhanced_sample_field/520.jpg,520,2.77,50.91,2
/Users/dharamkar.1/Library/CloudStorage/OneDrive-TheOhioStateUniversity/VSCode_image_processing_project/data/Step2_output/enhanced_sample_field/521.jpg,521,2.77,50.91,2
/Users/dharamkar.1/Library/CloudStorage/OneDrive-TheOhioStateUniversity/VSCode_image_processing_project/data/Step2_output/enhanced_sample_field/522.jpg,522,2.07,61.42,1
/Users/dharamkar.1/Library/CloudStorage/OneDrive-TheOhioStateUniversity/VSCode_image_processing_project/data/Step2_output/enhanced_sample_field/523.jpg,523,2.07,61.42,1
/Users/dharamkar.1/Library/CloudStorage/OneDrive-TheOhioStateUniversity/VSCode_image_processing_project/data/Step2_output/enhanced_sample_field/524.jpg,524,2.07,61.42,1
/Users/dharamkar.1/Library/CloudStorage/OneDrive-TheOhioStateUniversity/VSCode_image_processing_project/data/Step2_output/enhanced_sample_field/525.jpg,525,2.07,61.42,1
/Users/dharamkar.1/Library/CloudStorage/OneDrive-TheOhioStateUniversity/VSCode_image_processing_project/data/Step2_output/enhanced_sample_field/526.jpg,526,2.07,61.42,1
/Users/dharamkar.1/Library/CloudStorage/OneDrive-TheOhioStateUniversity/VSCode_image_processing_project/data/Step2_output/enhanced_sample_field/527.jpg,527,2.07,61.42,1
/Users/dharamkar.1/Library/CloudStorage/OneDrive-TheOhioStateUniversity/VSCode_image_processing_project/data/Step2_output/enhanced_sample_field/528.jpg,528,1.75,63.76,1
/Users/dharamkar.1/Library/CloudStorage/OneDrive-TheOhioStateUniversity/VSCode_image_processing_project/data/Step2_output/enhanced_sample_field/529.jpg,529,1.75,63.76,1
/Users/dharamkar.1/Library/CloudStorage/OneDrive-TheOhioStateUniversity/VSCode_image_processing_project/data/Step2_output/enhanced_sample_field/530.jpg,530,1.75,63.76,1
/Users/dharamkar.1/Library/CloudStorage/OneDrive-TheOhioStateUniversity/VSCode_image_processing_project/data/Step2_output/enhanced_sample_field/531.jpg,531,1.75,63.76,1
/Users/dharamkar.1/Library/CloudStorage/OneDrive-TheOhioStateUniversity/VSCode_image_processing_project/data/Step2_output/enhanced_sample_field/532.jpg,532,1.75,63.76,1
/Users/dharamkar.1/Library/CloudStorage/OneDrive-TheOhioStateUniversity/VSCode_image_processing_project/data/Step2_output/enhanced_sample_field/533.jpg,533,1.75,63.76,1
/Users/dharamkar.1/Library/CloudStorage/OneDrive-TheOhioStateUniversity/VSCode_image_processing_project/data/Step2_output/enhanced_sample_field/534.jpg,534,2.66,60.57,1
/Users/dharamkar.1/Library/CloudStorage/OneDrive-TheOhioStateUniversity/VSCode_image_processing_project/data/Step2_output/enhanced_sample_field/535.jpg,535,2.66,60.57,1
/Users/dharamkar.1/Library/CloudStorage/OneDrive-TheOhioStateUniversity/VSCode_image_processing_project/data/Step2_output/enhanced_sample_field/536.jpg,536,2.66,60.57,1
/Users/dharamkar.1/Library/CloudStorage/OneDrive-TheOhioStateUniversity/VSCode_image_processing_project/data/Step2_output/enhanced_sample_field/537.jpg,537,2.66,60.57,1
/Users/dharamkar.1/Library/CloudStorage/OneDrive-TheOhioStateUniversity/VSCode_image_processing_project/data/Step2_output/enhanced_sample_field/538.jpg,538,2.66,60.57,1
/Users/dharamkar.1/Library/CloudStorage/OneDrive-TheOhioStateUniversity/VSCode_image_processing_project/data/Step2_output/enhanced_sample_field/539.jpg,539,2.66,60.57,1
/Users/dharamkar.1/Library/CloudStorage/OneDrive-TheOhioStateUniversity/VSCode_image_processing_project/data/Step2_output/enhanced_sample_field/540.jpg,540,1.59,45.07,1
/Users/dharamkar.1/Library/CloudStorage/OneDrive-TheOhioStateUniversity/VSCode_image_processing_project/data/Step2_output/enhanced_sample_field/541.jpg,541,1.59,45.07,1
/Users/dharamkar.1/Library/CloudStorage/OneDrive-TheOhioStateUniversity/VSCode_image_processing_project/data/Step2_output/enhanced_sample_field/542.jpg,542,1.59,45.07,1
/Users/dharamkar.1/Library/CloudStorage/OneDrive-TheOhioStateUniversity/VSCode_image_processing_project/data/Step2_output/enhanced_sample_field/543.jpg,543,1.59,45.07,1
/Users/dharamkar.1/Library/CloudStorage/OneDrive-TheOhioStateUniversity/VSCode_image_processing_project/data/Step2_output/enhanced_sample_field/544.jpg,544,1.59,45.07,1
/Users/dharamkar.1/Library/CloudStorage/OneDrive-TheOhioStateUniversity/VSCode_image_processing_project/data/Step2_output/enhanced_sample_field/545.jpg,545,1.59,45.07,1
/Users/dharamkar.1/Library/CloudStorage/OneDrive-TheOhioStateUniversity/VSCode_image_processing_project/data/Step2_output/enhanced_sample_field/546.jpg,546,1.27,55.97,1
/Users/dharamkar.1/Library/CloudStorage/OneDrive-TheOhioStateUniversity/VSCode_image_processing_project/data/Step2_output/enhanced_sample_field/547.jpg,547,1.27,55.97,1
/Users/dharamkar.1/Library/CloudStorage/OneDrive-TheOhioStateUniversity/VSCode_image_processing_project/data/Step2_output/enhanced_sample_field/548.jpg,548,1.27,55.97,1
/Users/dharamkar.1/Library/CloudStorage/OneDrive-TheOhioStateUniversity/VSCode_image_processing_project/data/Step2_output/enhanced_sample_field/549.jpg,549,1.27,55.97,1
/Users/dharamkar.1/Library/CloudStorage/OneDrive-TheOhioStateUniversity/VSCode_image_processing_project/data/Step2_output/enhanced_sample_field/550.jpg,550,1.27,55.97,1
/Users/dharamkar.1/Library/CloudStorage/OneDrive-TheOhioStateUniversity/VSCode_image_processing_project/data/Step2_output/enhanced_sample_field/551.jpg,551,2.51,4.44,2
/Users/dharamkar.1/Library/CloudStorage/OneDrive-TheOhioStateUniversity/VSCode_image_processing_project/data/Step2_output/enhanced_sample_field/552.jpg,552,2.51,4.44,2
/Users/dharamkar.1/Library/CloudStorage/OneDrive-TheOhioStateUniversity/VSCode_image_processing_project/data/Step2_output/enhanced_sample_field/553.jpg,553,2.51,4.44,2
/Users/dharamkar.1/Library/CloudStorage/OneDrive-TheOhioStateUniversity/VSCode_image_processing_project/data/Step2_output/enhanced_sample_field/554.jpg,554,2.51,4.44,2
/Users/dharamkar.1/Library/CloudStorage/OneDrive-TheOhioStateUniversity/VSCode_image_processing_project/data/Step2_output/enhanced_sample_field/555.jpg,555,2.51,4.44,2
/Users/dharamkar.1/Library/CloudStorage/OneDrive-TheOhioStateUniversity/VSCode_image_processing_project/data/Step2_output/enhanced_sample_field/556.jpg,556,2.51,4.44,2
/Users/dharamkar.1/Library/CloudStorage/OneDrive-TheOhioStateUniversity/VSCode_image_processing_project/data/Step2_output/enhanced_sample_field/557.jpg,557,2.51,4.44,2
/Users/dharamkar.1/Library/CloudStorage/OneDrive-TheOhioStateUniversity/VSCode_image_processing_project/data/Step2_output/enhanced_sample_field/558.jpg,558,2.77,42.7,2
/Users/dharamkar.1/Library/CloudStorage/OneDrive-TheOhioStateUniversity/VSCode_image_processing_project/data/Step2_output/enhanced_sample_field/559.jpg,559,2.77,42.7,2
/Users/dharamkar.1/Library/CloudStorage/OneDrive-TheOhioStateUniversity/VSCode_image_processing_project/data/Step2_output/enhanced_sample_field/560.jpg,560,2.77,42.7,2
/Users/dharamkar.1/Library/CloudStorage/OneDrive-TheOhioStateUniversity/VSCode_image_processing_project/data/Step2_output/enhanced_sample_field/561.jpg,561,2.77,42.7,2
/Users/dharamkar.1/Library/CloudStorage/OneDrive-TheOhioStateUniversity/VSCode_image_processing_project/data/Step2_output/enhanced_sample_field/562.jpg,562,2.77,42.7,2
/Users/dharamkar.1/Library/CloudStorage/OneDrive-TheOhioStateUniversity/VSCode_image_processing_project/data/Step2_output/enhanced_sample_field/563.jpg,563,2.77,42.7,2
/Users/dharamkar.1/Library/CloudStorage/OneDrive-TheOhioStateUniversity/VSCode_image_processing_project/data/Step2_output/enhanced_sample_field/564.jpg,564,2.77,42.7,2
/Users/dharamkar.1/Library/CloudStorage/OneDrive-TheOhioStateUniversity/VSCode_image_processing_project/data/Step2_output/enhanced_sample_field/565.jpg,565,2.05,33.5,1
/Users/dharamkar.1/Library/CloudStorage/OneDrive-TheOhioStateUniversity/VSCode_image_processing_project/data/Step2_output/enhanced_sample_field/566.jpg,566,2.05,33.5,1
/Users/dharamkar.1/Library/CloudStorage/OneDrive-TheOhioStateUniversity/VSCode_image_processing_project/data/Step2_output/enhanced_sample_field/567.jpg,567,2.05,33.5,1
/Users/dharamkar.1/Library/CloudStorage/OneDrive-TheOhioStateUniversity/VSCode_image_processing_project/data/Step2_output/enhanced_sample_field/568.jpg,568,2.05,33.5,1
/Users/dharamkar.1/Library/CloudStorage/OneDrive-TheOhioStateUniversity/VSCode_image_processing_project/data/Step2_output/enhanced_sample_field/569.jpg,569,2.05,33.5,1
/Users/dharamkar.1/Library/CloudStorage/OneDrive-TheOhioStateUniversity/VSCode_image_processing_project/data/Step2_output/enhanced_sample_field/570.jpg,570,1.75,3.98,1
/Users/dharamkar.1/Library/CloudStorage/OneDrive-TheOhioStateUniversity/VSCode_image_processing_project/data/Step2_output/enhanced_sample_field/571.jpg,571,1.75,3.98,1
/Users/dharamkar.1/Library/CloudStorage/OneDrive-TheOhioStateUniversity/VSCode_image_processing_project/data/Step2_output/enhanced_sample_field/572.jpg,572,1.75,3.98,1
/Users/dharamkar.1/Library/CloudStorage/OneDrive-TheOhioStateUniversity/VSCode_image_processing_project/data/Step2_output/enhanced_sample_field/573.jpg,573,1.75,3.98,1
/Users/dharamkar.1/Library/CloudStorage/OneDrive-TheOhioStateUniversity/VSCode_image_processing_project/data/Step2_output/enhanced_sample_field/574.jpg,574,1.75,3.98,1
/Users/dharamkar.1/Library/CloudStorage/OneDrive-TheOhioStateUniversity/VSCode_image_processing_project/data/Step2_output/enhanced_sample_field/575.jpg,575,1.75,3.98,1
/Users/dharamkar.1/Library/CloudStorage/OneDrive-TheOhioStateUniversity/VSCode_image_processing_project/data/Step2_output/enhanced_sample_field/576.jpg,576,1.75,3.98,1
/Users/dharamkar.1/Library/CloudStorage/OneDrive-TheOhioStateUniversity/VSCode_image_processing_project/data/Step2_output/enhanced_sample_field/577.jpg,577,2.66,37.0,1
/Users/dharamkar.1/Library/CloudStorage/OneDrive-TheOhioStateUniversity/VSCode_image_processing_project/data/Step2_output/enhanced_sample_field/578.jpg,578,2.66,37.0,1
/Users/dharamkar.1/Library/CloudStorage/OneDrive-TheOhioStateUniversity/VSCode_image_processing_project/data/Step2_output/enhanced_sample_field/579.jpg,579,2.66,37.0,1
/Users/dharamkar.1/Library/CloudStorage/OneDrive-TheOhioStateUniversity/VSCode_image_processing_project/data/Step2_output/enhanced_sample_field/580.jpg,580,2.66,37.0,1
/Users/dharamkar.1/Library/CloudStorage/OneDrive-TheOhioStateUniversity/VSCode_image_processing_project/data/Step2_output/enhanced_sample_field/581.jpg,581,2.66,37.0,1
/Users/dharamkar.1/Library/CloudStorage/OneDrive-TheOhioStateUniversity/VSCode_image_processing_project/data/Step2_output/enhanced_sample_field/582.jpg,582,2.66,37.0,1
/Users/dharamkar.1/Library/CloudStorage/OneDrive-TheOhioStateUniversity/VSCode_image_processing_project/data/Step2_output/enhanced_sample_field/583.jpg,583,2.66,37.0,1
/Users/dharamkar.1/Library/CloudStorage/OneDrive-TheOhioStateUniversity/VSCode_image_processing_project/data/Step2_output/enhanced_sample_field/584.jpg,584,1.59,23.77,1
/Users/dharamkar.1/Library/CloudStorage/OneDrive-TheOhioStateUniversity/VSCode_image_processing_project/data/Step2_output/enhanced_sample_field/585.jpg,585,1.59,23.77,1
/Users/dharamkar.1/Library/CloudStorage/OneDrive-TheOhioStateUniversity/VSCode_image_processing_project/data/Step2_output/enhanced_sample_field/586.jpg,586,1.59,23.77,1
/Users/dharamkar.1/Library/CloudStorage/OneDrive-TheOhioStateUniversity/VSCode_image_processing_project/data/Step2_output/enhanced_sample_field/587.jpg,587,1.59,23.77,1
/Users/dharamkar.1/Library/CloudStorage/OneDrive-TheOhioStateUniversity/VSCode_image_processing_project/data/Step2_output/enhanced_sample_field/588.jpg,588,1.59,23.77,1
/Users/dharamkar.1/Library/CloudStorage/OneDrive-TheOhioStateUniversity/VSCode_image_processing_project/data/Step2_output/enhanced_sample_field/589.jpg,589,1.59,23.77,1
/Users/dharamkar.1/Library/CloudStorage/OneDrive-TheOhioStateUniversity/VSCode_image_processing_project/data/Step2_output/enhanced_sample_field/590.jpg,590,1.27,26.02,1
/Users/dharamkar.1/Library/CloudStorage/OneDrive-TheOhioStateUniversity/VSCode_image_processing_project/data/Step2_output/enhanced_sample_field/591.jpg,591,1.27,26.02,1
/Users/dharamkar.1/Library/CloudStorage/OneDrive-TheOhioStateUniversity/VSCode_image_processing_project/data/Step2_output/enhanced_sample_field/592.jpg,592,1.27,26.02,1
/Users/dharamkar.1/Library/CloudStorage/OneDrive-TheOhioStateUniversity/VSCode_image_processing_project/data/Step2_output/enhanced_sample_field/593.jpg,593,1.27,26.02,1
/Users/dharamkar.1/Library/CloudStorage/OneDrive-TheOhioStateUniversity/VSCode_image_processing_project/data/Step2_output/enhanced_sample_field/594.jpg,594,1.27,26.02,1
/Users/dharamkar.1/Library/CloudStorage/OneDrive-TheOhioStateUniversity/VSCode_image_processing_project/data/Step2_output/enhanced_sample_field/595.jpg,595,1.27,26.02,1
/Users/dharamkar.1/Library/CloudStorage/OneDrive-TheOhioStateUniversity/VSCode_image_processing_project/data/Step2_output/enhanced_sample_field/596.jpg,596,1.27,26.02,1
/Users/dharamkar.1/Library/CloudStorage/OneDrive-TheOhioStateUniversity/VSCode_image_processing_project/data/Step2_output/enhanced_sample_field/597.jpg,597,2.51,1.66,2
/Users/dharamkar.1/Library/CloudStorage/OneDrive-TheOhioStateUniversity/VSCode_image_processing_project/data/Step2_output/enhanced_sample_field/598.jpg,598,2.51,1.66,2
/Users/dharamkar.1/Library/CloudStorage/OneDrive-TheOhioStateUniversity/VSCode_image_processing_project/data/Step2_output/enhanced_sample_field/599.jpg,599,2.51,1.66,2
/Users/dharamkar.1/Library/CloudStorage/OneDrive-TheOhioStateUniversity/VSCode_image_processing_project/data/Step2_output/enhanced_sample_field/600.jpg,600,2.51,1.66,2
/Users/dharamkar.1/Library/CloudStorage/OneDrive-TheOhioStateUniversity/VSCode_image_processing_project/data/Step2_output/enhanced_sample_field/601.jpg,601,2.51,1.66,2
/Users/dharamkar.1/Library/CloudStorage/OneDrive-TheOhioStateUniversity/VSCode_image_processing_project/data/Step2_output/enhanced_sample_field/602.jpg,602,2.51,1.66,2
/Users/dharamkar.1/Library/CloudStorage/OneDrive-TheOhioStateUniversity/VSCode_image_processing_project/data/Step2_output/enhanced_sample_field/603.jpg,603,2.77,25.73,2
/Users/dharamkar.1/Library/CloudStorage/OneDrive-TheOhioStateUniversity/VSCode_image_processing_project/data/Step2_output/enhanced_sample_field/604.jpg,604,2.77,25.73,2
/Users/dharamkar.1/Library/CloudStorage/OneDrive-TheOhioStateUniversity/VSCode_image_processing_project/data/Step2_output/enhanced_sample_field/605.jpg,605,2.77,25.73,2
/Users/dharamkar.1/Library/CloudStorage/OneDrive-TheOhioStateUniversity/VSCode_image_processing_project/data/Step2_output/enhanced_sample_field/606.jpg,606,2.77,25.73,2
/Users/dharamkar.1/Library/CloudStorage/OneDrive-TheOhioStateUniversity/VSCode_image_processing_project/data/Step2_output/enhanced_sample_field/607.jpg,607,2.77,25.73,2
/Users/dharamkar.1/Library/CloudStorage/OneDrive-TheOhioStateUniversity/VSCode_image_processing_project/data/Step2_output/enhanced_sample_field/608.jpg,608,2.77,25.73,2
/Users/dharamkar.1/Library/CloudStorage/OneDrive-TheOhioStateUniversity/VSCode_image_processing_project/data/Step2_output/enhanced_sample_field/609.jpg,609,2.77,25.73,2
/Users/dharamkar.1/Library/CloudStorage/OneDrive-TheOhioStateUniversity/VSCode_image_processing_project/data/Step2_output/enhanced_sample_field/610.jpg,610,2.77,25.73,2
/Users/dharamkar.1/Library/CloudStorage/OneDrive-TheOhioStateUniversity/VSCode_image_processing_project/data/Step2_output/enhanced_sample_field/611.jpg,611,2.07,0.18,1
/Users/dharamkar.1/Library/CloudStorage/OneDrive-TheOhioStateUniversity/VSCode_image_processing_project/data/Step2_output/enhanced_sample_field/612.jpg,612,2.07,0.18,1
/Users/dharamkar.1/Library/CloudStorage/OneDrive-TheOhioStateUniversity/VSCode_image_processing_project/data/Step2_output/enhanced_sample_field/613.jpg,613,2.07,0.18,1
/Users/dharamkar.1/Library/CloudStorage/OneDrive-TheOhioStateUniversity/VSCode_image_processing_project/data/Step2_output/enhanced_sample_field/614.jpg,614,2.07,0.18,1
/Users/dharamkar.1/Library/CloudStorage/OneDrive-TheOhioStateUniversity/VSCode_image_processing_project/data/Step2_output/enhanced_sample_field/615.jpg,615,2.07,0.18,1
/Users/dharamkar.1/Library/CloudStorage/OneDrive-TheOhioStateUniversity/VSCode_image_processing_project/data/Step2_output/enhanced_sample_field/616.jpg,616,2.07,0.18,1
/Users/dharamkar.1/Library/CloudStorage/OneDrive-TheOhioStateUniversity/VSCode_image_processing_project/data/Step2_output/enhanced_sample_field/617.jpg,617,1.75,0.21,1
/Users/dharamkar.1/Library/CloudStorage/OneDrive-TheOhioStateUniversity/VSCode_image_processing_project/data/Step2_output/enhanced_sample_field/618.jpg,618,1.75,0.21,1
/Users/dharamkar.1/Library/CloudStorage/OneDrive-TheOhioStateUniversity/VSCode_image_processing_project/data/Step2_output/enhanced_sample_field/619.jpg,619,1.75,0.21,1
/Users/dharamkar.1/Library/CloudStorage/OneDrive-TheOhioStateUniversity/VSCode_image_processing_project/data/Step2_output/enhanced_sample_field/620.jpg,620,1.75,0.21,1
/Users/dharamkar.1/Library/CloudStorage/OneDrive-TheOhioStateUniversity/VSCode_image_processing_project/data/Step2_output/enhanced_sample_field/621.jpg,621,1.75,0.21,1
/Users/dharamkar.1/Library/CloudStorage/OneDrive-TheOhioStateUniversity/VSCode_image_processing_project/data/Step2_output/enhanced_sample_field/622.jpg,622,1.75,0.21,1
/Users/dharamkar.1/Library/CloudStorage/OneDrive-TheOhioStateUniversity/VSCode_image_processing_project/data/Step2_output/enhanced_sample_field/623.jpg,623,1.75,0.21,1
/Users/dharamkar.1/Library/CloudStorage/OneDrive-TheOhioStateUniversity/VSCode_image_processing_project/data/Step2_output/enhanced_sample_field/624.jpg,624,1.75,0.21,1
/Users/dharamkar.1/Library/CloudStorage/OneDrive-TheOhioStateUniversity/VSCode_image_processing_project/data/Step2_output/enhanced_sample_field/625.jpg,625,2.66,1.65,1
/Users/dharamkar.1/Library/CloudStorage/OneDrive-TheOhioStateUniversity/VSCode_image_processing_project/data/Step2_output/enhanced_sample_field/626.jpg,626,2.66,1.65,1
/Users/dharamkar.1/Library/CloudStorage/OneDrive-TheOhioStateUniversity/VSCode_image_processing_project/data/Step2_output/enhanced_sample_field/627.jpg,627,2.66,1.65,1
/Users/dharamkar.1/Library/CloudStorage/OneDrive-TheOhioStateUniversity/VSCode_image_processing_project/data/Step2_output/enhanced_sample_field/628.jpg,628,2.66,1.65,1
/Users/dharamkar.1/Library/CloudStorage/OneDrive-TheOhioStateUniversity/VSCode_image_processing_project/data/Step2_output/enhanced_sample_field/629.jpg,629,2.66,1.65,1
/Users/dharamkar.1/Library/CloudStorage/OneDrive-TheOhioStateUniversity/VSCode_image_processing_project/data/Step2_output/enhanced_sample_field/630.jpg,630,1.59,1.41,1
/Users/dharamkar.1/Library/CloudStorage/OneDrive-TheOhioStateUniversity/VSCode_image_processing_project/data/Step2_output/enhanced_sample_field/631.jpg,631,1.59,1.41,1
/Users/dharamkar.1/Library/CloudStorage/OneDrive-TheOhioStateUniversity/VSCode_image_processing_project/data/Step2_output/enhanced_sample_field/632.jpg,632,1.59,1.41,1
/Users/dharamkar.1/Library/CloudStorage/OneDrive-TheOhioStateUniversity/VSCode_image_processing_project/data/Step2_output/enhanced_sample_field/633.jpg,633,1.59,1.41,1
/Users/dharamkar.1/Library/CloudStorage/OneDrive-TheOhioStateUniversity/VSCode_image_processing_project/data/Step2_output/enhanced_sample_field/634.jpg,634,1.59,1.41,1
/Users/dharamkar.1/Library/CloudStorage/OneDrive-TheOhioStateUniversity/VSCode_image_processing_project/data/Step2_output/enhanced_sample_field/635.jpg,635,1.27,1.67,1
/Users/dharamkar.1/Library/CloudStorage/OneDrive-TheOhioStateUniversity/VSCode_image_processing_project/data/Step2_output/enhanced_sample_field/636.jpg,636,1.27,1.67,1
/Users/dharamkar.1/Library/CloudStorage/OneDrive-TheOhioStateUniversity/VSCode_image_processing_project/data/Step2_output/enhanced_sample_field/637.jpg,637,1.27,1.67,1
/Users/dharamkar.1/Library/CloudStorage/OneDrive-TheOhioStateUniversity/VSCode_image_processing_project/data/Step2_output/enhanced_sample_field/638.jpg,638,1.27,1.67,1
/Users/dharamkar.1/Library/CloudStorage/OneDrive-TheOhioStateUniversity/VSCode_image_processing_project/data/Step2_output/enhanced_sample_field/639.jpg,639,1.27,1.67,1
/Users/dharamkar.1/Library/CloudStorage/OneDrive-TheOhioStateUniversity/VSCode_image_processing_project/data/Step2_output/enhanced_sample_field/640.jpg,640,2.51,1.33,2
/Users/dharamkar.1/Library/CloudStorage/OneDrive-TheOhioStateUniversity/VSCode_image_processing_project/data/Step2_output/enhanced_sample_field/641.jpg,641,2.51,1.33,2
/Users/dharamkar.1/Library/CloudStorage/OneDrive-TheOhioStateUniversity/VSCode_image_processing_project/data/Step2_output/enhanced_sample_field/642.jpg,642,2.51,1.33,2
/Users/dharamkar.1/Library/CloudStorage/OneDrive-TheOhioStateUniversity/VSCode_image_processing_project/data/Step2_output/enhanced_sample_field/643.jpg,643,2.51,1.33,2
/Users/dharamkar.1/Library/CloudStorage/OneDrive-TheOhioStateUniversity/VSCode_image_processing_project/data/Step2_output/enhanced_sample_field/644.jpg,644,2.51,1.33,2
/Users/dharamkar.1/Library/CloudStorage/OneDrive-TheOhioStateUniversity/VSCode_image_processing_project/data/Step2_output/enhanced_sample_field/645.jpg,645,2.77,3.96,2
/Users/dharamkar.1/Library/CloudStorage/OneDrive-TheOhioStateUniversity/VSCode_image_processing_project/data/Step2_output/enhanced_sample_field/646.jpg,646,2.77,3.96,2
/Users/dharamkar.1/Library/CloudStorage/OneDrive-TheOhioStateUniversity/VSCode_image_processing_project/data/Step2_output/enhanced_sample_field/647.jpg,647,2.77,3.96,2
/Users/dharamkar.1/Library/CloudStorage/OneDrive-TheOhioStateUniversity/VSCode_image_processing_project/data/Step2_output/enhanced_sample_field/648.jpg,648,2.77,3.96,2
/Users/dharamkar.1/Library/CloudStorage/OneDrive-TheOhioStateUniversity/VSCode_image_processing_project/data/Step2_output/enhanced_sample_field/649.jpg,649,2.77,3.96,2
/Users/dharamkar.1/Library/CloudStorage/OneDrive-TheOhioStateUniversity/VSCode_image_processing_project/data/Step2_output/enhanced_sample_field/650.jpg,650,2.77,3.96,2
/Users/dharamkar.1/Library/CloudStorage/OneDrive-TheOhioStateUniversity/VSCode_image_processing_project/data/Step2_output/enhanced_sample_field/651.jpg,651,2.05,2.19,1
/Users/dharamkar.1/Library/CloudStorage/OneDrive-TheOhioStateUniversity/VSCode_image_processing_project/data/Step2_output/enhanced_sample_field/652.jpg,652,2.05,2.19,1
/Users/dharamkar.1/Library/CloudStorage/OneDrive-TheOhioStateUniversity/VSCode_image_processing_project/data/Step2_output/enhanced_sample_field/653.jpg,653,2.05,2.19,1
/Users/dharamkar.1/Library/CloudStorage/OneDrive-TheOhioStateUniversity/VSCode_image_processing_project/data/Step2_output/enhanced_sample_field/654.jpg,654,2.05,2.19,1
/Users/dharamkar.1/Library/CloudStorage/OneDrive-TheOhioStateUniversity/VSCode_image_processing_project/data/Step2_output/enhanced_sample_field/655.jpg,655,2.05,2.19,1
/Users/dharamkar.1/Library/CloudStorage/OneDrive-TheOhioStateUniversity/VSCode_image_processing_project/data/Step2_output/enhanced_sample_field/656.jpg,656,2.05,2.19,1
/Users/dharamkar.1/Library/CloudStorage/OneDrive-TheOhioStateUniversity/VSCode_image_processing_project/data/Step2_output/enhanced_sample_field/657.jpg,657,1.75,10.81,1
/Users/dharamkar.1/Library/CloudStorage/OneDrive-TheOhioStateUniversity/VSCode_image_processing_project/data/Step2_output/enhanced_sample_field/658.jpg,658,1.75,10.81,1
/Users/dharamkar.1/Library/CloudStorage/OneDrive-TheOhioStateUniversity/VSCode_image_processing_project/data/Step2_output/enhanced_sample_field/659.jpg,659,1.75,10.81,1
/Users/dharamkar.1/Library/CloudStorage/OneDrive-TheOhioStateUniversity/VSCode_image_processing_project/data/Step2_output/enhanced_sample_field/660.jpg,660,1.75,10.81,1
/Users/dharamkar.1/Library/CloudStorage/OneDrive-TheOhioStateUniversity/VSCode_image_processing_project/data/Step2_output/enhanced_sample_field/661.jpg,661,1.75,10.81,1
/Users/dharamkar.1/Library/CloudStorage/OneDrive-TheOhioStateUniversity/VSCode_image_processing_project/data/Step2_output/enhanced_sample_field/662.jpg,662,1.75,10.81,1
/Users/dharamkar.1/Library/CloudStorage/OneDrive-TheOhioStateUniversity/VSCode_image_processing_project/data/Step2_output/enhanced_sample_field/663.jpg,663,2.66,10.69,1
/Users/dharamkar.1/Library/CloudStorage/OneDrive-TheOhioStateUniversity/VSCode_image_processing_project/data/Step2_output/enhanced_sample_field/664.jpg,664,2.66,10.69,1
/Users/dharamkar.1/Library/CloudStorage/OneDrive-TheOhioStateUniversity/VSCode_image_processing_project/data/Step2_output/enhanced_sample_field/665.jpg,665,2.66,10.69,1
/Users/dharamkar.1/Library/CloudStorage/OneDrive-TheOhioStateUniversity/VSCode_image_processing_project/data/Step2_output/enhanced_sample_field/666.jpg,666,2.66,10.69,1
/Users/dharamkar.1/Library/CloudStorage/OneDrive-TheOhioStateUniversity/VSCode_image_processing_project/data/Step2_output/enhanced_sample_field/667.jpg,667,2.66,10.69,1
/Users/dharamkar.1/Library/CloudStorage/OneDrive-TheOhioStateUniversity/VSCode_image_processing_project/data/Step2_output/enhanced_sample_field/668.jpg,668,2.66,10.69,1
/Users/dharamkar.1/Library/CloudStorage/OneDrive-TheOhioStateUniversity/VSCode_image_processing_project/data/Step2_output/enhanced_sample_field/669.jpg,669,1.59,3.65,1
/Users/dharamkar.1/Library/CloudStorage/OneDrive-TheOhioStateUniversity/VSCode_image_processing_project/data/Step2_output/enhanced_sample_field/670.jpg,670,1.59,3.65,1
/Users/dharamkar.1/Library/CloudStorage/OneDrive-TheOhioStateUniversity/VSCode_image_processing_project/data/Step2_output/enhanced_sample_field/671.jpg,671,1.59,3.65,1
/Users/dharamkar.1/Library/CloudStorage/OneDrive-TheOhioStateUniversity/VSCode_image_processing_project/data/Step2_output/enhanced_sample_field/672.jpg,672,1.59,3.65,1
/Users/dharamkar.1/Library/CloudStorage/OneDrive-TheOhioStateUniversity/VSCode_image_processing_project/data/Step2_output/enhanced_sample_field/673.jpg,673,1.59,3.65,1
/Users/dharamkar.1/Library/CloudStorage/OneDrive-TheOhioStateUniversity/VSCode_image_processing_project/data/Step2_output/enhanced_sample_field/674.jpg,674,1.27,4.31,1
/Users/dharamkar.1/Library/CloudStorage/OneDrive-TheOhioStateUniversity/VSCode_image_processing_project/data/Step2_output/enhanced_sample_field/675.jpg,675,1.27,4.31,1
/Users/dharamkar.1/Library/CloudStorage/OneDrive-TheOhioStateUniversity/VSCode_image_processing_project/data/Step2_output/enhanced_sample_field/676.jpg,676,1.27,4.31,1
/Users/dharamkar.1/Library/CloudStorage/OneDrive-TheOhioStateUniversity/VSCode_image_processing_project/data/Step2_output/enhanced_sample_field/677.jpg,677,1.27,4.31,1
/Users/dharamkar.1/Library/CloudStorage/OneDrive-TheOhioStateUniversity/VSCode_image_processing_project/data/Step2_output/enhanced_sample_field/678.jpg,678,1.27,4.31,1
/Users/dharamkar.1/Library/CloudStorage/OneDrive-TheOhioStateUniversity/VSCode_image_processing_project/data/Step2_output/enhanced_sample_field/679.jpg,679,2.51,2.77,2
/Users/dharamkar.1/Library/CloudStorage/OneDrive-TheOhioStateUniversity/VSCode_image_processing_project/data/Step2_output/enhanced_sample_field/680.jpg,680,2.51,2.77,2
/Users/dharamkar.1/Library/CloudStorage/OneDrive-TheOhioStateUniversity/VSCode_image_processing_project/data/Step2_output/enhanced_sample_field/681.jpg,681,2.51,2.77,2
/Users/dharamkar.1/Library/CloudStorage/OneDrive-TheOhioStateUniversity/VSCode_image_processing_project/data/Step2_output/enhanced_sample_field/682.jpg,682,2.51,2.77,2
/Users/dharamkar.1/Library/CloudStorage/OneDrive-TheOhioStateUniversity/VSCode_image_processing_project/data/Step2_output/enhanced_sample_field/683.jpg,683,2.51,2.77,2
/Users/dharamkar.1/Library/CloudStorage/OneDrive-TheOhioStateUniversity/VSCode_image_processing_project/data/Step2_output/enhanced_sample_field/684.jpg,684,2.77,5.18,2
/Users/dharamkar.1/Library/CloudStorage/OneDrive-TheOhioStateUniversity/VSCode_image_processing_project/data/Step2_output/enhanced_sample_field/685.jpg,685,2.77,5.18,2
/Users/dharamkar.1/Library/CloudStorage/OneDrive-TheOhioStateUniversity/VSCode_image_processing_project/data/Step2_output/enhanced_sample_field/686.jpg,686,2.77,5.18,2
/Users/dharamkar.1/Library/CloudStorage/OneDrive-TheOhioStateUniversity/VSCode_image_processing_project/data/Step2_output/enhanced_sample_field/687.jpg,687,2.77,5.18,2
/Users/dharamkar.1/Library/CloudStorage/OneDrive-TheOhioStateUniversity/VSCode_image_processing_project/data/Step2_output/enhanced_sample_field/688.jpg,688,2.77,5.18,2
/Users/dharamkar.1/Library/CloudStorage/OneDrive-TheOhioStateUniversity/VSCode_image_processing_project/data/Step2_output/enhanced_sample_field/689.jpg,689,2.77,5.18,2
/Users/dharamkar.1/Library/CloudStorage/OneDrive-TheOhioStateUniversity/VSCode_image_processing_project/data/Step2_output/enhanced_sample_field/690.jpg,690,2.05,27.75,1
/Users/dharamkar.1/Library/CloudStorage/OneDrive-TheOhioStateUniversity/VSCode_image_processing_project/data/Step2_output/enhanced_sample_field/691.jpg,691,2.05,27.75,1
/Users/dharamkar.1/Library/CloudStorage/OneDrive-TheOhioStateUniversity/VSCode_image_processing_project/data/Step2_output/enhanced_sample_field/692.jpg,692,2.05,27.75,1
/Users/dharamkar.1/Library/CloudStorage/OneDrive-TheOhioStateUniversity/VSCode_image_processing_project/data/Step2_output/enhanced_sample_field/693.jpg,693,2.05,27.75,1
/Users/dharamkar.1/Library/CloudStorage/OneDrive-TheOhioStateUniversity/VSCode_image_processing_project/data/Step2_output/enhanced_sample_field/694.jpg,694,2.05,27.75,1
/Users/dharamkar.1/Library/CloudStorage/OneDrive-TheOhioStateUniversity/VSCode_image_processing_project/data/Step2_output/enhanced_sample_field/695.jpg,695,1.75,39.6,1
/Users/dharamkar.1/Library/CloudStorage/OneDrive-TheOhioStateUniversity/VSCode_image_processing_project/data/Step2_output/enhanced_sample_field/696.jpg,696,1.75,39.6,1
/Users/dharamkar.1/Library/CloudStorage/OneDrive-TheOhioStateUniversity/VSCode_image_processing_project/data/Step2_output/enhanced_sample_field/697.jpg,697,1.75,39.6,1
/Users/dharamkar.1/Library/CloudStorage/OneDrive-TheOhioStateUniversity/VSCode_image_processing_project/data/Step2_output/enhanced_sample_field/698.jpg,698,1.75,39.6,1
/Users/dharamkar.1/Library/CloudStorage/OneDrive-TheOhioStateUniversity/VSCode_image_processing_project/data/Step2_output/enhanced_sample_field/699.jpg,699,1.75,39.6,1
/Users/dharamkar.1/Library/CloudStorage/OneDrive-TheOhioStateUniversity/VSCode_image_processing_project/data/Step2_output/enhanced_sample_field/700.jpg,700,2.66,39.13,1
/Users/dharamkar.1/Library/CloudStorage/OneDrive-TheOhioStateUniversity/VSCode_image_processing_project/data/Step2_output/enhanced_sample_field/701.jpg,701,2.66,39.13,1
/Users/dharamkar.1/Library/CloudStorage/OneDrive-TheOhioStateUniversity/VSCode_image_processing_project/data/Step2_output/enhanced_sample_field/702.jpg,702,2.66,39.13,1
/Users/dharamkar.1/Library/CloudStorage/OneDrive-TheOhioStateUniversity/VSCode_image_processing_project/data/Step2_output/enhanced_sample_field/703.jpg,703,2.66,39.13,1
/Users/dharamkar.1/Library/CloudStorage/OneDrive-TheOhioStateUniversity/VSCode_image_processing_project/data/Step2_output/enhanced_sample_field/704.jpg,704,2.66,39.13,1
/Users/dharamkar.1/Library/CloudStorage/OneDrive-TheOhioStateUniversity/VSCode_image_processing_project/data/Step2_output/enhanced_sample_field/705.jpg,705,1.59,29.25,1
/Users/dharamkar.1/Library/CloudStorage/OneDrive-TheOhioStateUniversity/VSCode_image_processing_project/data/Step2_output/enhanced_sample_field/706.jpg,706,1.59,29.25,1
/Users/dharamkar.1/Library/CloudStorage/OneDrive-TheOhioStateUniversity/VSCode_image_processing_project/data/Step2_output/enhanced_sample_field/707.jpg,707,1.59,29.25,1
/Users/dharamkar.1/Library/CloudStorage/OneDrive-TheOhioStateUniversity/VSCode_image_processing_project/data/Step2_output/enhanced_sample_field/708.jpg,708,1.59,29.25,1
/Users/dharamkar.1/Library/CloudStorage/OneDrive-TheOhioStateUniversity/VSCode_image_processing_project/data/Step2_output/enhanced_sample_field/709.jpg,709,1.59,29.25,1
/Users/dharamkar.1/Library/CloudStorage/OneDrive-TheOhioStateUniversity/VSCode_image_processing_project/data/Step2_output/enhanced_sample_field/710.jpg,710,1.59,29.25,1
/Users/dharamkar.1/Library/CloudStorage/OneDrive-TheOhioStateUniversity/VSCode_image_processing_project/data/Step2_output/enhanced_sample_field/711.jpg,711,1.59,29.25,1
/Users/dharamkar.1/Library/CloudStorage/OneDrive-TheOhioStateUniversity/VSCode_image_processing_project/data/Step2_output/enhanced_sample_field/712.jpg,712,1.27,29.5,1
/Users/dharamkar.1/Library/CloudStorage/OneDrive-TheOhioStateUniversity/VSCode_image_processing_project/data/Step2_output/enhanced_sample_field/713.jpg,713,1.27,29.5,1
/Users/dharamkar.1/Library/CloudStorage/OneDrive-TheOhioStateUniversity/VSCode_image_processing_project/data/Step2_output/enhanced_sample_field/714.jpg,714,1.27,29.5,1
/Users/dharamkar.1/Library/CloudStorage/OneDrive-TheOhioStateUniversity/VSCode_image_processing_project/data/Step2_output/enhanced_sample_field/715.jpg,715,1.27,29.5,1
/Users/dharamkar.1/Library/CloudStorage/OneDrive-TheOhioStateUniversity/VSCode_image_processing_project/data/Step2_output/enhanced_sample_field/716.jpg,716,1.27,29.5,1
/Users/dharamkar.1/Library/CloudStorage/OneDrive-TheOhioStateUniversity/VSCode_image_processing_project/data/Step2_output/enhanced_sample_field/717.jpg,717,1.27,29.5,1
/Users/dharamkar.1/Library/CloudStorage/OneDrive-TheOhioStateUniversity/VSCode_image_processing_project/data/Step2_output/enhanced_sample_field/718.jpg,718,1.27,29.5,1
/Users/dharamkar.1/Library/CloudStorage/OneDrive-TheOhioStateUniversity/VSCode_image_processing_project/data/Step2_output/enhanced_sample_field/719.jpg,719,2.51,21.72,2
/Users/dharamkar.1/Library/CloudStorage/OneDrive-TheOhioStateUniversity/VSCode_image_processing_project/data/Step2_output/enhanced_sample_field/720.jpg,720,2.51,21.72,2
/Users/dharamkar.1/Library/CloudStorage/OneDrive-TheOhioStateUniversity/VSCode_image_processing_project/data/Step2_output/enhanced_sample_field/721.jpg,721,2.51,21.72,2
/Users/dharamkar.1/Library/CloudStorage/OneDrive-TheOhioStateUniversity/VSCode_image_processing_project/data/Step2_output/enhanced_sample_field/722.jpg,722,2.51,21.72,2
/Users/dharamkar.1/Library/CloudStorage/OneDrive-TheOhioStateUniversity/VSCode_image_processing_project/data/Step2_output/enhanced_sample_field/723.jpg,723,2.51,21.72,2
/Users/dharamkar.1/Library/CloudStorage/OneDrive-TheOhioStateUniversity/VSCode_image_processing_project/data/Step2_output/enhanced_sample_field/724.jpg,724,2.51,21.72,2
/Users/dharamkar.1/Library/CloudStorage/OneDrive-TheOhioStateUniversity/VSCode_image_processing_project/data/Step2_output/enhanced_sample_field/725.jpg,725,2.77,27.98,2
/Users/dharamkar.1/Library/CloudStorage/OneDrive-TheOhioStateUniversity/VSCode_image_processing_project/data/Step2_output/enhanced_sample_field/726.jpg,726,2.77,27.98,2
/Users/dharamkar.1/Library/CloudStorage/OneDrive-TheOhioStateUniversity/VSCode_image_processing_project/data/Step2_output/enhanced_sample_field/727.jpg,727,2.77,27.98,2
/Users/dharamkar.1/Library/CloudStorage/OneDrive-TheOhioStateUniversity/VSCode_image_processing_project/data/Step2_output/enhanced_sample_field/728.jpg,728,2.77,27.98,2
/Users/dharamkar.1/Library/CloudStorage/OneDrive-TheOhioStateUniversity/VSCode_image_processing_project/data/Step2_output/enhanced_sample_field/729.jpg,729,2.77,27.98,2
/Users/dharamkar.1/Library/CloudStorage/OneDrive-TheOhioStateUniversity/VSCode_image_processing_project/data/Step2_output/enhanced_sample_field/730.jpg,730,2.77,27.98,2
/Users/dharamkar.1/Library/CloudStorage/OneDrive-TheOhioStateUniversity/VSCode_image_processing_project/data/Step2_output/enhanced_sample_field/731.jpg,731,2.77,27.98,2
